row_id,vader_full,vader_trunc,bert_stars_full,bert_stars_trunc,bert_full,bert_trunc
0,Positive,Positive,5,5,Positive,Positive
1,Positive,Positive,5,5,Positive,Positive
2,Positive,Positive,5,5,Positive,Positive
3,Neutral,Neutral,5,5,Positive,Positive
4,Positive,Positive,3,2,Neutral,Negative
5,Positive,Positive,5,5,Positive,Positive
6,Positive,Positive,4,4,Positive,Positive
7,Positive,Positive,4,4,Positive,Positive
8,Positive,Positive,3,3,Neutral,Neutral
9,Negative,Negative,1,1,Negative,Negative
10,Negative,Negative,2,2,Negative,Negative
11,Positive,Positive,3,3,Neutral,Neutral
12,Positive,Positive,5,5,Positive,Positive
13,Positive,Positive,4,4,Positive,Positive
14,Positive,Positive,5,5,Positive,Positive
15,Positive,Positive,5,5,Positive,Positive
16,Positive,Positive,5,5,Positive,Positive
17,Negative,Negative,2,2,Negative,Negative
18,Positive,Positive,3,3,Neutral,Neutral
19,Negative,Negative,1,1,Negative,Negative
20,Positive,Positive,2,4,Negative,Positive
21,Negative,Positive,2,2,Negative,Negative
22,Positive,Positive,5,5,Positive,Positive
23,Positive,Positive,4,4,Positive,Positive
24,Positive,Positive,5,5,Positive,Positive
25,Positive,Positive,4,4,Positive,Positive
26,Neutral,Neutral,4,4,Positive,Positive
27,Negative,Negative,2,3,Negative,Neutral
28,Negative,Negative,4,4,Positive,Positive
29,Positive,Positive,4,4,Positive,Positive
30,Positive,Positive,5,5,Positive,Positive
31,Positive,Positive,5,5,Positive,Positive
32,Positive,Positive,4,4,Positive,Positive
33,Positive,Positive,4,4,Positive,Positive
34,Positive,Negative,3,2,Neutral,Negative
35,Positive,Positive,5,5,Positive,Positive
36,Positive,Positive,5,5,Positive,Positive
37,Negative,Positive,2,2,Negative,Negative
38,Positive,Positive,4,4,Positive,Positive
39,Negative,Negative,5,5,Positive,Positive
40,Negative,Negative,1,1,Negative,Negative
41,Positive,Positive,4,4,Positive,Positive
42,Positive,Positive,5,5,Positive,Positive
43,Neutral,Neutral,1,1,Negative,Negative
44,Positive,Positive,4,4,Positive,Positive
45,Positive,Positive,5,5,Positive,Positive
46,Negative,Negative,2,2,Negative,Negative
47,Neutral,Neutral,4,4,Positive,Positive
48,Positive,Positive,4,4,Positive,Positive
49,Negative,Positive,2,2,Negative,Negative
50,Positive,Positive,3,3,Neutral,Neutral
51,Positive,Positive,4,4,Positive,Positive
52,Positive,Positive,5,5,Positive,Positive
53,Positive,Positive,4,4,Positive,Positive
54,Positive,Positive,3,4,Neutral,Positive
55,Positive,Positive,5,5,Positive,Positive
56,Negative,Negative,2,2,Negative,Negative
57,Positive,Positive,5,5,Positive,Positive
58,Positive,Negative,1,1,Negative,Negative
59,Positive,Positive,5,5,Positive,Positive
60,Negative,Negative,2,2,Negative,Negative
61,Positive,Positive,2,2,Negative,Negative
62,Negative,Negative,3,3,Neutral,Neutral
63,Positive,Positive,5,5,Positive,Positive
64,Negative,Negative,3,3,Neutral,Neutral
65,Positive,Positive,2,2,Negative,Negative
66,Negative,Negative,2,2,Negative,Negative
67,Negative,Negative,2,2,Negative,Negative
68,Positive,Positive,4,4,Positive,Positive
69,Positive,Positive,5,5,Positive,Positive
70,Positive,Positive,1,1,Negative,Negative
71,Positive,Positive,5,5,Positive,Positive
72,Positive,Positive,5,5,Positive,Positive
73,Positive,Positive,3,4,Neutral,Positive
74,Negative,Negative,2,1,Negative,Negative
75,Positive,Positive,4,4,Positive,Positive
76,Negative,Negative,2,2,Negative,Negative
77,Positive,Positive,3,3,Neutral,Neutral
78,Negative,Negative,2,2,Negative,Negative
79,Negative,Negative,1,1,Negative,Negative
80,Positive,Positive,4,4,Positive,Positive
81,Negative,Negative,1,1,Negative,Negative
82,Positive,Positive,2,2,Negative,Negative
83,Positive,Positive,5,5,Positive,Positive
84,Positive,Positive,5,5,Positive,Positive
85,Neutral,Neutral,4,4,Positive,Positive
86,Positive,Positive,5,5,Positive,Positive
87,Positive,Positive,4,4,Positive,Positive
88,Positive,Positive,4,4,Positive,Positive
89,Positive,Positive,5,5,Positive,Positive
90,Negative,Positive,2,2,Negative,Negative
91,Positive,Positive,4,5,Positive,Positive
92,Positive,Positive,5,5,Positive,Positive
93,Positive,Positive,3,3,Neutral,Neutral
94,Negative,Negative,1,1,Negative,Negative
95,Positive,Positive,5,4,Positive,Positive
96,Positive,Positive,4,4,Positive,Positive
97,Neutral,Neutral,1,1,Negative,Negative
98,Positive,Positive,5,5,Positive,Positive
99,Negative,Negative,1,1,Negative,Negative
100,Negative,Negative,1,1,Negative,Negative
101,Positive,Positive,2,2,Negative,Negative
102,Negative,Negative,1,1,Negative,Negative
103,Positive,Positive,5,5,Positive,Positive
104,Negative,Negative,2,2,Negative,Negative
105,Positive,Positive,4,4,Positive,Positive
106,Negative,Negative,2,2,Negative,Negative
107,Negative,Negative,4,5,Positive,Positive
108,Negative,Negative,1,1,Negative,Negative
109,Negative,Negative,1,5,Negative,Positive
110,Negative,Negative,2,2,Negative,Negative
111,Positive,Positive,5,5,Positive,Positive
112,Positive,Positive,4,4,Positive,Positive
113,Negative,Negative,2,2,Negative,Negative
114,Positive,Positive,5,5,Positive,Positive
115,Negative,Negative,2,2,Negative,Negative
116,Negative,Negative,4,4,Positive,Positive
117,Negative,Negative,2,2,Negative,Negative
118,Positive,Positive,5,5,Positive,Positive
119,Negative,Negative,1,1,Negative,Negative
120,Negative,Negative,1,1,Negative,Negative
121,Positive,Positive,1,1,Negative,Negative
122,Positive,Positive,4,4,Positive,Positive
123,Negative,Negative,1,1,Negative,Negative
124,Negative,Negative,2,2,Negative,Negative
125,Positive,Positive,5,5,Positive,Positive
126,Positive,Positive,4,4,Positive,Positive
127,Positive,Positive,5,5,Positive,Positive
128,Positive,Positive,4,4,Positive,Positive
129,Negative,Negative,1,1,Negative,Negative
130,Positive,Positive,3,3,Neutral,Neutral
131,Positive,Positive,5,5,Positive,Positive
132,Negative,Negative,1,1,Negative,Negative
133,Positive,Positive,5,5,Positive,Positive
134,Positive,Positive,5,5,Positive,Positive
135,Positive,Positive,5,5,Positive,Positive
136,Negative,Negative,2,2,Negative,Negative
137,Negative,Negative,1,1,Negative,Negative
138,Positive,Positive,5,5,Positive,Positive
139,Positive,Positive,5,5,Positive,Positive
140,Positive,Positive,2,2,Negative,Negative
141,Positive,Positive,4,4,Positive,Positive
142,Negative,Negative,1,1,Negative,Negative
143,Negative,Negative,4,4,Positive,Positive
144,Positive,Positive,5,5,Positive,Positive
145,Positive,Positive,5,5,Positive,Positive
146,Negative,Negative,1,1,Negative,Negative
147,Negative,Negative,4,4,Positive,Positive
148,Positive,Positive,3,5,Neutral,Positive
149,Positive,Positive,5,5,Positive,Positive
150,Negative,Negative,1,1,Negative,Negative
151,Positive,Positive,4,4,Positive,Positive
152,Positive,Positive,4,4,Positive,Positive
153,Negative,Negative,1,1,Negative,Negative
154,Positive,Positive,2,2,Negative,Negative
155,Positive,Positive,4,4,Positive,Positive
156,Positive,Positive,2,2,Negative,Negative
157,Positive,Positive,5,5,Positive,Positive
158,Negative,Negative,1,1,Negative,Negative
159,Negative,Negative,5,5,Positive,Positive
160,Negative,Negative,2,1,Negative,Negative
161,Negative,Negative,1,1,Negative,Negative
162,Negative,Negative,2,2,Negative,Negative
163,Positive,Positive,4,4,Positive,Positive
164,Negative,Negative,5,2,Positive,Negative
165,Positive,Positive,5,5,Positive,Positive
166,Negative,Negative,4,4,Positive,Positive
167,Positive,Negative,1,1,Negative,Negative
168,Negative,Negative,2,2,Negative,Negative
169,Positive,Positive,4,4,Positive,Positive
170,Positive,Positive,5,5,Positive,Positive
171,Negative,Negative,5,5,Positive,Positive
172,Positive,Positive,5,5,Positive,Positive
173,Negative,Negative,4,4,Positive,Positive
174,Positive,Positive,1,1,Negative,Negative
175,Negative,Negative,2,2,Negative,Negative
176,Negative,Negative,4,4,Positive,Positive
177,Positive,Positive,2,2,Negative,Negative
178,Negative,Negative,1,1,Negative,Negative
179,Positive,Positive,3,3,Neutral,Neutral
180,Positive,Positive,5,5,Positive,Positive
181,Negative,Negative,5,5,Positive,Positive
182,Positive,Positive,4,4,Positive,Positive
183,Positive,Positive,5,4,Positive,Positive
184,Negative,Negative,5,5,Positive,Positive
185,Positive,Positive,5,5,Positive,Positive
186,Positive,Positive,5,5,Positive,Positive
187,Negative,Negative,5,5,Positive,Positive
188,Negative,Negative,3,4,Neutral,Positive
189,Positive,Positive,3,3,Neutral,Neutral
190,Negative,Negative,1,1,Negative,Negative
191,Positive,Positive,4,4,Positive,Positive
192,Positive,Positive,4,4,Positive,Positive
193,Negative,Negative,1,1,Negative,Negative
194,Positive,Positive,5,5,Positive,Positive
195,Positive,Positive,4,4,Positive,Positive
196,Negative,Negative,3,3,Neutral,Neutral
197,Negative,Negative,1,1,Negative,Negative
198,Negative,Negative,5,5,Positive,Positive
199,Negative,Negative,2,2,Negative,Negative
200,Positive,Positive,4,4,Positive,Positive
201,Positive,Positive,5,5,Positive,Positive
202,Positive,Positive,5,5,Positive,Positive
203,Positive,Positive,2,2,Negative,Negative
204,Positive,Positive,5,4,Positive,Positive
205,Positive,Positive,5,5,Positive,Positive
206,Positive,Positive,5,5,Positive,Positive
207,Positive,Positive,5,5,Positive,Positive
208,Positive,Positive,2,2,Negative,Negative
209,Negative,Positive,1,5,Negative,Positive
210,Positive,Positive,4,4,Positive,Positive
211,Positive,Positive,5,5,Positive,Positive
212,Negative,Negative,1,1,Negative,Negative
213,Positive,Positive,3,3,Neutral,Neutral
214,Negative,Negative,1,1,Negative,Negative
215,Negative,Negative,1,1,Negative,Negative
216,Negative,Negative,1,1,Negative,Negative
217,Positive,Positive,4,4,Positive,Positive
218,Positive,Positive,5,5,Positive,Positive
219,Positive,Positive,5,5,Positive,Positive
220,Positive,Positive,5,5,Positive,Positive
221,Positive,Positive,2,2,Negative,Negative
222,Positive,Positive,4,4,Positive,Positive
223,Negative,Negative,1,1,Negative,Negative
224,Positive,Positive,5,5,Positive,Positive
225,Positive,Positive,5,5,Positive,Positive
226,Positive,Positive,5,5,Positive,Positive
227,Positive,Positive,3,2,Neutral,Negative
228,Positive,Positive,4,4,Positive,Positive
229,Positive,Positive,2,2,Negative,Negative
230,Positive,Positive,5,5,Positive,Positive
231,Positive,Positive,4,4,Positive,Positive
232,Negative,Negative,3,3,Neutral,Neutral
233,Positive,Positive,4,4,Positive,Positive
234,Negative,Negative,1,1,Negative,Negative
235,Positive,Positive,4,4,Positive,Positive
236,Negative,Negative,1,1,Negative,Negative
237,Positive,Positive,3,4,Neutral,Positive
238,Positive,Positive,4,4,Positive,Positive
239,Negative,Negative,3,3,Neutral,Neutral
240,Negative,Negative,2,4,Negative,Positive
241,Negative,Negative,5,5,Positive,Positive
242,Positive,Positive,3,3,Neutral,Neutral
243,Negative,Negative,4,4,Positive,Positive
244,Positive,Positive,4,4,Positive,Positive
245,Positive,Positive,5,5,Positive,Positive
246,Positive,Positive,3,3,Neutral,Neutral
247,Positive,Positive,4,4,Positive,Positive
248,Negative,Negative,1,1,Negative,Negative
249,Positive,Positive,4,4,Positive,Positive
250,Positive,Positive,2,2,Negative,Negative
251,Positive,Positive,3,3,Neutral,Neutral
252,Positive,Positive,5,4,Positive,Positive
253,Positive,Positive,3,3,Neutral,Neutral
254,Positive,Positive,4,4,Positive,Positive
255,Positive,Positive,5,5,Positive,Positive
256,Negative,Negative,5,5,Positive,Positive
257,Positive,Positive,5,5,Positive,Positive
258,Positive,Positive,1,1,Negative,Negative
259,Positive,Positive,5,5,Positive,Positive
260,Positive,Positive,3,3,Neutral,Neutral
261,Positive,Negative,2,5,Negative,Positive
262,Positive,Positive,4,4,Positive,Positive
263,Positive,Positive,4,4,Positive,Positive
264,Positive,Positive,3,3,Neutral,Neutral
265,Neutral,Neutral,5,5,Positive,Positive
266,Negative,Negative,3,3,Neutral,Neutral
267,Neutral,Neutral,5,5,Positive,Positive
268,Positive,Positive,5,5,Positive,Positive
269,Positive,Positive,5,5,Positive,Positive
270,Positive,Positive,5,4,Positive,Positive
271,Positive,Positive,5,5,Positive,Positive
272,Negative,Negative,1,1,Negative,Negative
273,Negative,Negative,5,5,Positive,Positive
274,Negative,Negative,1,1,Negative,Negative
275,Positive,Positive,4,3,Positive,Neutral
276,Negative,Negative,4,4,Positive,Positive
277,Positive,Positive,5,5,Positive,Positive
278,Positive,Neutral,2,2,Negative,Negative
279,Positive,Positive,4,4,Positive,Positive
280,Positive,Positive,4,4,Positive,Positive
281,Positive,Positive,5,5,Positive,Positive
282,Positive,Positive,2,1,Negative,Negative
283,Positive,Positive,4,4,Positive,Positive
284,Negative,Negative,2,2,Negative,Negative
285,Negative,Negative,1,1,Negative,Negative
286,Negative,Negative,2,2,Negative,Negative
287,Negative,Negative,4,3,Positive,Neutral
288,Positive,Positive,4,4,Positive,Positive
289,Positive,Negative,1,1,Negative,Negative
290,Neutral,Neutral,5,5,Positive,Positive
291,Positive,Positive,2,2,Negative,Negative
292,Positive,Positive,4,4,Positive,Positive
293,Positive,Positive,4,4,Positive,Positive
294,Neutral,Neutral,1,1,Negative,Negative
295,Positive,Positive,1,2,Negative,Negative
296,Positive,Positive,5,5,Positive,Positive
297,Negative,Negative,1,1,Negative,Negative
298,Positive,Positive,4,1,Positive,Negative
299,Positive,Positive,5,5,Positive,Positive
300,Positive,Positive,2,2,Negative,Negative
301,Negative,Negative,1,1,Negative,Negative
302,Negative,Negative,1,1,Negative,Negative
303,Negative,Negative,3,3,Neutral,Neutral
304,Negative,Negative,2,2,Negative,Negative
305,Negative,Negative,2,2,Negative,Negative
306,Positive,Positive,5,5,Positive,Positive
307,Positive,Positive,5,5,Positive,Positive
308,Neutral,Neutral,2,2,Negative,Negative
309,Negative,Positive,1,1,Negative,Negative
310,Positive,Positive,4,4,Positive,Positive
311,Positive,Negative,4,5,Positive,Positive
312,Positive,Positive,5,5,Positive,Positive
313,Positive,Positive,4,4,Positive,Positive
314,Positive,Negative,4,1,Positive,Negative
315,Positive,Positive,1,1,Negative,Negative
316,Negative,Negative,3,2,Neutral,Negative
317,Positive,Positive,2,2,Negative,Negative
318,Positive,Positive,5,5,Positive,Positive
319,Positive,Positive,5,5,Positive,Positive
320,Negative,Negative,1,1,Negative,Negative
321,Positive,Positive,4,4,Positive,Positive
322,Neutral,Negative,2,2,Negative,Negative
323,Negative,Negative,1,1,Negative,Negative
324,Positive,Positive,2,2,Negative,Negative
325,Positive,Positive,4,4,Positive,Positive
326,Positive,Positive,1,1,Negative,Negative
327,Positive,Negative,3,3,Neutral,Neutral
328,Positive,Positive,2,2,Negative,Negative
329,Positive,Positive,2,2,Negative,Negative
330,Positive,Positive,5,5,Positive,Positive
331,Positive,Positive,1,1,Negative,Negative
332,Positive,Positive,5,4,Positive,Positive
333,Negative,Negative,3,3,Neutral,Neutral
334,Negative,Negative,3,3,Neutral,Neutral
335,Positive,Positive,4,4,Positive,Positive
336,Neutral,Neutral,5,5,Positive,Positive
337,Positive,Neutral,2,2,Negative,Negative
338,Positive,Positive,4,4,Positive,Positive
339,Positive,Positive,4,4,Positive,Positive
340,Negative,Negative,1,1,Negative,Negative
341,Positive,Positive,4,4,Positive,Positive
342,Positive,Positive,5,5,Positive,Positive
343,Negative,Negative,1,1,Negative,Negative
344,Positive,Negative,5,1,Positive,Negative
345,Positive,Positive,5,5,Positive,Positive
346,Positive,Positive,5,5,Positive,Positive
347,Positive,Positive,4,4,Positive,Positive
348,Negative,Negative,1,2,Negative,Negative
349,Positive,Positive,4,4,Positive,Positive
350,Negative,Negative,2,2,Negative,Negative
351,Neutral,Neutral,4,4,Positive,Positive
352,Negative,Negative,2,2,Negative,Negative
353,Positive,Positive,4,4,Positive,Positive
354,Negative,Negative,1,1,Negative,Negative
355,Neutral,Neutral,5,5,Positive,Positive
356,Positive,Positive,5,5,Positive,Positive
357,Positive,Positive,5,5,Positive,Positive
358,Positive,Positive,4,4,Positive,Positive
359,Positive,Positive,4,4,Positive,Positive
360,Negative,Negative,4,4,Positive,Positive
361,Positive,Positive,3,3,Neutral,Neutral
362,Negative,Negative,1,1,Negative,Negative
363,Positive,Positive,5,5,Positive,Positive
364,Positive,Positive,4,4,Positive,Positive
365,Positive,Positive,3,3,Neutral,Neutral
366,Positive,Positive,2,2,Negative,Negative
367,Positive,Positive,4,4,Positive,Positive
368,Negative,Negative,5,5,Positive,Positive
369,Negative,Negative,2,2,Negative,Negative
370,Positive,Positive,2,2,Negative,Negative
371,Positive,Positive,4,4,Positive,Positive
372,Positive,Negative,2,3,Negative,Neutral
373,Negative,Negative,2,2,Negative,Negative
374,Positive,Positive,4,4,Positive,Positive
375,Positive,Positive,3,3,Neutral,Neutral
376,Negative,Negative,1,2,Negative,Negative
377,Negative,Negative,5,5,Positive,Positive
378,Negative,Negative,1,1,Negative,Negative
379,Positive,Positive,4,4,Positive,Positive
380,Positive,Positive,5,5,Positive,Positive
381,Positive,Positive,5,5,Positive,Positive
382,Positive,Positive,4,4,Positive,Positive
383,Negative,Negative,2,2,Negative,Negative
384,Negative,Negative,1,2,Negative,Negative
385,Negative,Negative,1,1,Negative,Negative
386,Positive,Positive,4,4,Positive,Positive
387,Neutral,Neutral,1,1,Negative,Negative
388,Positive,Positive,5,5,Positive,Positive
389,Positive,Positive,4,4,Positive,Positive
390,Positive,Positive,5,5,Positive,Positive
391,Positive,Positive,2,2,Negative,Negative
392,Neutral,Neutral,5,5,Positive,Positive
393,Positive,Positive,4,4,Positive,Positive
394,Negative,Negative,4,4,Positive,Positive
395,Positive,Positive,5,5,Positive,Positive
396,Positive,Positive,5,5,Positive,Positive
397,Positive,Positive,4,4,Positive,Positive
398,Positive,Positive,5,5,Positive,Positive
399,Negative,Positive,5,5,Positive,Positive
400,Positive,Positive,4,4,Positive,Positive
401,Positive,Positive,4,4,Positive,Positive
402,Positive,Positive,4,4,Positive,Positive
403,Negative,Negative,4,4,Positive,Positive
404,Positive,Positive,4,4,Positive,Positive
405,Positive,Positive,5,5,Positive,Positive
406,Positive,Positive,1,1,Negative,Negative
407,Negative,Negative,1,1,Negative,Negative
408,Positive,Positive,4,4,Positive,Positive
409,Positive,Positive,5,5,Positive,Positive
410,Positive,Positive,4,4,Positive,Positive
411,Negative,Negative,1,1,Negative,Negative
412,Positive,Positive,3,3,Neutral,Neutral
413,Negative,Negative,1,1,Negative,Negative
414,Positive,Positive,4,4,Positive,Positive
415,Positive,Positive,5,5,Positive,Positive
416,Negative,Negative,5,5,Positive,Positive
417,Positive,Positive,4,4,Positive,Positive
418,Negative,Negative,1,1,Negative,Negative
419,Negative,Negative,2,2,Negative,Negative
420,Positive,Positive,4,4,Positive,Positive
421,Negative,Negative,1,1,Negative,Negative
422,Positive,Positive,4,4,Positive,Positive
423,Positive,Positive,4,4,Positive,Positive
424,Negative,Negative,3,3,Neutral,Neutral
425,Positive,Negative,4,2,Positive,Negative
426,Positive,Positive,4,4,Positive,Positive
427,Negative,Negative,1,1,Negative,Negative
428,Positive,Positive,5,5,Positive,Positive
429,Positive,Positive,5,5,Positive,Positive
430,Positive,Positive,4,4,Positive,Positive
431,Positive,Positive,4,4,Positive,Positive
432,Neutral,Neutral,2,2,Negative,Negative
433,Positive,Positive,4,4,Positive,Positive
434,Positive,Positive,4,4,Positive,Positive
435,Positive,Positive,4,5,Positive,Positive
436,Negative,Negative,1,1,Negative,Negative
437,Positive,Positive,4,5,Positive,Positive
438,Positive,Positive,2,2,Negative,Negative
439,Positive,Positive,4,4,Positive,Positive
440,Positive,Positive,2,2,Negative,Negative
441,Positive,Positive,3,3,Neutral,Neutral
442,Neutral,Neutral,3,3,Neutral,Neutral
443,Negative,Negative,4,4,Positive,Positive
444,Negative,Negative,1,1,Negative,Negative
445,Positive,Positive,5,5,Positive,Positive
446,Positive,Positive,5,5,Positive,Positive
447,Positive,Positive,5,5,Positive,Positive
448,Positive,Positive,1,1,Negative,Negative
449,Positive,Positive,4,4,Positive,Positive
450,Negative,Negative,1,1,Negative,Negative
451,Positive,Positive,2,2,Negative,Negative
452,Positive,Positive,1,1,Negative,Negative
453,Neutral,Neutral,5,5,Positive,Positive
454,Negative,Negative,5,5,Positive,Positive
455,Positive,Positive,4,4,Positive,Positive
456,Positive,Positive,3,3,Neutral,Neutral
457,Positive,Positive,3,3,Neutral,Neutral
458,Positive,Positive,2,2,Negative,Negative
459,Negative,Negative,4,4,Positive,Positive
460,Positive,Positive,5,5,Positive,Positive
461,Negative,Negative,1,1,Negative,Negative
462,Positive,Positive,5,5,Positive,Positive
463,Negative,Negative,1,1,Negative,Negative
464,Negative,Negative,3,3,Neutral,Neutral
465,Positive,Positive,1,2,Negative,Negative
466,Positive,Positive,4,4,Positive,Positive
467,Negative,Negative,4,4,Positive,Positive
468,Positive,Positive,5,5,Positive,Positive
469,Positive,Positive,3,2,Neutral,Negative
470,Positive,Positive,3,3,Neutral,Neutral
471,Positive,Positive,5,5,Positive,Positive
472,Positive,Positive,5,5,Positive,Positive
473,Positive,Positive,4,4,Positive,Positive
474,Positive,Positive,5,5,Positive,Positive
475,Negative,Negative,1,1,Negative,Negative
476,Positive,Positive,5,5,Positive,Positive
477,Neutral,Neutral,5,5,Positive,Positive
478,Positive,Positive,4,4,Positive,Positive
479,Negative,Negative,3,2,Neutral,Negative
480,Negative,Negative,3,3,Neutral,Neutral
481,Negative,Negative,1,1,Negative,Negative
482,Positive,Positive,4,4,Positive,Positive
483,Negative,Negative,3,2,Neutral,Negative
484,Positive,Positive,1,1,Negative,Negative
485,Positive,Positive,5,5,Positive,Positive
486,Positive,Negative,1,1,Negative,Negative
487,Positive,Positive,5,5,Positive,Positive
488,Positive,Positive,5,5,Positive,Positive
489,Negative,Negative,2,2,Negative,Negative
490,Positive,Positive,5,5,Positive,Positive
491,Positive,Positive,3,3,Neutral,Neutral
492,Positive,Positive,5,5,Positive,Positive
493,Positive,Positive,4,4,Positive,Positive
494,Positive,Positive,5,5,Positive,Positive
495,Positive,Positive,5,5,Positive,Positive
496,Positive,Positive,4,4,Positive,Positive
497,Negative,Negative,4,4,Positive,Positive
498,Negative,Negative,5,5,Positive,Positive
499,Negative,Negative,4,5,Positive,Positive
500,Positive,Positive,5,5,Positive,Positive
501,Neutral,Neutral,3,3,Neutral,Neutral
502,Positive,Positive,4,4,Positive,Positive
503,Positive,Positive,4,4,Positive,Positive
504,Negative,Negative,3,3,Neutral,Neutral
505,Positive,Positive,5,5,Positive,Positive
506,Positive,Positive,3,3,Neutral,Neutral
507,Positive,Positive,3,3,Neutral,Neutral
508,Positive,Positive,5,5,Positive,Positive
509,Positive,Positive,4,2,Positive,Negative
510,Positive,Positive,5,5,Positive,Positive
511,Negative,Negative,4,4,Positive,Positive
512,Negative,Negative,2,2,Negative,Negative
513,Positive,Positive,5,5,Positive,Positive
514,Positive,Negative,2,2,Negative,Negative
515,Positive,Positive,4,4,Positive,Positive
516,Positive,Positive,2,2,Negative,Negative
517,Positive,Positive,5,5,Positive,Positive
518,Positive,Positive,5,5,Positive,Positive
519,Positive,Positive,3,3,Neutral,Neutral
520,Positive,Positive,5,5,Positive,Positive
521,Positive,Positive,1,1,Negative,Negative
522,Negative,Negative,1,1,Negative,Negative
523,Positive,Negative,2,2,Negative,Negative
524,Negative,Negative,1,1,Negative,Negative
525,Positive,Positive,5,5,Positive,Positive
526,Positive,Positive,5,5,Positive,Positive
527,Positive,Positive,5,5,Positive,Positive
528,Positive,Positive,5,5,Positive,Positive
529,Positive,Positive,3,3,Neutral,Neutral
530,Positive,Positive,5,5,Positive,Positive
531,Positive,Positive,5,5,Positive,Positive
532,Positive,Positive,5,5,Positive,Positive
533,Positive,Positive,4,4,Positive,Positive
534,Negative,Negative,1,1,Negative,Negative
535,Positive,Positive,5,5,Positive,Positive
536,Positive,Positive,5,5,Positive,Positive
537,Negative,Negative,1,1,Negative,Negative
538,Positive,Positive,5,5,Positive,Positive
539,Positive,Positive,5,5,Positive,Positive
540,Positive,Positive,4,4,Positive,Positive
541,Positive,Positive,5,5,Positive,Positive
542,Positive,Negative,4,4,Positive,Positive
543,Positive,Positive,4,4,Positive,Positive
544,Negative,Negative,1,1,Negative,Negative
545,Positive,Positive,5,5,Positive,Positive
546,Negative,Negative,2,2,Negative,Negative
547,Positive,Positive,3,3,Neutral,Neutral
548,Positive,Positive,5,5,Positive,Positive
549,Negative,Positive,4,4,Positive,Positive
550,Positive,Positive,4,4,Positive,Positive
551,Positive,Positive,2,2,Negative,Negative
552,Negative,Negative,2,2,Negative,Negative
553,Positive,Positive,1,1,Negative,Negative
554,Positive,Positive,4,4,Positive,Positive
555,Positive,Positive,5,5,Positive,Positive
556,Negative,Negative,2,2,Negative,Negative
557,Positive,Positive,5,5,Positive,Positive
558,Neutral,Neutral,4,4,Positive,Positive
559,Positive,Positive,4,5,Positive,Positive
560,Negative,Negative,4,2,Positive,Negative
561,Negative,Negative,1,1,Negative,Negative
562,Negative,Negative,3,3,Neutral,Neutral
563,Positive,Positive,2,2,Negative,Negative
564,Positive,Positive,5,5,Positive,Positive
565,Negative,Negative,5,5,Positive,Positive
566,Positive,Positive,4,4,Positive,Positive
567,Positive,Positive,5,5,Positive,Positive
568,Positive,Positive,5,5,Positive,Positive
569,Negative,Negative,1,1,Negative,Negative
570,Positive,Positive,5,5,Positive,Positive
571,Negative,Negative,1,1,Negative,Negative
572,Positive,Positive,5,5,Positive,Positive
573,Positive,Positive,5,5,Positive,Positive
574,Positive,Positive,5,5,Positive,Positive
575,Positive,Positive,5,5,Positive,Positive
576,Positive,Positive,5,5,Positive,Positive
577,Positive,Positive,4,4,Positive,Positive
578,Negative,Negative,4,4,Positive,Positive
579,Positive,Positive,5,5,Positive,Positive
580,Positive,Positive,5,5,Positive,Positive
581,Positive,Positive,5,5,Positive,Positive
582,Positive,Positive,5,5,Positive,Positive
583,Positive,Positive,5,5,Positive,Positive
584,Positive,Positive,1,1,Negative,Negative
585,Positive,Positive,3,3,Neutral,Neutral
586,Positive,Positive,4,4,Positive,Positive
587,Positive,Positive,5,5,Positive,Positive
588,Positive,Positive,4,4,Positive,Positive
589,Negative,Negative,3,3,Neutral,Neutral
590,Positive,Positive,3,3,Neutral,Neutral
591,Positive,Positive,5,5,Positive,Positive
592,Positive,Positive,5,5,Positive,Positive
593,Positive,Positive,4,4,Positive,Positive
594,Positive,Positive,3,3,Neutral,Neutral
595,Positive,Positive,5,4,Positive,Positive
596,Negative,Negative,5,5,Positive,Positive
597,Positive,Positive,5,5,Positive,Positive
598,Positive,Positive,3,3,Neutral,Neutral
599,Negative,Negative,1,1,Negative,Negative
600,Negative,Negative,1,1,Negative,Negative
601,Positive,Positive,5,5,Positive,Positive
602,Positive,Positive,4,5,Positive,Positive
603,Positive,Positive,3,3,Neutral,Neutral
604,Positive,Positive,3,3,Neutral,Neutral
605,Positive,Positive,5,5,Positive,Positive
606,Positive,Positive,5,5,Positive,Positive
607,Positive,Positive,4,4,Positive,Positive
608,Positive,Positive,5,5,Positive,Positive
609,Positive,Positive,5,5,Positive,Positive
610,Positive,Positive,5,5,Positive,Positive
611,Positive,Positive,5,5,Positive,Positive
612,Positive,Positive,2,2,Negative,Negative
613,Positive,Positive,5,5,Positive,Positive
614,Positive,Positive,5,5,Positive,Positive
615,Positive,Positive,5,5,Positive,Positive
616,Positive,Positive,3,3,Neutral,Neutral
617,Positive,Positive,4,4,Positive,Positive
618,Neutral,Neutral,5,5,Positive,Positive
619,Positive,Positive,5,5,Positive,Positive
620,Positive,Positive,5,5,Positive,Positive
621,Positive,Positive,4,4,Positive,Positive
622,Positive,Positive,4,4,Positive,Positive
623,Negative,Positive,1,1,Negative,Negative
624,Positive,Positive,4,4,Positive,Positive
625,Negative,Positive,2,4,Negative,Positive
626,Positive,Positive,4,4,Positive,Positive
627,Positive,Positive,5,5,Positive,Positive
628,Positive,Positive,5,5,Positive,Positive
629,Positive,Positive,5,5,Positive,Positive
630,Negative,Negative,5,5,Positive,Positive
631,Positive,Positive,5,5,Positive,Positive
632,Negative,Negative,3,3,Neutral,Neutral
633,Positive,Positive,5,5,Positive,Positive
634,Positive,Positive,5,5,Positive,Positive
635,Positive,Positive,5,5,Positive,Positive
636,Positive,Positive,4,4,Positive,Positive
637,Positive,Positive,5,5,Positive,Positive
638,Positive,Positive,5,5,Positive,Positive
639,Positive,Positive,4,3,Positive,Neutral
640,Negative,Negative,2,2,Negative,Negative
641,Positive,Positive,4,4,Positive,Positive
642,Positive,Positive,5,5,Positive,Positive
643,Negative,Negative,5,5,Positive,Positive
644,Positive,Positive,4,4,Positive,Positive
645,Positive,Positive,4,4,Positive,Positive
646,Positive,Positive,5,5,Positive,Positive
647,Negative,Negative,2,2,Negative,Negative
648,Positive,Positive,5,5,Positive,Positive
649,Positive,Positive,3,3,Neutral,Neutral
650,Positive,Positive,3,3,Neutral,Neutral
651,Positive,Positive,4,4,Positive,Positive
652,Positive,Positive,5,5,Positive,Positive
653,Positive,Positive,5,5,Positive,Positive
654,Positive,Positive,4,4,Positive,Positive
655,Negative,Negative,1,1,Negative,Negative
656,Positive,Positive,5,5,Positive,Positive
657,Positive,Positive,5,5,Positive,Positive
658,Positive,Positive,5,5,Positive,Positive
659,Positive,Positive,5,5,Positive,Positive
660,Positive,Positive,5,5,Positive,Positive
661,Positive,Positive,5,5,Positive,Positive
662,Positive,Positive,5,5,Positive,Positive
663,Positive,Positive,5,5,Positive,Positive
664,Negative,Negative,1,1,Negative,Negative
665,Negative,Negative,2,2,Negative,Negative
666,Positive,Positive,4,4,Positive,Positive
667,Positive,Positive,5,5,Positive,Positive
668,Negative,Positive,1,1,Negative,Negative
669,Positive,Positive,3,3,Neutral,Neutral
670,Positive,Positive,4,4,Positive,Positive
671,Positive,Positive,4,4,Positive,Positive
672,Positive,Positive,5,5,Positive,Positive
673,Positive,Positive,4,4,Positive,Positive
674,Neutral,Positive,2,2,Negative,Negative
675,Positive,Positive,5,5,Positive,Positive
676,Negative,Negative,1,1,Negative,Negative
677,Positive,Positive,4,4,Positive,Positive
678,Positive,Positive,4,4,Positive,Positive
679,Positive,Positive,5,5,Positive,Positive
680,Positive,Positive,5,5,Positive,Positive
681,Positive,Positive,2,2,Negative,Negative
682,Positive,Positive,5,5,Positive,Positive
683,Positive,Positive,5,5,Positive,Positive
684,Positive,Positive,4,4,Positive,Positive
685,Positive,Positive,4,4,Positive,Positive
686,Positive,Positive,3,3,Neutral,Neutral
687,Positive,Positive,5,5,Positive,Positive
688,Positive,Positive,5,5,Positive,Positive
689,Positive,Positive,5,5,Positive,Positive
690,Positive,Positive,5,5,Positive,Positive
691,Positive,Positive,4,4,Positive,Positive
692,Positive,Positive,4,4,Positive,Positive
693,Negative,Negative,4,4,Positive,Positive
694,Positive,Negative,5,5,Positive,Positive
695,Negative,Negative,1,1,Negative,Negative
696,Positive,Positive,5,5,Positive,Positive
697,Positive,Positive,5,5,Positive,Positive
698,Positive,Positive,4,4,Positive,Positive
699,Positive,Positive,5,5,Positive,Positive
700,Positive,Positive,2,2,Negative,Negative
701,Positive,Positive,5,5,Positive,Positive
702,Positive,Positive,4,4,Positive,Positive
703,Positive,Positive,4,4,Positive,Positive
704,Positive,Positive,4,5,Positive,Positive
705,Positive,Positive,5,5,Positive,Positive
706,Positive,Positive,4,4,Positive,Positive
707,Positive,Positive,5,5,Positive,Positive
708,Positive,Positive,2,1,Negative,Negative
709,Positive,Positive,2,2,Negative,Negative
710,Positive,Positive,5,5,Positive,Positive
711,Positive,Positive,4,4,Positive,Positive
712,Positive,Positive,5,5,Positive,Positive
713,Negative,Negative,2,2,Negative,Negative
714,Positive,Positive,5,5,Positive,Positive
715,Positive,Positive,4,4,Positive,Positive
716,Positive,Positive,5,5,Positive,Positive
717,Negative,Negative,4,2,Positive,Negative
718,Positive,Positive,5,5,Positive,Positive
719,Positive,Positive,3,3,Neutral,Neutral
720,Positive,Positive,5,5,Positive,Positive
721,Positive,Positive,5,5,Positive,Positive
722,Negative,Negative,3,3,Neutral,Neutral
723,Positive,Positive,3,3,Neutral,Neutral
724,Positive,Positive,4,4,Positive,Positive
725,Positive,Positive,5,5,Positive,Positive
726,Positive,Positive,5,5,Positive,Positive
727,Negative,Negative,5,5,Positive,Positive
728,Positive,Positive,5,5,Positive,Positive
729,Positive,Positive,4,4,Positive,Positive
730,Positive,Positive,5,1,Positive,Negative
731,Positive,Positive,4,4,Positive,Positive
732,Positive,Positive,5,5,Positive,Positive
733,Positive,Positive,5,5,Positive,Positive
734,Positive,Positive,5,5,Positive,Positive
735,Positive,Positive,2,2,Negative,Negative
736,Positive,Positive,5,5,Positive,Positive
737,Positive,Positive,5,5,Positive,Positive
738,Positive,Positive,1,1,Negative,Negative
739,Positive,Positive,4,4,Positive,Positive
740,Positive,Positive,5,5,Positive,Positive
741,Neutral,Neutral,4,4,Positive,Positive
742,Positive,Negative,4,4,Positive,Positive
743,Positive,Positive,5,5,Positive,Positive
744,Positive,Positive,3,3,Neutral,Neutral
745,Positive,Positive,4,1,Positive,Negative
746,Positive,Positive,5,5,Positive,Positive
747,Positive,Positive,2,2,Negative,Negative
748,Positive,Positive,5,5,Positive,Positive
749,Positive,Positive,2,4,Negative,Positive
750,Positive,Positive,2,4,Negative,Positive
751,Positive,Positive,5,5,Positive,Positive
752,Positive,Positive,5,5,Positive,Positive
753,Negative,Negative,1,1,Negative,Negative
754,Negative,Negative,2,2,Negative,Negative
755,Positive,Positive,5,5,Positive,Positive
756,Positive,Positive,5,5,Positive,Positive
757,Positive,Positive,4,4,Positive,Positive
758,Positive,Positive,4,4,Positive,Positive
759,Positive,Positive,5,5,Positive,Positive
760,Positive,Positive,4,4,Positive,Positive
761,Negative,Negative,1,1,Negative,Negative
762,Positive,Positive,4,4,Positive,Positive
763,Positive,Positive,4,4,Positive,Positive
764,Positive,Positive,4,4,Positive,Positive
765,Positive,Positive,1,1,Negative,Negative
766,Positive,Positive,5,5,Positive,Positive
767,Positive,Positive,4,4,Positive,Positive
768,Positive,Positive,5,5,Positive,Positive
769,Positive,Positive,4,4,Positive,Positive
770,Positive,Positive,3,3,Neutral,Neutral
771,Positive,Positive,4,4,Positive,Positive
772,Positive,Positive,5,5,Positive,Positive
773,Negative,Negative,1,1,Negative,Negative
774,Positive,Positive,4,4,Positive,Positive
775,Positive,Positive,4,4,Positive,Positive
776,Positive,Positive,1,1,Negative,Negative
777,Negative,Negative,3,3,Neutral,Neutral
778,Negative,Negative,4,4,Positive,Positive
779,Positive,Positive,4,4,Positive,Positive
780,Neutral,Neutral,5,5,Positive,Positive
781,Positive,Positive,2,4,Negative,Positive
782,Positive,Positive,5,5,Positive,Positive
783,Positive,Positive,4,4,Positive,Positive
784,Negative,Negative,2,3,Negative,Neutral
785,Positive,Positive,5,4,Positive,Positive
786,Positive,Positive,3,3,Neutral,Neutral
787,Negative,Negative,2,3,Negative,Neutral
788,Positive,Positive,3,4,Neutral,Positive
789,Negative,Negative,4,4,Positive,Positive
790,Negative,Negative,4,4,Positive,Positive
791,Positive,Positive,5,5,Positive,Positive
792,Positive,Positive,4,4,Positive,Positive
793,Positive,Positive,4,4,Positive,Positive
794,Negative,Negative,4,4,Positive,Positive
795,Positive,Positive,4,4,Positive,Positive
796,Negative,Negative,5,5,Positive,Positive
797,Positive,Positive,5,5,Positive,Positive
798,Negative,Negative,3,3,Neutral,Neutral
799,Positive,Positive,5,5,Positive,Positive
800,Positive,Positive,1,1,Negative,Negative
801,Positive,Positive,3,3,Neutral,Neutral
802,Negative,Negative,3,3,Neutral,Neutral
803,Negative,Negative,1,1,Negative,Negative
804,Negative,Negative,4,2,Positive,Negative
805,Negative,Negative,4,4,Positive,Positive
806,Positive,Positive,5,5,Positive,Positive
807,Positive,Positive,2,2,Negative,Negative
808,Negative,Negative,1,1,Negative,Negative
809,Negative,Negative,2,1,Negative,Negative
810,Positive,Positive,5,5,Positive,Positive
811,Negative,Negative,3,3,Neutral,Neutral
812,Positive,Positive,4,4,Positive,Positive
813,Positive,Positive,5,5,Positive,Positive
814,Positive,Positive,5,5,Positive,Positive
815,Negative,Positive,1,1,Negative,Negative
816,Negative,Positive,1,2,Negative,Negative
817,Positive,Positive,1,5,Negative,Positive
818,Negative,Negative,4,4,Positive,Positive
819,Positive,Positive,5,5,Positive,Positive
820,Positive,Positive,4,4,Positive,Positive
821,Negative,Negative,1,1,Negative,Negative
822,Positive,Positive,5,5,Positive,Positive
823,Positive,Positive,2,2,Negative,Negative
824,Positive,Positive,4,4,Positive,Positive
825,Positive,Positive,5,5,Positive,Positive
826,Positive,Positive,5,5,Positive,Positive
827,Negative,Negative,5,5,Positive,Positive
828,Positive,Positive,4,4,Positive,Positive
829,Positive,Positive,5,5,Positive,Positive
830,Negative,Negative,1,1,Negative,Negative
831,Positive,Positive,5,5,Positive,Positive
832,Positive,Positive,2,2,Negative,Negative
833,Positive,Positive,4,4,Positive,Positive
834,Positive,Positive,4,5,Positive,Positive
835,Positive,Positive,4,4,Positive,Positive
836,Negative,Negative,3,3,Neutral,Neutral
837,Positive,Positive,5,5,Positive,Positive
838,Negative,Negative,1,1,Negative,Negative
839,Negative,Negative,2,2,Negative,Negative
840,Negative,Negative,2,2,Negative,Negative
841,Negative,Negative,2,2,Negative,Negative
842,Positive,Positive,4,4,Positive,Positive
843,Positive,Positive,3,3,Neutral,Neutral
844,Negative,Negative,1,1,Negative,Negative
845,Positive,Positive,5,5,Positive,Positive
846,Positive,Positive,5,5,Positive,Positive
847,Positive,Positive,5,5,Positive,Positive
848,Positive,Positive,5,5,Positive,Positive
849,Positive,Positive,4,4,Positive,Positive
850,Negative,Negative,2,2,Negative,Negative
851,Positive,Positive,3,3,Neutral,Neutral
852,Positive,Positive,4,4,Positive,Positive
853,Positive,Positive,4,4,Positive,Positive
854,Positive,Positive,5,5,Positive,Positive
855,Positive,Positive,4,4,Positive,Positive
856,Negative,Negative,2,2,Negative,Negative
857,Positive,Positive,4,4,Positive,Positive
858,Negative,Negative,1,1,Negative,Negative
859,Positive,Positive,4,4,Positive,Positive
860,Positive,Positive,4,4,Positive,Positive
861,Positive,Positive,5,4,Positive,Positive
862,Positive,Positive,5,5,Positive,Positive
863,Positive,Positive,5,5,Positive,Positive
864,Negative,Negative,5,5,Positive,Positive
865,Positive,Positive,5,5,Positive,Positive
866,Neutral,Neutral,5,5,Positive,Positive
867,Positive,Positive,4,4,Positive,Positive
868,Positive,Positive,5,5,Positive,Positive
869,Positive,Positive,1,1,Negative,Negative
870,Positive,Positive,5,5,Positive,Positive
871,Positive,Positive,5,5,Positive,Positive
872,Negative,Positive,2,3,Negative,Neutral
873,Positive,Positive,5,5,Positive,Positive
874,Positive,Positive,4,4,Positive,Positive
875,Positive,Positive,5,5,Positive,Positive
876,Negative,Negative,2,2,Negative,Negative
877,Negative,Negative,5,5,Positive,Positive
878,Negative,Negative,5,5,Positive,Positive
879,Positive,Positive,4,4,Positive,Positive
880,Positive,Positive,1,1,Negative,Negative
881,Positive,Positive,4,4,Positive,Positive
882,Negative,Negative,4,4,Positive,Positive
883,Positive,Positive,4,4,Positive,Positive
884,Positive,Positive,5,5,Positive,Positive
885,Negative,Negative,4,4,Positive,Positive
886,Positive,Positive,4,5,Positive,Positive
887,Negative,Negative,3,3,Neutral,Neutral
888,Negative,Negative,5,5,Positive,Positive
889,Positive,Positive,4,4,Positive,Positive
890,Positive,Positive,4,4,Positive,Positive
891,Positive,Positive,4,4,Positive,Positive
892,Positive,Positive,2,2,Negative,Negative
893,Negative,Negative,4,4,Positive,Positive
894,Positive,Positive,4,4,Positive,Positive
895,Positive,Positive,3,3,Neutral,Neutral
896,Positive,Positive,1,1,Negative,Negative
897,Negative,Negative,5,5,Positive,Positive
898,Positive,Positive,4,4,Positive,Positive
899,Positive,Positive,1,1,Negative,Negative
900,Positive,Positive,5,5,Positive,Positive
901,Positive,Positive,5,5,Positive,Positive
902,Positive,Positive,5,5,Positive,Positive
903,Negative,Negative,2,4,Negative,Positive
904,Positive,Positive,5,5,Positive,Positive
905,Positive,Positive,5,5,Positive,Positive
906,Positive,Positive,5,5,Positive,Positive
907,Positive,Positive,4,4,Positive,Positive
908,Positive,Positive,5,5,Positive,Positive
909,Positive,Positive,5,5,Positive,Positive
910,Positive,Positive,5,5,Positive,Positive
911,Negative,Negative,4,3,Positive,Neutral
912,Positive,Positive,4,4,Positive,Positive
913,Positive,Positive,5,5,Positive,Positive
914,Negative,Negative,3,3,Neutral,Neutral
915,Positive,Positive,4,4,Positive,Positive
916,Negative,Negative,1,1,Negative,Negative
917,Positive,Positive,4,4,Positive,Positive
918,Positive,Positive,5,5,Positive,Positive
919,Positive,Positive,5,5,Positive,Positive
920,Positive,Positive,5,4,Positive,Positive
921,Positive,Positive,5,5,Positive,Positive
922,Positive,Positive,4,4,Positive,Positive
923,Positive,Positive,4,5,Positive,Positive
924,Negative,Negative,3,3,Neutral,Neutral
925,Positive,Positive,5,5,Positive,Positive
926,Negative,Negative,4,4,Positive,Positive
927,Positive,Positive,5,5,Positive,Positive
928,Positive,Positive,5,5,Positive,Positive
929,Positive,Positive,5,5,Positive,Positive
930,Positive,Positive,5,5,Positive,Positive
931,Positive,Positive,4,4,Positive,Positive
932,Positive,Positive,5,5,Positive,Positive
933,Neutral,Neutral,5,5,Positive,Positive
934,Negative,Negative,2,2,Negative,Negative
935,Negative,Negative,1,1,Negative,Negative
936,Positive,Positive,4,4,Positive,Positive
937,Negative,Negative,4,4,Positive,Positive
938,Positive,Positive,5,5,Positive,Positive
939,Positive,Positive,3,3,Neutral,Neutral
940,Positive,Positive,5,5,Positive,Positive
941,Negative,Negative,2,2,Negative,Negative
942,Positive,Positive,3,3,Neutral,Neutral
943,Positive,Positive,5,5,Positive,Positive
944,Positive,Positive,5,5,Positive,Positive
945,Positive,Positive,5,5,Positive,Positive
946,Positive,Positive,5,5,Positive,Positive
947,Negative,Negative,2,2,Negative,Negative
948,Positive,Positive,4,4,Positive,Positive
949,Positive,Positive,5,5,Positive,Positive
950,Positive,Positive,4,5,Positive,Positive
951,Positive,Positive,3,3,Neutral,Neutral
952,Negative,Negative,4,4,Positive,Positive
953,Negative,Negative,5,5,Positive,Positive
954,Positive,Positive,5,5,Positive,Positive
955,Positive,Positive,4,5,Positive,Positive
956,Positive,Positive,5,5,Positive,Positive
957,Positive,Positive,5,5,Positive,Positive
958,Negative,Negative,1,1,Negative,Negative
959,Positive,Positive,4,4,Positive,Positive
960,Positive,Positive,4,4,Positive,Positive
961,Positive,Positive,5,5,Positive,Positive
962,Positive,Positive,5,5,Positive,Positive
963,Positive,Positive,5,5,Positive,Positive
964,Positive,Positive,5,5,Positive,Positive
965,Positive,Positive,5,5,Positive,Positive
966,Positive,Positive,5,5,Positive,Positive
967,Positive,Positive,3,3,Neutral,Neutral
968,Positive,Positive,3,3,Neutral,Neutral
969,Positive,Positive,4,4,Positive,Positive
970,Positive,Negative,2,2,Negative,Negative
971,Positive,Positive,5,5,Positive,Positive
972,Positive,Negative,2,2,Negative,Negative
973,Positive,Positive,2,2,Negative,Negative
974,Positive,Positive,3,2,Neutral,Negative
975,Negative,Negative,1,1,Negative,Negative
976,Positive,Positive,5,5,Positive,Positive
977,Positive,Negative,3,2,Neutral,Negative
978,Negative,Negative,3,2,Neutral,Negative
979,Positive,Positive,5,5,Positive,Positive
980,Positive,Positive,5,5,Positive,Positive
981,Positive,Positive,3,3,Neutral,Neutral
982,Positive,Positive,5,5,Positive,Positive
983,Positive,Positive,5,5,Positive,Positive
984,Neutral,Neutral,3,3,Neutral,Neutral
985,Negative,Negative,1,1,Negative,Negative
986,Positive,Positive,1,1,Negative,Negative
987,Positive,Positive,5,5,Positive,Positive
988,Negative,Negative,4,4,Positive,Positive
989,Positive,Positive,4,4,Positive,Positive
990,Positive,Positive,4,4,Positive,Positive
991,Positive,Positive,5,5,Positive,Positive
992,Positive,Positive,5,5,Positive,Positive
993,Negative,Negative,1,1,Negative,Negative
994,Positive,Positive,5,5,Positive,Positive
995,Positive,Positive,4,4,Positive,Positive
996,Positive,Positive,5,5,Positive,Positive
997,Positive,Positive,5,5,Positive,Positive
998,Positive,Positive,5,5,Positive,Positive
999,Negative,Negative,1,4,Negative,Positive
1000,Positive,Positive,5,5,Positive,Positive
1001,Positive,Positive,3,3,Neutral,Neutral
1002,Positive,Negative,1,1,Negative,Negative
1003,Positive,Positive,3,3,Neutral,Neutral
1004,Positive,Positive,5,5,Positive,Positive
1005,Positive,Positive,5,5,Positive,Positive
1006,Positive,Positive,4,3,Positive,Neutral
1007,Positive,Positive,5,5,Positive,Positive
1008,Positive,Positive,3,3,Neutral,Neutral
1009,Negative,Negative,2,2,Negative,Negative
1010,Negative,Positive,3,3,Neutral,Neutral
1011,Negative,Negative,4,5,Positive,Positive
1012,Positive,Positive,1,2,Negative,Negative
1013,Negative,Negative,1,1,Negative,Negative
1014,Positive,Positive,5,5,Positive,Positive
1015,Positive,Positive,3,3,Neutral,Neutral
1016,Positive,Positive,4,5,Positive,Positive
1017,Positive,Positive,5,5,Positive,Positive
1018,Positive,Positive,5,5,Positive,Positive
1019,Positive,Positive,5,5,Positive,Positive
1020,Negative,Negative,1,1,Negative,Negative
1021,Positive,Positive,4,4,Positive,Positive
1022,Positive,Positive,5,5,Positive,Positive
1023,Positive,Positive,5,5,Positive,Positive
1024,Positive,Positive,4,1,Positive,Negative
1025,Positive,Positive,4,4,Positive,Positive
1026,Positive,Positive,5,5,Positive,Positive
1027,Positive,Positive,5,5,Positive,Positive
1028,Negative,Negative,1,1,Negative,Negative
1029,Positive,Negative,2,5,Negative,Positive
1030,Positive,Positive,4,4,Positive,Positive
1031,Positive,Positive,3,3,Neutral,Neutral
1032,Positive,Positive,4,2,Positive,Negative
1033,Positive,Negative,1,1,Negative,Negative
1034,Positive,Positive,5,5,Positive,Positive
1035,Neutral,Neutral,4,4,Positive,Positive
1036,Neutral,Neutral,3,3,Neutral,Neutral
1037,Positive,Positive,5,5,Positive,Positive
1038,Positive,Positive,5,5,Positive,Positive
1039,Positive,Positive,4,4,Positive,Positive
1040,Negative,Negative,5,5,Positive,Positive
1041,Negative,Negative,1,1,Negative,Negative
1042,Positive,Positive,5,5,Positive,Positive
1043,Positive,Positive,3,3,Neutral,Neutral
1044,Positive,Positive,4,4,Positive,Positive
1045,Positive,Positive,3,3,Neutral,Neutral
1046,Positive,Positive,5,5,Positive,Positive
1047,Positive,Positive,5,5,Positive,Positive
1048,Positive,Positive,4,4,Positive,Positive
1049,Negative,Negative,4,4,Positive,Positive
1050,Positive,Positive,5,5,Positive,Positive
1051,Positive,Positive,5,5,Positive,Positive
1052,Positive,Positive,4,5,Positive,Positive
1053,Positive,Positive,4,4,Positive,Positive
1054,Positive,Positive,4,4,Positive,Positive
1055,Negative,Negative,2,2,Negative,Negative
1056,Positive,Positive,5,5,Positive,Positive
1057,Positive,Positive,5,5,Positive,Positive
1058,Positive,Positive,4,5,Positive,Positive
1059,Positive,Positive,5,5,Positive,Positive
1060,Positive,Positive,4,4,Positive,Positive
1061,Positive,Negative,5,5,Positive,Positive
1062,Positive,Positive,4,4,Positive,Positive
1063,Positive,Positive,4,4,Positive,Positive
1064,Positive,Positive,5,5,Positive,Positive
1065,Positive,Positive,4,4,Positive,Positive
1066,Positive,Positive,5,5,Positive,Positive
1067,Negative,Negative,5,5,Positive,Positive
1068,Negative,Positive,4,4,Positive,Positive
1069,Positive,Positive,4,4,Positive,Positive
1070,Negative,Negative,1,1,Negative,Negative
1071,Negative,Negative,1,1,Negative,Negative
1072,Positive,Positive,4,4,Positive,Positive
1073,Negative,Negative,1,1,Negative,Negative
1074,Positive,Positive,4,4,Positive,Positive
1075,Positive,Positive,3,4,Neutral,Positive
1076,Negative,Negative,2,2,Negative,Negative
1077,Positive,Positive,4,4,Positive,Positive
1078,Positive,Positive,4,4,Positive,Positive
1079,Positive,Positive,4,4,Positive,Positive
1080,Positive,Positive,4,5,Positive,Positive
1081,Negative,Negative,3,3,Neutral,Neutral
1082,Positive,Positive,4,4,Positive,Positive
1083,Negative,Negative,3,3,Neutral,Neutral
1084,Positive,Positive,4,4,Positive,Positive
1085,Positive,Positive,5,5,Positive,Positive
1086,Positive,Positive,4,4,Positive,Positive
1087,Positive,Negative,1,1,Negative,Negative
1088,Positive,Positive,5,5,Positive,Positive
1089,Positive,Positive,5,5,Positive,Positive
1090,Positive,Positive,4,4,Positive,Positive
1091,Positive,Positive,4,4,Positive,Positive
1092,Positive,Positive,2,1,Negative,Negative
1093,Positive,Negative,2,2,Negative,Negative
1094,Positive,Positive,4,4,Positive,Positive
1095,Positive,Positive,5,5,Positive,Positive
1096,Positive,Positive,5,5,Positive,Positive
1097,Positive,Positive,5,5,Positive,Positive
1098,Positive,Positive,5,5,Positive,Positive
1099,Negative,Negative,2,2,Negative,Negative
1100,Negative,Negative,1,1,Negative,Negative
1101,Positive,Positive,4,4,Positive,Positive
1102,Positive,Positive,3,3,Neutral,Neutral
1103,Positive,Positive,3,3,Neutral,Neutral
1104,Positive,Negative,1,5,Negative,Positive
1105,Positive,Positive,4,4,Positive,Positive
1106,Positive,Negative,2,2,Negative,Negative
1107,Positive,Positive,5,5,Positive,Positive
1108,Negative,Negative,1,1,Negative,Negative
1109,Neutral,Neutral,3,3,Neutral,Neutral
1110,Positive,Positive,5,5,Positive,Positive
1111,Positive,Positive,2,2,Negative,Negative
1112,Positive,Positive,4,4,Positive,Positive
1113,Positive,Positive,5,5,Positive,Positive
1114,Negative,Negative,1,1,Negative,Negative
1115,Positive,Positive,5,5,Positive,Positive
1116,Positive,Positive,2,2,Negative,Negative
1117,Positive,Positive,2,4,Negative,Positive
1118,Negative,Negative,5,5,Positive,Positive
1119,Positive,Positive,5,5,Positive,Positive
1120,Positive,Positive,5,5,Positive,Positive
1121,Positive,Positive,4,4,Positive,Positive
1122,Positive,Positive,5,5,Positive,Positive
1123,Positive,Positive,5,5,Positive,Positive
1124,Positive,Positive,4,4,Positive,Positive
1125,Positive,Positive,4,4,Positive,Positive
1126,Positive,Positive,4,4,Positive,Positive
1127,Positive,Positive,5,5,Positive,Positive
1128,Positive,Positive,5,5,Positive,Positive
1129,Positive,Positive,4,4,Positive,Positive
1130,Positive,Positive,5,2,Positive,Negative
1131,Positive,Positive,5,5,Positive,Positive
1132,Positive,Positive,4,4,Positive,Positive
1133,Positive,Positive,5,5,Positive,Positive
1134,Positive,Positive,4,4,Positive,Positive
1135,Positive,Positive,5,5,Positive,Positive
1136,Positive,Positive,2,2,Negative,Negative
1137,Positive,Positive,5,5,Positive,Positive
1138,Positive,Positive,5,5,Positive,Positive
1139,Positive,Positive,3,3,Neutral,Neutral
1140,Negative,Negative,2,2,Negative,Negative
1141,Positive,Positive,4,4,Positive,Positive
1142,Negative,Negative,1,1,Negative,Negative
1143,Positive,Positive,2,2,Negative,Negative
1144,Positive,Positive,4,4,Positive,Positive
1145,Negative,Negative,2,2,Negative,Negative
1146,Neutral,Neutral,4,4,Positive,Positive
1147,Positive,Positive,5,5,Positive,Positive
1148,Positive,Positive,4,4,Positive,Positive
1149,Positive,Positive,5,5,Positive,Positive
1150,Positive,Positive,2,2,Negative,Negative
1151,Positive,Positive,4,4,Positive,Positive
1152,Positive,Positive,1,2,Negative,Negative
1153,Negative,Negative,4,4,Positive,Positive
1154,Positive,Positive,5,5,Positive,Positive
1155,Positive,Positive,2,2,Negative,Negative
1156,Positive,Positive,5,5,Positive,Positive
1157,Positive,Positive,4,4,Positive,Positive
1158,Positive,Positive,4,4,Positive,Positive
1159,Negative,Negative,3,3,Neutral,Neutral
1160,Positive,Positive,4,4,Positive,Positive
1161,Positive,Positive,4,4,Positive,Positive
1162,Neutral,Neutral,5,5,Positive,Positive
1163,Positive,Positive,4,4,Positive,Positive
1164,Negative,Negative,1,1,Negative,Negative
1165,Positive,Positive,5,5,Positive,Positive
1166,Positive,Positive,3,3,Neutral,Neutral
1167,Positive,Positive,5,5,Positive,Positive
1168,Negative,Negative,1,1,Negative,Negative
1169,Positive,Positive,5,5,Positive,Positive
1170,Negative,Negative,4,4,Positive,Positive
1171,Positive,Positive,5,4,Positive,Positive
1172,Positive,Positive,5,5,Positive,Positive
1173,Positive,Positive,2,2,Negative,Negative
1174,Positive,Positive,4,4,Positive,Positive
1175,Neutral,Neutral,4,4,Positive,Positive
1176,Positive,Positive,3,3,Neutral,Neutral
1177,Negative,Neutral,2,2,Negative,Negative
1178,Negative,Negative,5,5,Positive,Positive
1179,Positive,Positive,5,5,Positive,Positive
1180,Positive,Positive,4,4,Positive,Positive
1181,Positive,Positive,4,4,Positive,Positive
1182,Positive,Positive,4,4,Positive,Positive
1183,Negative,Positive,4,1,Positive,Negative
1184,Positive,Positive,4,4,Positive,Positive
1185,Positive,Positive,1,1,Negative,Negative
1186,Positive,Negative,1,1,Negative,Negative
1187,Positive,Positive,4,4,Positive,Positive
1188,Positive,Positive,3,3,Neutral,Neutral
1189,Positive,Positive,5,5,Positive,Positive
1190,Negative,Negative,1,1,Negative,Negative
1191,Negative,Negative,1,1,Negative,Negative
1192,Positive,Positive,5,5,Positive,Positive
1193,Positive,Positive,4,4,Positive,Positive
1194,Positive,Positive,2,2,Negative,Negative
1195,Negative,Negative,1,1,Negative,Negative
1196,Positive,Positive,4,4,Positive,Positive
1197,Positive,Positive,5,5,Positive,Positive
1198,Negative,Negative,4,4,Positive,Positive
1199,Positive,Positive,4,4,Positive,Positive
1200,Positive,Positive,5,5,Positive,Positive
1201,Positive,Positive,5,5,Positive,Positive
1202,Positive,Positive,5,5,Positive,Positive
1203,Positive,Positive,5,5,Positive,Positive
1204,Positive,Positive,3,3,Neutral,Neutral
1205,Positive,Positive,4,4,Positive,Positive
1206,Positive,Positive,4,4,Positive,Positive
1207,Positive,Positive,4,4,Positive,Positive
1208,Negative,Negative,1,1,Negative,Negative
1209,Positive,Positive,3,3,Neutral,Neutral
1210,Positive,Positive,4,4,Positive,Positive
1211,Positive,Positive,4,4,Positive,Positive
1212,Negative,Negative,1,1,Negative,Negative
1213,Negative,Positive,4,5,Positive,Positive
1214,Positive,Positive,1,1,Negative,Negative
1215,Negative,Negative,1,1,Negative,Negative
1216,Negative,Negative,3,3,Neutral,Neutral
1217,Positive,Positive,5,5,Positive,Positive
1218,Positive,Positive,4,4,Positive,Positive
1219,Positive,Positive,5,5,Positive,Positive
1220,Positive,Positive,5,5,Positive,Positive
1221,Positive,Positive,1,1,Negative,Negative
1222,Positive,Positive,5,5,Positive,Positive
1223,Positive,Positive,4,4,Positive,Positive
1224,Neutral,Neutral,5,5,Positive,Positive
1225,Positive,Positive,5,5,Positive,Positive
1226,Positive,Positive,5,5,Positive,Positive
1227,Positive,Positive,5,5,Positive,Positive
1228,Positive,Positive,4,4,Positive,Positive
1229,Positive,Positive,4,4,Positive,Positive
1230,Negative,Positive,5,5,Positive,Positive
1231,Positive,Positive,5,5,Positive,Positive
1232,Positive,Positive,5,5,Positive,Positive
1233,Positive,Positive,5,5,Positive,Positive
1234,Positive,Positive,5,5,Positive,Positive
1235,Positive,Positive,5,5,Positive,Positive
1236,Positive,Positive,4,4,Positive,Positive
1237,Positive,Positive,5,5,Positive,Positive
1238,Positive,Positive,4,4,Positive,Positive
1239,Positive,Positive,4,4,Positive,Positive
1240,Positive,Positive,5,5,Positive,Positive
1241,Positive,Positive,4,4,Positive,Positive
1242,Negative,Negative,5,5,Positive,Positive
1243,Positive,Positive,5,5,Positive,Positive
1244,Negative,Negative,5,5,Positive,Positive
1245,Negative,Negative,5,5,Positive,Positive
1246,Positive,Positive,5,5,Positive,Positive
1247,Positive,Positive,5,5,Positive,Positive
1248,Positive,Positive,4,4,Positive,Positive
1249,Positive,Positive,3,4,Neutral,Positive
1250,Positive,Positive,5,5,Positive,Positive
1251,Negative,Negative,2,2,Negative,Negative
1252,Positive,Positive,4,4,Positive,Positive
1253,Negative,Negative,4,4,Positive,Positive
1254,Positive,Positive,5,5,Positive,Positive
1255,Negative,Negative,1,1,Negative,Negative
1256,Positive,Positive,1,1,Negative,Negative
1257,Positive,Positive,4,4,Positive,Positive
1258,Negative,Negative,2,1,Negative,Negative
1259,Positive,Positive,5,5,Positive,Positive
1260,Positive,Positive,4,4,Positive,Positive
1261,Negative,Negative,5,5,Positive,Positive
1262,Positive,Positive,4,4,Positive,Positive
1263,Positive,Positive,3,3,Neutral,Neutral
1264,Positive,Positive,5,5,Positive,Positive
1265,Positive,Positive,1,1,Negative,Negative
1266,Positive,Positive,5,5,Positive,Positive
1267,Positive,Positive,4,4,Positive,Positive
1268,Negative,Negative,4,4,Positive,Positive
1269,Negative,Negative,2,2,Negative,Negative
1270,Positive,Positive,2,2,Negative,Negative
1271,Positive,Positive,5,5,Positive,Positive
1272,Positive,Positive,4,4,Positive,Positive
1273,Positive,Positive,4,3,Positive,Neutral
1274,Negative,Negative,1,1,Negative,Negative
1275,Positive,Positive,5,5,Positive,Positive
1276,Negative,Negative,1,1,Negative,Negative
1277,Positive,Positive,5,5,Positive,Positive
1278,Positive,Positive,5,5,Positive,Positive
1279,Negative,Negative,1,1,Negative,Negative
1280,Positive,Positive,5,5,Positive,Positive
1281,Positive,Negative,4,3,Positive,Neutral
1282,Positive,Positive,4,4,Positive,Positive
1283,Positive,Negative,4,2,Positive,Negative
1284,Neutral,Neutral,5,5,Positive,Positive
1285,Positive,Positive,3,3,Neutral,Neutral
1286,Negative,Negative,5,5,Positive,Positive
1287,Negative,Negative,1,1,Negative,Negative
1288,Positive,Positive,4,4,Positive,Positive
1289,Positive,Positive,5,5,Positive,Positive
1290,Positive,Positive,4,4,Positive,Positive
1291,Negative,Negative,2,3,Negative,Neutral
1292,Positive,Positive,5,5,Positive,Positive
1293,Negative,Negative,4,4,Positive,Positive
1294,Positive,Positive,5,5,Positive,Positive
1295,Positive,Positive,5,5,Positive,Positive
1296,Negative,Negative,5,5,Positive,Positive
1297,Positive,Positive,5,5,Positive,Positive
1298,Positive,Positive,5,5,Positive,Positive
1299,Positive,Positive,4,4,Positive,Positive
1300,Positive,Positive,4,4,Positive,Positive
1301,Positive,Positive,3,3,Neutral,Neutral
1302,Positive,Positive,3,3,Neutral,Neutral
1303,Positive,Positive,5,5,Positive,Positive
1304,Positive,Positive,5,5,Positive,Positive
1305,Positive,Positive,4,4,Positive,Positive
1306,Positive,Positive,4,4,Positive,Positive
1307,Positive,Positive,4,4,Positive,Positive
1308,Positive,Positive,5,5,Positive,Positive
1309,Negative,Negative,5,5,Positive,Positive
1310,Positive,Positive,5,5,Positive,Positive
1311,Positive,Positive,3,3,Neutral,Neutral
1312,Negative,Negative,2,1,Negative,Negative
1313,Negative,Negative,1,1,Negative,Negative
1314,Positive,Positive,4,4,Positive,Positive
1315,Positive,Positive,5,5,Positive,Positive
1316,Positive,Positive,4,4,Positive,Positive
1317,Positive,Positive,3,3,Neutral,Neutral
1318,Positive,Positive,5,5,Positive,Positive
1319,Positive,Positive,4,5,Positive,Positive
1320,Positive,Positive,4,4,Positive,Positive
1321,Positive,Positive,3,3,Neutral,Neutral
1322,Negative,Negative,1,2,Negative,Negative
1323,Positive,Positive,3,3,Neutral,Neutral
1324,Positive,Positive,4,4,Positive,Positive
1325,Positive,Positive,5,5,Positive,Positive
1326,Positive,Positive,3,3,Neutral,Neutral
1327,Negative,Negative,2,2,Negative,Negative
1328,Positive,Positive,5,5,Positive,Positive
1329,Negative,Negative,3,3,Neutral,Neutral
1330,Positive,Positive,5,5,Positive,Positive
1331,Positive,Positive,5,5,Positive,Positive
1332,Positive,Positive,5,5,Positive,Positive
1333,Positive,Positive,5,5,Positive,Positive
1334,Positive,Positive,5,5,Positive,Positive
1335,Positive,Positive,4,4,Positive,Positive
1336,Negative,Negative,1,1,Negative,Negative
1337,Positive,Positive,5,5,Positive,Positive
1338,Positive,Positive,4,4,Positive,Positive
1339,Positive,Positive,4,4,Positive,Positive
1340,Positive,Positive,5,5,Positive,Positive
1341,Positive,Positive,5,5,Positive,Positive
1342,Positive,Positive,2,1,Negative,Negative
1343,Positive,Positive,5,5,Positive,Positive
1344,Positive,Positive,4,4,Positive,Positive
1345,Positive,Positive,3,3,Neutral,Neutral
1346,Negative,Negative,5,5,Positive,Positive
1347,Positive,Positive,5,5,Positive,Positive
1348,Positive,Positive,2,2,Negative,Negative
1349,Negative,Negative,1,1,Negative,Negative
1350,Positive,Negative,3,3,Neutral,Neutral
1351,Positive,Positive,5,5,Positive,Positive
1352,Positive,Positive,5,5,Positive,Positive
1353,Positive,Positive,5,5,Positive,Positive
1354,Positive,Positive,3,3,Neutral,Neutral
1355,Positive,Positive,4,4,Positive,Positive
1356,Positive,Positive,5,5,Positive,Positive
1357,Negative,Positive,1,1,Negative,Negative
1358,Positive,Positive,4,4,Positive,Positive
1359,Positive,Positive,4,4,Positive,Positive
1360,Positive,Positive,5,5,Positive,Positive
1361,Positive,Positive,5,5,Positive,Positive
1362,Negative,Negative,5,5,Positive,Positive
1363,Positive,Positive,4,4,Positive,Positive
1364,Positive,Positive,5,5,Positive,Positive
1365,Positive,Positive,5,5,Positive,Positive
1366,Negative,Negative,1,1,Negative,Negative
1367,Positive,Positive,2,2,Negative,Negative
1368,Positive,Positive,4,4,Positive,Positive
1369,Positive,Positive,3,3,Neutral,Neutral
1370,Negative,Negative,1,1,Negative,Negative
1371,Positive,Positive,4,4,Positive,Positive
1372,Positive,Positive,5,5,Positive,Positive
1373,Neutral,Neutral,5,5,Positive,Positive
1374,Positive,Positive,3,3,Neutral,Neutral
1375,Positive,Positive,5,5,Positive,Positive
1376,Positive,Positive,3,3,Neutral,Neutral
1377,Positive,Positive,5,5,Positive,Positive
1378,Positive,Positive,3,3,Neutral,Neutral
1379,Positive,Positive,3,3,Neutral,Neutral
1380,Positive,Positive,4,4,Positive,Positive
1381,Positive,Positive,4,3,Positive,Neutral
1382,Positive,Positive,5,5,Positive,Positive
1383,Negative,Negative,3,3,Neutral,Neutral
1384,Positive,Positive,4,4,Positive,Positive
1385,Positive,Positive,1,1,Negative,Negative
1386,Positive,Positive,5,5,Positive,Positive
1387,Positive,Positive,3,3,Neutral,Neutral
1388,Positive,Positive,4,4,Positive,Positive
1389,Positive,Positive,5,5,Positive,Positive
1390,Positive,Positive,5,5,Positive,Positive
1391,Positive,Positive,5,5,Positive,Positive
1392,Negative,Negative,1,1,Negative,Negative
1393,Negative,Negative,3,3,Neutral,Neutral
1394,Negative,Negative,2,2,Negative,Negative
1395,Positive,Positive,3,3,Neutral,Neutral
1396,Positive,Positive,4,4,Positive,Positive
1397,Positive,Positive,4,2,Positive,Negative
1398,Positive,Positive,5,5,Positive,Positive
1399,Positive,Positive,1,2,Negative,Negative
1400,Positive,Positive,5,5,Positive,Positive
1401,Positive,Positive,5,5,Positive,Positive
1402,Positive,Positive,5,5,Positive,Positive
1403,Positive,Positive,4,4,Positive,Positive
1404,Positive,Positive,4,4,Positive,Positive
1405,Negative,Negative,1,1,Negative,Negative
1406,Positive,Positive,5,5,Positive,Positive
1407,Positive,Positive,1,1,Negative,Negative
1408,Positive,Positive,5,5,Positive,Positive
1409,Positive,Positive,2,2,Negative,Negative
1410,Positive,Positive,5,5,Positive,Positive
1411,Negative,Negative,1,1,Negative,Negative
1412,Positive,Positive,4,4,Positive,Positive
1413,Negative,Negative,1,1,Negative,Negative
1414,Positive,Positive,5,5,Positive,Positive
1415,Positive,Positive,5,5,Positive,Positive
1416,Positive,Positive,5,5,Positive,Positive
1417,Positive,Positive,5,5,Positive,Positive
1418,Negative,Positive,1,1,Negative,Negative
1419,Positive,Positive,5,5,Positive,Positive
1420,Positive,Positive,5,5,Positive,Positive
1421,Positive,Positive,4,5,Positive,Positive
1422,Positive,Positive,4,4,Positive,Positive
1423,Positive,Positive,5,5,Positive,Positive
1424,Positive,Positive,4,4,Positive,Positive
1425,Positive,Positive,4,4,Positive,Positive
1426,Positive,Positive,4,4,Positive,Positive
1427,Positive,Positive,5,5,Positive,Positive
1428,Positive,Positive,5,5,Positive,Positive
1429,Negative,Negative,2,2,Negative,Negative
1430,Negative,Negative,1,1,Negative,Negative
1431,Positive,Positive,5,5,Positive,Positive
1432,Positive,Positive,5,5,Positive,Positive
1433,Negative,Negative,1,1,Negative,Negative
1434,Positive,Positive,4,4,Positive,Positive
1435,Positive,Positive,4,3,Positive,Neutral
1436,Negative,Positive,5,5,Positive,Positive
1437,Neutral,Neutral,5,5,Positive,Positive
1438,Positive,Positive,5,5,Positive,Positive
1439,Positive,Positive,2,5,Negative,Positive
1440,Positive,Positive,5,5,Positive,Positive
1441,Positive,Positive,4,4,Positive,Positive
1442,Positive,Positive,5,5,Positive,Positive
1443,Negative,Negative,4,4,Positive,Positive
1444,Negative,Negative,4,2,Positive,Negative
1445,Positive,Positive,4,3,Positive,Neutral
1446,Positive,Positive,2,2,Negative,Negative
1447,Positive,Negative,5,2,Positive,Negative
1448,Neutral,Neutral,5,5,Positive,Positive
1449,Positive,Positive,5,5,Positive,Positive
1450,Positive,Positive,5,5,Positive,Positive
1451,Positive,Positive,4,4,Positive,Positive
1452,Negative,Negative,2,2,Negative,Negative
1453,Negative,Negative,1,2,Negative,Negative
1454,Negative,Negative,4,4,Positive,Positive
1455,Negative,Negative,1,1,Negative,Negative
1456,Positive,Positive,3,3,Neutral,Neutral
1457,Negative,Negative,1,1,Negative,Negative
1458,Positive,Positive,4,4,Positive,Positive
1459,Negative,Negative,5,5,Positive,Positive
1460,Positive,Positive,5,5,Positive,Positive
1461,Positive,Positive,4,4,Positive,Positive
1462,Positive,Positive,4,4,Positive,Positive
1463,Positive,Positive,5,5,Positive,Positive
1464,Positive,Positive,4,4,Positive,Positive
1465,Neutral,Neutral,2,2,Negative,Negative
1466,Positive,Positive,5,5,Positive,Positive
1467,Positive,Positive,5,5,Positive,Positive
1468,Positive,Positive,4,4,Positive,Positive
1469,Negative,Negative,5,5,Positive,Positive
1470,Positive,Positive,4,4,Positive,Positive
1471,Positive,Positive,4,4,Positive,Positive
1472,Negative,Negative,1,1,Negative,Negative
1473,Positive,Positive,4,4,Positive,Positive
1474,Positive,Positive,4,4,Positive,Positive
1475,Positive,Positive,5,5,Positive,Positive
1476,Positive,Positive,5,5,Positive,Positive
1477,Positive,Positive,5,5,Positive,Positive
1478,Positive,Positive,5,5,Positive,Positive
1479,Positive,Positive,5,5,Positive,Positive
1480,Positive,Positive,4,4,Positive,Positive
1481,Positive,Positive,5,5,Positive,Positive
1482,Negative,Negative,4,2,Positive,Negative
1483,Negative,Negative,1,1,Negative,Negative
1484,Positive,Positive,5,5,Positive,Positive
1485,Positive,Positive,5,5,Positive,Positive
1486,Negative,Negative,1,1,Negative,Negative
1487,Positive,Negative,4,2,Positive,Negative
1488,Negative,Negative,5,5,Positive,Positive
1489,Positive,Positive,5,5,Positive,Positive
1490,Positive,Positive,4,4,Positive,Positive
1491,Positive,Positive,2,2,Negative,Negative
1492,Positive,Positive,1,1,Negative,Negative
1493,Positive,Positive,4,4,Positive,Positive
1494,Positive,Positive,4,4,Positive,Positive
1495,Positive,Positive,1,1,Negative,Negative
1496,Positive,Positive,5,5,Positive,Positive
1497,Positive,Positive,2,2,Negative,Negative
1498,Negative,Negative,3,3,Neutral,Neutral
1499,Positive,Positive,5,5,Positive,Positive
1500,Negative,Negative,5,5,Positive,Positive
1501,Positive,Positive,4,4,Positive,Positive
1502,Negative,Negative,1,1,Negative,Negative
1503,Positive,Positive,5,5,Positive,Positive
1504,Positive,Positive,4,5,Positive,Positive
1505,Positive,Positive,4,4,Positive,Positive
1506,Positive,Positive,4,4,Positive,Positive
1507,Positive,Positive,4,4,Positive,Positive
1508,Positive,Positive,4,4,Positive,Positive
1509,Positive,Positive,4,4,Positive,Positive
1510,Positive,Positive,5,5,Positive,Positive
1511,Positive,Positive,3,3,Neutral,Neutral
1512,Negative,Negative,5,5,Positive,Positive
1513,Negative,Negative,4,2,Positive,Negative
1514,Positive,Positive,5,5,Positive,Positive
1515,Positive,Positive,4,4,Positive,Positive
1516,Positive,Positive,4,4,Positive,Positive
1517,Positive,Positive,4,4,Positive,Positive
1518,Positive,Positive,5,5,Positive,Positive
1519,Positive,Positive,2,2,Negative,Negative
1520,Positive,Positive,5,5,Positive,Positive
1521,Positive,Positive,4,4,Positive,Positive
1522,Negative,Negative,5,5,Positive,Positive
1523,Positive,Positive,2,2,Negative,Negative
1524,Negative,Negative,5,5,Positive,Positive
1525,Positive,Positive,3,3,Neutral,Neutral
1526,Positive,Positive,2,2,Negative,Negative
1527,Positive,Positive,2,2,Negative,Negative
1528,Positive,Positive,2,2,Negative,Negative
1529,Positive,Positive,4,2,Positive,Negative
1530,Negative,Negative,1,1,Negative,Negative
1531,Positive,Positive,4,5,Positive,Positive
1532,Positive,Positive,5,5,Positive,Positive
1533,Negative,Negative,5,5,Positive,Positive
1534,Positive,Positive,5,5,Positive,Positive
1535,Negative,Negative,3,3,Neutral,Neutral
1536,Negative,Negative,5,5,Positive,Positive
1537,Positive,Positive,2,2,Negative,Negative
1538,Positive,Positive,4,4,Positive,Positive
1539,Positive,Positive,3,3,Neutral,Neutral
1540,Positive,Positive,4,4,Positive,Positive
1541,Negative,Positive,1,1,Negative,Negative
1542,Positive,Positive,4,4,Positive,Positive
1543,Positive,Positive,4,4,Positive,Positive
1544,Positive,Positive,5,5,Positive,Positive
1545,Positive,Positive,5,5,Positive,Positive
1546,Negative,Negative,4,4,Positive,Positive
1547,Negative,Negative,3,3,Neutral,Neutral
1548,Positive,Positive,4,4,Positive,Positive
1549,Positive,Positive,4,4,Positive,Positive
1550,Negative,Negative,3,3,Neutral,Neutral
1551,Positive,Positive,4,4,Positive,Positive
1552,Positive,Positive,5,5,Positive,Positive
1553,Positive,Positive,4,4,Positive,Positive
1554,Positive,Positive,5,5,Positive,Positive
1555,Positive,Positive,4,4,Positive,Positive
1556,Negative,Negative,2,2,Negative,Negative
1557,Neutral,Neutral,5,5,Positive,Positive
1558,Positive,Positive,5,5,Positive,Positive
1559,Positive,Positive,4,4,Positive,Positive
1560,Positive,Positive,3,3,Neutral,Neutral
1561,Positive,Positive,5,5,Positive,Positive
1562,Positive,Positive,5,5,Positive,Positive
1563,Positive,Positive,3,3,Neutral,Neutral
1564,Positive,Positive,5,5,Positive,Positive
1565,Positive,Positive,4,4,Positive,Positive
1566,Positive,Positive,4,4,Positive,Positive
1567,Negative,Negative,3,3,Neutral,Neutral
1568,Neutral,Neutral,2,2,Negative,Negative
1569,Positive,Positive,3,3,Neutral,Neutral
1570,Negative,Negative,1,1,Negative,Negative
1571,Negative,Negative,1,1,Negative,Negative
1572,Positive,Positive,1,1,Negative,Negative
1573,Positive,Positive,4,4,Positive,Positive
1574,Positive,Positive,5,5,Positive,Positive
1575,Positive,Negative,4,2,Positive,Negative
1576,Negative,Negative,2,2,Negative,Negative
1577,Negative,Negative,2,2,Negative,Negative
1578,Positive,Positive,4,4,Positive,Positive
1579,Positive,Positive,5,5,Positive,Positive
1580,Positive,Positive,4,4,Positive,Positive
1581,Positive,Positive,3,3,Neutral,Neutral
1582,Positive,Positive,5,4,Positive,Positive
1583,Positive,Positive,4,4,Positive,Positive
1584,Neutral,Neutral,4,4,Positive,Positive
1585,Positive,Positive,4,4,Positive,Positive
1586,Positive,Positive,4,4,Positive,Positive
1587,Positive,Positive,5,5,Positive,Positive
1588,Positive,Positive,4,4,Positive,Positive
1589,Positive,Positive,4,4,Positive,Positive
1590,Negative,Negative,3,3,Neutral,Neutral
1591,Positive,Positive,5,5,Positive,Positive
1592,Positive,Positive,5,5,Positive,Positive
1593,Negative,Positive,2,1,Negative,Negative
1594,Positive,Positive,3,3,Neutral,Neutral
1595,Positive,Positive,4,4,Positive,Positive
1596,Positive,Positive,3,3,Neutral,Neutral
1597,Positive,Positive,5,5,Positive,Positive
1598,Positive,Positive,5,5,Positive,Positive
1599,Positive,Positive,4,4,Positive,Positive
1600,Positive,Positive,5,5,Positive,Positive
1601,Positive,Positive,3,3,Neutral,Neutral
1602,Positive,Positive,4,4,Positive,Positive
1603,Positive,Positive,5,5,Positive,Positive
1604,Neutral,Neutral,5,5,Positive,Positive
1605,Positive,Positive,4,4,Positive,Positive
1606,Positive,Positive,4,4,Positive,Positive
1607,Positive,Positive,5,5,Positive,Positive
1608,Negative,Negative,5,5,Positive,Positive
1609,Positive,Positive,3,3,Neutral,Neutral
1610,Positive,Positive,4,4,Positive,Positive
1611,Neutral,Neutral,2,2,Negative,Negative
1612,Positive,Positive,4,4,Positive,Positive
1613,Positive,Positive,5,5,Positive,Positive
1614,Positive,Positive,5,5,Positive,Positive
1615,Positive,Positive,5,5,Positive,Positive
1616,Positive,Positive,4,4,Positive,Positive
1617,Positive,Positive,5,5,Positive,Positive
1618,Negative,Negative,1,1,Negative,Negative
1619,Negative,Negative,1,1,Negative,Negative
1620,Positive,Positive,3,2,Neutral,Negative
1621,Positive,Positive,4,4,Positive,Positive
1622,Negative,Negative,4,4,Positive,Positive
1623,Positive,Positive,4,4,Positive,Positive
1624,Negative,Negative,3,4,Neutral,Positive
1625,Positive,Negative,4,4,Positive,Positive
1626,Negative,Negative,1,1,Negative,Negative
1627,Positive,Positive,4,4,Positive,Positive
1628,Negative,Negative,1,1,Negative,Negative
1629,Positive,Positive,5,5,Positive,Positive
1630,Positive,Positive,4,4,Positive,Positive
1631,Positive,Positive,4,4,Positive,Positive
1632,Negative,Negative,2,2,Negative,Negative
1633,Positive,Positive,5,5,Positive,Positive
1634,Negative,Positive,2,2,Negative,Negative
1635,Positive,Positive,5,4,Positive,Positive
1636,Positive,Positive,4,4,Positive,Positive
1637,Positive,Positive,5,5,Positive,Positive
1638,Positive,Positive,4,4,Positive,Positive
1639,Positive,Positive,5,5,Positive,Positive
1640,Positive,Positive,5,5,Positive,Positive
1641,Positive,Positive,2,2,Negative,Negative
1642,Positive,Positive,4,4,Positive,Positive
1643,Positive,Positive,5,5,Positive,Positive
1644,Positive,Positive,5,5,Positive,Positive
1645,Positive,Positive,5,5,Positive,Positive
1646,Positive,Positive,5,5,Positive,Positive
1647,Positive,Positive,5,5,Positive,Positive
1648,Negative,Negative,1,1,Negative,Negative
1649,Positive,Positive,2,2,Negative,Negative
1650,Positive,Positive,4,4,Positive,Positive
1651,Positive,Positive,4,4,Positive,Positive
1652,Positive,Positive,3,3,Neutral,Neutral
1653,Positive,Positive,4,4,Positive,Positive
1654,Positive,Positive,3,3,Neutral,Neutral
1655,Positive,Negative,4,3,Positive,Neutral
1656,Positive,Positive,4,4,Positive,Positive
1657,Neutral,Neutral,3,3,Neutral,Neutral
1658,Positive,Positive,2,2,Negative,Negative
1659,Positive,Positive,5,5,Positive,Positive
1660,Negative,Negative,2,2,Negative,Negative
1661,Negative,Negative,1,1,Negative,Negative
1662,Negative,Negative,1,1,Negative,Negative
1663,Positive,Positive,1,1,Negative,Negative
1664,Positive,Positive,5,5,Positive,Positive
1665,Negative,Negative,4,4,Positive,Positive
1666,Positive,Positive,5,5,Positive,Positive
1667,Negative,Negative,1,1,Negative,Negative
1668,Positive,Negative,1,1,Negative,Negative
1669,Positive,Positive,5,5,Positive,Positive
1670,Positive,Positive,5,5,Positive,Positive
1671,Negative,Negative,1,1,Negative,Negative
1672,Negative,Negative,2,2,Negative,Negative
1673,Positive,Positive,5,5,Positive,Positive
1674,Positive,Positive,5,5,Positive,Positive
1675,Negative,Negative,1,1,Negative,Negative
1676,Negative,Positive,1,2,Negative,Negative
1677,Positive,Positive,4,4,Positive,Positive
1678,Positive,Positive,5,5,Positive,Positive
1679,Positive,Positive,5,5,Positive,Positive
1680,Positive,Positive,1,1,Negative,Negative
1681,Positive,Positive,4,4,Positive,Positive
1682,Positive,Positive,4,4,Positive,Positive
1683,Positive,Positive,5,5,Positive,Positive
1684,Positive,Positive,5,5,Positive,Positive
1685,Positive,Positive,5,5,Positive,Positive
1686,Positive,Positive,5,5,Positive,Positive
1687,Negative,Negative,5,5,Positive,Positive
1688,Negative,Negative,1,1,Negative,Negative
1689,Positive,Positive,5,5,Positive,Positive
1690,Positive,Positive,5,4,Positive,Positive
1691,Positive,Positive,5,5,Positive,Positive
1692,Negative,Negative,4,4,Positive,Positive
1693,Positive,Positive,5,5,Positive,Positive
1694,Positive,Positive,4,4,Positive,Positive
1695,Negative,Negative,3,3,Neutral,Neutral
1696,Positive,Positive,4,4,Positive,Positive
1697,Positive,Positive,5,5,Positive,Positive
1698,Positive,Positive,4,4,Positive,Positive
1699,Negative,Negative,3,3,Neutral,Neutral
1700,Positive,Positive,5,5,Positive,Positive
1701,Positive,Positive,5,5,Positive,Positive
1702,Positive,Positive,4,1,Positive,Negative
1703,Positive,Positive,5,5,Positive,Positive
1704,Positive,Positive,4,5,Positive,Positive
1705,Positive,Positive,4,4,Positive,Positive
1706,Positive,Positive,4,4,Positive,Positive
1707,Negative,Positive,2,2,Negative,Negative
1708,Positive,Positive,5,5,Positive,Positive
1709,Negative,Negative,2,2,Negative,Negative
1710,Positive,Positive,4,4,Positive,Positive
1711,Negative,Negative,1,1,Negative,Negative
1712,Positive,Positive,4,4,Positive,Positive
1713,Positive,Positive,4,4,Positive,Positive
1714,Positive,Positive,3,3,Neutral,Neutral
1715,Positive,Positive,4,4,Positive,Positive
1716,Positive,Positive,2,2,Negative,Negative
1717,Positive,Positive,2,2,Negative,Negative
1718,Positive,Positive,1,1,Negative,Negative
1719,Negative,Negative,2,2,Negative,Negative
1720,Negative,Negative,1,1,Negative,Negative
1721,Positive,Positive,4,4,Positive,Positive
1722,Positive,Positive,4,4,Positive,Positive
1723,Positive,Positive,5,5,Positive,Positive
1724,Positive,Positive,3,3,Neutral,Neutral
1725,Positive,Positive,5,5,Positive,Positive
1726,Neutral,Neutral,5,5,Positive,Positive
1727,Positive,Positive,5,5,Positive,Positive
1728,Negative,Negative,5,5,Positive,Positive
1729,Positive,Positive,4,4,Positive,Positive
1730,Positive,Positive,5,5,Positive,Positive
1731,Positive,Positive,4,4,Positive,Positive
1732,Positive,Positive,4,4,Positive,Positive
1733,Positive,Positive,5,5,Positive,Positive
1734,Positive,Positive,4,4,Positive,Positive
1735,Negative,Negative,1,2,Negative,Negative
1736,Positive,Positive,5,5,Positive,Positive
1737,Positive,Positive,5,5,Positive,Positive
1738,Positive,Positive,4,4,Positive,Positive
1739,Positive,Positive,4,4,Positive,Positive
1740,Positive,Positive,4,4,Positive,Positive
1741,Positive,Positive,5,5,Positive,Positive
1742,Positive,Positive,5,5,Positive,Positive
1743,Positive,Positive,4,4,Positive,Positive
1744,Positive,Positive,4,4,Positive,Positive
1745,Negative,Negative,4,4,Positive,Positive
1746,Positive,Positive,3,3,Neutral,Neutral
1747,Negative,Negative,4,4,Positive,Positive
1748,Positive,Positive,3,3,Neutral,Neutral
1749,Negative,Negative,4,4,Positive,Positive
1750,Positive,Positive,4,4,Positive,Positive
1751,Positive,Positive,5,5,Positive,Positive
1752,Positive,Positive,4,4,Positive,Positive
1753,Positive,Positive,5,5,Positive,Positive
1754,Positive,Positive,5,5,Positive,Positive
1755,Positive,Positive,5,5,Positive,Positive
1756,Negative,Negative,2,5,Negative,Positive
1757,Negative,Negative,3,3,Neutral,Neutral
1758,Negative,Negative,1,1,Negative,Negative
1759,Negative,Negative,5,5,Positive,Positive
1760,Positive,Positive,5,5,Positive,Positive
1761,Positive,Positive,4,4,Positive,Positive
1762,Neutral,Neutral,5,5,Positive,Positive
1763,Positive,Positive,4,4,Positive,Positive
1764,Positive,Positive,5,5,Positive,Positive
1765,Positive,Positive,4,4,Positive,Positive
1766,Negative,Negative,2,2,Negative,Negative
1767,Positive,Positive,4,4,Positive,Positive
1768,Positive,Positive,4,4,Positive,Positive
1769,Negative,Negative,2,2,Negative,Negative
1770,Positive,Positive,4,4,Positive,Positive
1771,Positive,Positive,3,3,Neutral,Neutral
1772,Positive,Positive,4,4,Positive,Positive
1773,Positive,Positive,5,5,Positive,Positive
1774,Positive,Positive,5,5,Positive,Positive
1775,Positive,Positive,4,5,Positive,Positive
1776,Negative,Positive,2,2,Negative,Negative
1777,Positive,Positive,3,3,Neutral,Neutral
1778,Positive,Positive,4,4,Positive,Positive
1779,Positive,Positive,5,5,Positive,Positive
1780,Positive,Positive,1,1,Negative,Negative
1781,Positive,Positive,4,4,Positive,Positive
1782,Neutral,Neutral,4,4,Positive,Positive
1783,Negative,Negative,4,4,Positive,Positive
1784,Positive,Positive,3,3,Neutral,Neutral
1785,Positive,Positive,4,4,Positive,Positive
1786,Positive,Negative,4,4,Positive,Positive
1787,Positive,Positive,4,4,Positive,Positive
1788,Negative,Negative,5,5,Positive,Positive
1789,Positive,Positive,4,4,Positive,Positive
1790,Positive,Negative,2,2,Negative,Negative
1791,Positive,Positive,4,4,Positive,Positive
1792,Positive,Positive,4,4,Positive,Positive
1793,Neutral,Neutral,4,4,Positive,Positive
1794,Positive,Positive,5,5,Positive,Positive
1795,Positive,Positive,5,4,Positive,Positive
1796,Positive,Positive,4,4,Positive,Positive
1797,Negative,Negative,1,1,Negative,Negative
1798,Positive,Positive,5,5,Positive,Positive
1799,Positive,Positive,2,2,Negative,Negative
1800,Negative,Positive,4,4,Positive,Positive
1801,Positive,Positive,2,2,Negative,Negative
1802,Positive,Positive,5,4,Positive,Positive
1803,Positive,Positive,5,5,Positive,Positive
1804,Positive,Positive,5,5,Positive,Positive
1805,Negative,Negative,2,2,Negative,Negative
1806,Positive,Positive,5,5,Positive,Positive
1807,Positive,Positive,2,2,Negative,Negative
1808,Positive,Positive,3,3,Neutral,Neutral
1809,Positive,Positive,2,2,Negative,Negative
1810,Positive,Positive,4,4,Positive,Positive
1811,Negative,Neutral,2,2,Negative,Negative
1812,Positive,Positive,3,3,Neutral,Neutral
1813,Positive,Positive,2,2,Negative,Negative
1814,Positive,Positive,3,3,Neutral,Neutral
1815,Positive,Neutral,4,2,Positive,Negative
1816,Positive,Positive,5,5,Positive,Positive
1817,Positive,Positive,3,2,Neutral,Negative
1818,Negative,Negative,2,2,Negative,Negative
1819,Positive,Positive,5,5,Positive,Positive
1820,Positive,Positive,5,4,Positive,Positive
1821,Positive,Positive,4,4,Positive,Positive
1822,Positive,Positive,5,5,Positive,Positive
1823,Positive,Positive,4,4,Positive,Positive
1824,Positive,Positive,2,2,Negative,Negative
1825,Positive,Positive,4,4,Positive,Positive
1826,Positive,Positive,1,1,Negative,Negative
1827,Positive,Positive,4,4,Positive,Positive
1828,Positive,Positive,4,4,Positive,Positive
1829,Positive,Positive,5,5,Positive,Positive
1830,Negative,Negative,2,2,Negative,Negative
1831,Positive,Positive,3,3,Neutral,Neutral
1832,Positive,Positive,4,4,Positive,Positive
1833,Positive,Positive,5,5,Positive,Positive
1834,Positive,Positive,5,5,Positive,Positive
1835,Positive,Positive,5,5,Positive,Positive
1836,Negative,Negative,4,4,Positive,Positive
1837,Positive,Positive,5,5,Positive,Positive
1838,Positive,Positive,5,5,Positive,Positive
1839,Positive,Positive,5,5,Positive,Positive
1840,Negative,Negative,1,1,Negative,Negative
1841,Negative,Negative,5,5,Positive,Positive
1842,Negative,Negative,1,1,Negative,Negative
1843,Positive,Positive,5,5,Positive,Positive
1844,Positive,Positive,5,2,Positive,Negative
1845,Positive,Positive,4,4,Positive,Positive
1846,Positive,Negative,4,4,Positive,Positive
1847,Positive,Positive,2,2,Negative,Negative
1848,Neutral,Neutral,3,3,Neutral,Neutral
1849,Positive,Positive,5,5,Positive,Positive
1850,Positive,Positive,5,4,Positive,Positive
1851,Negative,Negative,4,4,Positive,Positive
1852,Positive,Positive,4,4,Positive,Positive
1853,Positive,Positive,3,3,Neutral,Neutral
1854,Positive,Positive,5,5,Positive,Positive
1855,Neutral,Neutral,5,5,Positive,Positive
1856,Positive,Positive,5,5,Positive,Positive
1857,Positive,Positive,5,5,Positive,Positive
1858,Positive,Positive,5,5,Positive,Positive
1859,Positive,Positive,4,4,Positive,Positive
1860,Negative,Negative,4,4,Positive,Positive
1861,Positive,Positive,5,5,Positive,Positive
1862,Positive,Positive,4,4,Positive,Positive
1863,Positive,Positive,5,5,Positive,Positive
1864,Positive,Positive,3,3,Neutral,Neutral
1865,Positive,Positive,3,3,Neutral,Neutral
1866,Positive,Positive,4,4,Positive,Positive
1867,Positive,Negative,2,2,Negative,Negative
1868,Positive,Positive,5,5,Positive,Positive
1869,Positive,Positive,1,1,Negative,Negative
1870,Positive,Positive,3,3,Neutral,Neutral
1871,Positive,Positive,5,5,Positive,Positive
1872,Positive,Positive,4,4,Positive,Positive
1873,Positive,Positive,4,4,Positive,Positive
1874,Positive,Positive,5,5,Positive,Positive
1875,Positive,Positive,5,5,Positive,Positive
1876,Positive,Positive,4,4,Positive,Positive
1877,Positive,Positive,5,5,Positive,Positive
1878,Negative,Negative,5,5,Positive,Positive
1879,Positive,Positive,5,5,Positive,Positive
1880,Negative,Negative,1,1,Negative,Negative
1881,Negative,Negative,3,3,Neutral,Neutral
1882,Positive,Positive,3,3,Neutral,Neutral
1883,Negative,Positive,5,5,Positive,Positive
1884,Positive,Positive,4,5,Positive,Positive
1885,Positive,Positive,4,4,Positive,Positive
1886,Positive,Positive,1,1,Negative,Negative
1887,Positive,Positive,4,4,Positive,Positive
1888,Negative,Negative,1,1,Negative,Negative
1889,Positive,Positive,4,4,Positive,Positive
1890,Positive,Positive,4,4,Positive,Positive
1891,Positive,Positive,2,2,Negative,Negative
1892,Positive,Negative,4,3,Positive,Neutral
1893,Positive,Negative,2,2,Negative,Negative
1894,Positive,Positive,5,5,Positive,Positive
1895,Positive,Positive,4,4,Positive,Positive
1896,Negative,Negative,3,3,Neutral,Neutral
1897,Positive,Positive,5,5,Positive,Positive
1898,Positive,Positive,5,5,Positive,Positive
1899,Positive,Positive,5,5,Positive,Positive
1900,Positive,Positive,4,4,Positive,Positive
1901,Negative,Negative,5,5,Positive,Positive
1902,Negative,Negative,3,3,Neutral,Neutral
1903,Positive,Positive,5,5,Positive,Positive
1904,Positive,Positive,4,4,Positive,Positive
1905,Positive,Positive,4,4,Positive,Positive
1906,Positive,Positive,4,4,Positive,Positive
1907,Negative,Negative,5,5,Positive,Positive
1908,Negative,Negative,2,2,Negative,Negative
1909,Negative,Negative,4,4,Positive,Positive
1910,Neutral,Neutral,4,4,Positive,Positive
1911,Negative,Negative,3,3,Neutral,Neutral
1912,Positive,Positive,4,4,Positive,Positive
1913,Positive,Positive,1,2,Negative,Negative
1914,Positive,Positive,4,4,Positive,Positive
1915,Negative,Negative,1,1,Negative,Negative
1916,Positive,Positive,5,5,Positive,Positive
1917,Positive,Positive,5,5,Positive,Positive
1918,Positive,Positive,5,5,Positive,Positive
1919,Positive,Positive,4,4,Positive,Positive
1920,Positive,Positive,2,2,Negative,Negative
1921,Positive,Positive,2,2,Negative,Negative
1922,Positive,Positive,4,4,Positive,Positive
1923,Positive,Positive,4,4,Positive,Positive
1924,Negative,Negative,2,2,Negative,Negative
1925,Positive,Positive,5,5,Positive,Positive
1926,Negative,Negative,1,1,Negative,Negative
1927,Positive,Positive,5,5,Positive,Positive
1928,Neutral,Neutral,5,5,Positive,Positive
1929,Positive,Positive,5,5,Positive,Positive
1930,Positive,Positive,5,5,Positive,Positive
1931,Positive,Positive,5,5,Positive,Positive
1932,Positive,Positive,4,4,Positive,Positive
1933,Positive,Positive,5,5,Positive,Positive
1934,Negative,Negative,1,1,Negative,Negative
1935,Positive,Positive,5,5,Positive,Positive
1936,Negative,Negative,1,1,Negative,Negative
1937,Negative,Negative,2,2,Negative,Negative
1938,Negative,Negative,1,1,Negative,Negative
1939,Negative,Negative,5,4,Positive,Positive
1940,Positive,Positive,5,5,Positive,Positive
1941,Positive,Positive,2,1,Negative,Negative
1942,Neutral,Neutral,3,3,Neutral,Neutral
1943,Positive,Positive,5,5,Positive,Positive
1944,Positive,Positive,5,5,Positive,Positive
1945,Positive,Positive,4,4,Positive,Positive
1946,Positive,Positive,4,4,Positive,Positive
1947,Positive,Positive,4,4,Positive,Positive
1948,Positive,Positive,5,5,Positive,Positive
1949,Positive,Positive,3,3,Neutral,Neutral
1950,Negative,Positive,3,3,Neutral,Neutral
1951,Positive,Positive,3,3,Neutral,Neutral
1952,Positive,Positive,5,5,Positive,Positive
1953,Positive,Positive,1,1,Negative,Negative
1954,Positive,Positive,4,5,Positive,Positive
1955,Positive,Positive,4,4,Positive,Positive
1956,Positive,Positive,3,3,Neutral,Neutral
1957,Positive,Positive,4,4,Positive,Positive
1958,Positive,Positive,5,5,Positive,Positive
1959,Positive,Positive,5,5,Positive,Positive
1960,Positive,Positive,4,4,Positive,Positive
1961,Positive,Positive,4,4,Positive,Positive
1962,Positive,Positive,5,5,Positive,Positive
1963,Positive,Positive,5,5,Positive,Positive
1964,Negative,Negative,2,2,Negative,Negative
1965,Positive,Positive,4,4,Positive,Positive
1966,Positive,Positive,5,5,Positive,Positive
1967,Positive,Positive,5,5,Positive,Positive
1968,Positive,Positive,4,4,Positive,Positive
1969,Positive,Positive,5,5,Positive,Positive
1970,Positive,Positive,5,5,Positive,Positive
1971,Positive,Positive,5,5,Positive,Positive
1972,Neutral,Neutral,4,4,Positive,Positive
1973,Positive,Positive,2,1,Negative,Negative
1974,Positive,Positive,5,5,Positive,Positive
1975,Positive,Positive,4,4,Positive,Positive
1976,Negative,Negative,2,2,Negative,Negative
1977,Negative,Negative,4,4,Positive,Positive
1978,Positive,Positive,4,4,Positive,Positive
1979,Positive,Positive,4,3,Positive,Neutral
1980,Positive,Positive,5,5,Positive,Positive
1981,Positive,Positive,5,5,Positive,Positive
1982,Negative,Negative,5,1,Positive,Negative
1983,Positive,Positive,3,3,Neutral,Neutral
1984,Positive,Positive,5,5,Positive,Positive
1985,Positive,Positive,5,5,Positive,Positive
1986,Positive,Positive,4,4,Positive,Positive
1987,Negative,Negative,1,1,Negative,Negative
1988,Negative,Negative,2,3,Negative,Neutral
1989,Positive,Positive,5,5,Positive,Positive
1990,Positive,Positive,4,4,Positive,Positive
1991,Positive,Positive,5,5,Positive,Positive
1992,Positive,Positive,4,4,Positive,Positive
1993,Positive,Positive,4,4,Positive,Positive
1994,Positive,Positive,4,4,Positive,Positive
1995,Positive,Positive,3,3,Neutral,Neutral
1996,Positive,Positive,5,5,Positive,Positive
1997,Positive,Positive,5,5,Positive,Positive
1998,Positive,Positive,5,5,Positive,Positive
1999,Positive,Positive,5,5,Positive,Positive
2000,Positive,Positive,5,5,Positive,Positive
2001,Positive,Positive,4,4,Positive,Positive
2002,Positive,Positive,3,3,Neutral,Neutral
2003,Neutral,Neutral,4,4,Positive,Positive
2004,Positive,Positive,3,3,Neutral,Neutral
2005,Positive,Positive,5,5,Positive,Positive
2006,Positive,Positive,5,1,Positive,Negative
2007,Negative,Negative,2,2,Negative,Negative
2008,Neutral,Neutral,4,4,Positive,Positive
2009,Positive,Positive,5,5,Positive,Positive
2010,Positive,Positive,4,4,Positive,Positive
2011,Positive,Positive,5,5,Positive,Positive
2012,Positive,Positive,5,5,Positive,Positive
2013,Positive,Positive,5,5,Positive,Positive
2014,Positive,Negative,4,4,Positive,Positive
2015,Negative,Negative,2,2,Negative,Negative
2016,Positive,Positive,4,4,Positive,Positive
2017,Positive,Positive,4,4,Positive,Positive
2018,Negative,Negative,2,2,Negative,Negative
2019,Positive,Positive,4,4,Positive,Positive
2020,Positive,Positive,2,2,Negative,Negative
2021,Positive,Positive,3,3,Neutral,Neutral
2022,Negative,Negative,2,2,Negative,Negative
2023,Positive,Positive,5,5,Positive,Positive
2024,Positive,Positive,2,2,Negative,Negative
2025,Positive,Positive,5,5,Positive,Positive
2026,Negative,Negative,4,4,Positive,Positive
2027,Positive,Positive,4,4,Positive,Positive
2028,Positive,Positive,5,5,Positive,Positive
2029,Positive,Positive,5,4,Positive,Positive
2030,Positive,Positive,5,5,Positive,Positive
2031,Negative,Negative,5,5,Positive,Positive
2032,Positive,Positive,4,4,Positive,Positive
2033,Positive,Positive,3,3,Neutral,Neutral
2034,Positive,Positive,1,1,Negative,Negative
2035,Positive,Positive,4,4,Positive,Positive
2036,Negative,Negative,4,4,Positive,Positive
2037,Positive,Positive,4,4,Positive,Positive
2038,Positive,Positive,2,2,Negative,Negative
2039,Positive,Positive,4,4,Positive,Positive
2040,Positive,Positive,5,5,Positive,Positive
2041,Positive,Positive,5,5,Positive,Positive
2042,Positive,Positive,3,3,Neutral,Neutral
2043,Positive,Positive,5,5,Positive,Positive
2044,Positive,Positive,4,4,Positive,Positive
2045,Positive,Positive,4,4,Positive,Positive
2046,Positive,Positive,5,5,Positive,Positive
2047,Positive,Positive,5,5,Positive,Positive
2048,Positive,Positive,4,4,Positive,Positive
2049,Positive,Positive,5,5,Positive,Positive
2050,Positive,Positive,5,5,Positive,Positive
2051,Positive,Positive,1,1,Negative,Negative
2052,Neutral,Neutral,5,5,Positive,Positive
2053,Positive,Positive,4,4,Positive,Positive
2054,Positive,Positive,5,5,Positive,Positive
2055,Positive,Positive,5,5,Positive,Positive
2056,Positive,Positive,3,3,Neutral,Neutral
2057,Positive,Positive,4,4,Positive,Positive
2058,Positive,Positive,5,5,Positive,Positive
2059,Positive,Positive,5,5,Positive,Positive
2060,Positive,Positive,3,3,Neutral,Neutral
2061,Positive,Positive,4,4,Positive,Positive
2062,Positive,Positive,5,5,Positive,Positive
2063,Positive,Positive,5,5,Positive,Positive
2064,Positive,Positive,4,4,Positive,Positive
2065,Positive,Positive,5,5,Positive,Positive
2066,Positive,Positive,5,5,Positive,Positive
2067,Positive,Positive,3,3,Neutral,Neutral
2068,Negative,Negative,2,2,Negative,Negative
2069,Positive,Positive,5,4,Positive,Positive
2070,Positive,Positive,4,4,Positive,Positive
2071,Positive,Positive,4,4,Positive,Positive
2072,Positive,Positive,4,4,Positive,Positive
2073,Positive,Negative,1,1,Negative,Negative
2074,Positive,Positive,4,4,Positive,Positive
2075,Positive,Positive,4,4,Positive,Positive
2076,Positive,Positive,5,5,Positive,Positive
2077,Positive,Positive,4,4,Positive,Positive
2078,Positive,Positive,4,4,Positive,Positive
2079,Positive,Positive,5,5,Positive,Positive
2080,Positive,Positive,5,5,Positive,Positive
2081,Negative,Negative,3,3,Neutral,Neutral
2082,Positive,Positive,3,3,Neutral,Neutral
2083,Positive,Positive,4,5,Positive,Positive
2084,Positive,Positive,3,3,Neutral,Neutral
2085,Positive,Positive,4,4,Positive,Positive
2086,Positive,Positive,5,5,Positive,Positive
2087,Positive,Positive,4,4,Positive,Positive
2088,Positive,Positive,4,4,Positive,Positive
2089,Positive,Positive,2,3,Negative,Neutral
2090,Positive,Positive,4,4,Positive,Positive
2091,Positive,Positive,5,5,Positive,Positive
2092,Negative,Negative,1,1,Negative,Negative
2093,Positive,Positive,5,5,Positive,Positive
2094,Negative,Negative,1,1,Negative,Negative
2095,Positive,Positive,2,2,Negative,Negative
2096,Positive,Positive,3,3,Neutral,Neutral
2097,Negative,Positive,3,3,Neutral,Neutral
2098,Positive,Positive,5,5,Positive,Positive
2099,Negative,Negative,1,1,Negative,Negative
2100,Positive,Positive,3,3,Neutral,Neutral
2101,Negative,Negative,1,1,Negative,Negative
2102,Positive,Positive,5,5,Positive,Positive
2103,Negative,Negative,2,2,Negative,Negative
2104,Positive,Positive,3,4,Neutral,Positive
2105,Positive,Positive,3,3,Neutral,Neutral
2106,Positive,Positive,5,5,Positive,Positive
2107,Positive,Positive,5,5,Positive,Positive
2108,Negative,Negative,1,1,Negative,Negative
2109,Positive,Positive,5,5,Positive,Positive
2110,Negative,Negative,4,4,Positive,Positive
2111,Positive,Positive,4,4,Positive,Positive
2112,Negative,Negative,2,2,Negative,Negative
2113,Positive,Positive,3,3,Neutral,Neutral
2114,Positive,Positive,4,4,Positive,Positive
2115,Positive,Positive,5,5,Positive,Positive
2116,Positive,Positive,4,4,Positive,Positive
2117,Positive,Positive,5,5,Positive,Positive
2118,Positive,Positive,5,5,Positive,Positive
2119,Positive,Positive,4,4,Positive,Positive
2120,Positive,Positive,4,4,Positive,Positive
2121,Positive,Positive,5,5,Positive,Positive
2122,Positive,Negative,2,2,Negative,Negative
2123,Positive,Positive,5,5,Positive,Positive
2124,Negative,Negative,2,2,Negative,Negative
2125,Neutral,Neutral,1,1,Negative,Negative
2126,Negative,Negative,5,5,Positive,Positive
2127,Positive,Positive,5,5,Positive,Positive
2128,Positive,Positive,1,1,Negative,Negative
2129,Positive,Positive,5,5,Positive,Positive
2130,Positive,Positive,4,4,Positive,Positive
2131,Positive,Positive,5,5,Positive,Positive
2132,Negative,Negative,2,2,Negative,Negative
2133,Positive,Positive,4,4,Positive,Positive
2134,Positive,Positive,4,4,Positive,Positive
2135,Positive,Positive,5,5,Positive,Positive
2136,Positive,Positive,4,4,Positive,Positive
2137,Positive,Positive,3,3,Neutral,Neutral
2138,Negative,Negative,2,2,Negative,Negative
2139,Negative,Negative,3,3,Neutral,Neutral
2140,Negative,Negative,1,1,Negative,Negative
2141,Negative,Negative,4,4,Positive,Positive
2142,Positive,Positive,1,2,Negative,Negative
2143,Positive,Positive,5,5,Positive,Positive
2144,Positive,Positive,4,4,Positive,Positive
2145,Neutral,Neutral,3,3,Neutral,Neutral
2146,Positive,Positive,4,4,Positive,Positive
2147,Neutral,Neutral,2,2,Negative,Negative
2148,Positive,Positive,4,4,Positive,Positive
2149,Positive,Positive,4,4,Positive,Positive
2150,Positive,Positive,5,5,Positive,Positive
2151,Positive,Positive,4,4,Positive,Positive
2152,Positive,Positive,4,4,Positive,Positive
2153,Positive,Positive,5,5,Positive,Positive
2154,Positive,Positive,5,5,Positive,Positive
2155,Positive,Positive,4,4,Positive,Positive
2156,Negative,Negative,5,5,Positive,Positive
2157,Positive,Positive,5,5,Positive,Positive
2158,Positive,Positive,5,5,Positive,Positive
2159,Positive,Positive,3,4,Neutral,Positive
2160,Positive,Positive,4,5,Positive,Positive
2161,Positive,Positive,1,1,Negative,Negative
2162,Positive,Positive,3,3,Neutral,Neutral
2163,Positive,Positive,3,3,Neutral,Neutral
2164,Negative,Negative,1,1,Negative,Negative
2165,Positive,Positive,5,5,Positive,Positive
2166,Positive,Positive,5,5,Positive,Positive
2167,Positive,Positive,5,5,Positive,Positive
2168,Negative,Negative,4,4,Positive,Positive
2169,Positive,Positive,5,5,Positive,Positive
2170,Positive,Positive,4,4,Positive,Positive
2171,Positive,Positive,4,4,Positive,Positive
2172,Positive,Positive,4,4,Positive,Positive
2173,Positive,Positive,5,5,Positive,Positive
2174,Positive,Positive,5,5,Positive,Positive
2175,Negative,Negative,4,4,Positive,Positive
2176,Positive,Positive,4,4,Positive,Positive
2177,Positive,Negative,2,1,Negative,Negative
2178,Positive,Positive,5,5,Positive,Positive
2179,Positive,Positive,5,5,Positive,Positive
2180,Negative,Negative,1,1,Negative,Negative
2181,Negative,Positive,4,4,Positive,Positive
2182,Positive,Positive,4,4,Positive,Positive
2183,Positive,Negative,2,2,Negative,Negative
2184,Positive,Positive,5,5,Positive,Positive
2185,Neutral,Positive,1,1,Negative,Negative
2186,Positive,Positive,5,5,Positive,Positive
2187,Negative,Negative,1,1,Negative,Negative
2188,Negative,Negative,4,4,Positive,Positive
2189,Positive,Positive,5,5,Positive,Positive
2190,Negative,Negative,5,5,Positive,Positive
2191,Negative,Negative,1,1,Negative,Negative
2192,Positive,Positive,5,4,Positive,Positive
2193,Positive,Positive,5,5,Positive,Positive
2194,Positive,Negative,2,2,Negative,Negative
2195,Positive,Positive,4,4,Positive,Positive
2196,Negative,Negative,1,1,Negative,Negative
2197,Positive,Positive,4,4,Positive,Positive
2198,Positive,Positive,4,4,Positive,Positive
2199,Positive,Positive,3,3,Neutral,Neutral
2200,Positive,Positive,3,3,Neutral,Neutral
2201,Positive,Positive,5,5,Positive,Positive
2202,Positive,Positive,2,2,Negative,Negative
2203,Positive,Negative,4,4,Positive,Positive
2204,Negative,Positive,2,2,Negative,Negative
2205,Positive,Positive,5,5,Positive,Positive
2206,Positive,Positive,1,1,Negative,Negative
2207,Positive,Positive,5,5,Positive,Positive
2208,Positive,Positive,5,5,Positive,Positive
2209,Positive,Positive,1,1,Negative,Negative
2210,Positive,Positive,5,5,Positive,Positive
2211,Positive,Positive,4,4,Positive,Positive
2212,Positive,Positive,3,3,Neutral,Neutral
2213,Negative,Negative,1,1,Negative,Negative
2214,Positive,Negative,1,1,Negative,Negative
2215,Neutral,Neutral,2,2,Negative,Negative
2216,Positive,Positive,3,3,Neutral,Neutral
2217,Positive,Positive,4,3,Positive,Neutral
2218,Positive,Positive,5,5,Positive,Positive
2219,Positive,Positive,4,4,Positive,Positive
2220,Negative,Negative,1,1,Negative,Negative
2221,Positive,Positive,5,5,Positive,Positive
2222,Positive,Positive,2,2,Negative,Negative
2223,Positive,Positive,4,4,Positive,Positive
2224,Positive,Positive,4,3,Positive,Neutral
2225,Negative,Negative,1,1,Negative,Negative
2226,Positive,Positive,4,2,Positive,Negative
2227,Positive,Positive,4,2,Positive,Negative
2228,Positive,Positive,5,5,Positive,Positive
2229,Positive,Positive,4,4,Positive,Positive
2230,Positive,Positive,2,2,Negative,Negative
2231,Negative,Positive,4,4,Positive,Positive
2232,Negative,Negative,1,4,Negative,Positive
2233,Positive,Positive,5,5,Positive,Positive
2234,Positive,Positive,4,4,Positive,Positive
2235,Positive,Positive,4,3,Positive,Neutral
2236,Positive,Positive,4,4,Positive,Positive
2237,Neutral,Neutral,4,4,Positive,Positive
2238,Positive,Positive,5,5,Positive,Positive
2239,Negative,Negative,1,1,Negative,Negative
2240,Neutral,Neutral,5,5,Positive,Positive
2241,Positive,Positive,5,5,Positive,Positive
2242,Positive,Positive,4,4,Positive,Positive
2243,Negative,Negative,1,1,Negative,Negative
2244,Positive,Positive,4,4,Positive,Positive
2245,Positive,Positive,4,4,Positive,Positive
2246,Negative,Negative,5,5,Positive,Positive
2247,Negative,Negative,1,1,Negative,Negative
2248,Positive,Positive,3,3,Neutral,Neutral
2249,Positive,Positive,5,5,Positive,Positive
2250,Negative,Negative,2,2,Negative,Negative
2251,Positive,Positive,2,2,Negative,Negative
2252,Positive,Positive,4,4,Positive,Positive
2253,Positive,Positive,1,1,Negative,Negative
2254,Positive,Positive,2,2,Negative,Negative
2255,Neutral,Neutral,5,5,Positive,Positive
2256,Positive,Positive,5,5,Positive,Positive
2257,Positive,Positive,5,5,Positive,Positive
2258,Positive,Positive,4,4,Positive,Positive
2259,Positive,Positive,4,4,Positive,Positive
2260,Positive,Positive,4,4,Positive,Positive
2261,Positive,Positive,5,4,Positive,Positive
2262,Positive,Positive,4,4,Positive,Positive
2263,Positive,Positive,5,5,Positive,Positive
2264,Positive,Positive,5,5,Positive,Positive
2265,Positive,Positive,5,5,Positive,Positive
2266,Positive,Positive,4,4,Positive,Positive
2267,Neutral,Neutral,1,1,Negative,Negative
2268,Positive,Positive,4,4,Positive,Positive
2269,Positive,Positive,4,5,Positive,Positive
2270,Positive,Positive,2,2,Negative,Negative
2271,Positive,Negative,1,1,Negative,Negative
2272,Positive,Positive,4,4,Positive,Positive
2273,Positive,Positive,5,5,Positive,Positive
2274,Positive,Positive,4,4,Positive,Positive
2275,Positive,Positive,3,3,Neutral,Neutral
2276,Positive,Positive,4,4,Positive,Positive
2277,Positive,Positive,5,5,Positive,Positive
2278,Positive,Positive,5,5,Positive,Positive
2279,Positive,Positive,4,4,Positive,Positive
2280,Positive,Positive,4,4,Positive,Positive
2281,Positive,Positive,5,5,Positive,Positive
2282,Positive,Positive,4,4,Positive,Positive
2283,Positive,Positive,4,3,Positive,Neutral
2284,Positive,Positive,4,4,Positive,Positive
2285,Neutral,Neutral,4,4,Positive,Positive
2286,Positive,Positive,5,5,Positive,Positive
2287,Neutral,Neutral,5,5,Positive,Positive
2288,Positive,Positive,4,5,Positive,Positive
2289,Positive,Positive,5,5,Positive,Positive
2290,Positive,Positive,4,4,Positive,Positive
2291,Positive,Positive,4,4,Positive,Positive
2292,Negative,Negative,2,2,Negative,Negative
2293,Negative,Negative,4,4,Positive,Positive
2294,Positive,Positive,4,4,Positive,Positive
2295,Negative,Negative,1,1,Negative,Negative
2296,Negative,Negative,1,5,Negative,Positive
2297,Positive,Positive,3,3,Neutral,Neutral
2298,Positive,Positive,3,3,Neutral,Neutral
2299,Positive,Positive,5,5,Positive,Positive
2300,Positive,Positive,2,3,Negative,Neutral
2301,Positive,Positive,5,5,Positive,Positive
2302,Positive,Positive,4,4,Positive,Positive
2303,Positive,Positive,5,5,Positive,Positive
2304,Positive,Positive,2,2,Negative,Negative
2305,Positive,Positive,5,5,Positive,Positive
2306,Positive,Positive,5,5,Positive,Positive
2307,Positive,Positive,4,4,Positive,Positive
2308,Positive,Positive,3,3,Neutral,Neutral
2309,Positive,Negative,5,5,Positive,Positive
2310,Positive,Positive,5,5,Positive,Positive
2311,Negative,Negative,5,5,Positive,Positive
2312,Positive,Positive,2,4,Negative,Positive
2313,Positive,Positive,5,5,Positive,Positive
2314,Negative,Negative,5,5,Positive,Positive
2315,Positive,Positive,5,5,Positive,Positive
2316,Positive,Positive,4,4,Positive,Positive
2317,Positive,Positive,3,3,Neutral,Neutral
2318,Positive,Positive,5,5,Positive,Positive
2319,Positive,Positive,4,4,Positive,Positive
2320,Positive,Positive,5,5,Positive,Positive
2321,Negative,Negative,3,3,Neutral,Neutral
2322,Positive,Positive,2,2,Negative,Negative
2323,Negative,Negative,4,4,Positive,Positive
2324,Positive,Positive,5,5,Positive,Positive
2325,Positive,Positive,5,5,Positive,Positive
2326,Neutral,Neutral,2,2,Negative,Negative
2327,Positive,Positive,5,5,Positive,Positive
2328,Positive,Positive,5,5,Positive,Positive
2329,Negative,Negative,1,1,Negative,Negative
2330,Positive,Positive,4,4,Positive,Positive
2331,Positive,Positive,5,5,Positive,Positive
2332,Negative,Negative,4,4,Positive,Positive
2333,Positive,Positive,4,4,Positive,Positive
2334,Positive,Positive,4,4,Positive,Positive
2335,Neutral,Neutral,2,2,Negative,Negative
2336,Positive,Positive,4,4,Positive,Positive
2337,Positive,Positive,5,5,Positive,Positive
2338,Positive,Positive,5,5,Positive,Positive
2339,Positive,Positive,5,5,Positive,Positive
2340,Positive,Positive,3,2,Neutral,Negative
2341,Positive,Positive,5,5,Positive,Positive
2342,Positive,Positive,3,3,Neutral,Neutral
2343,Positive,Positive,5,5,Positive,Positive
2344,Negative,Negative,3,3,Neutral,Neutral
2345,Positive,Negative,4,4,Positive,Positive
2346,Positive,Positive,2,2,Negative,Negative
2347,Positive,Positive,5,5,Positive,Positive
2348,Positive,Positive,5,5,Positive,Positive
2349,Positive,Positive,1,1,Negative,Negative
2350,Positive,Positive,1,1,Negative,Negative
2351,Positive,Positive,1,4,Negative,Positive
2352,Positive,Positive,4,4,Positive,Positive
2353,Positive,Positive,4,2,Positive,Negative
2354,Positive,Positive,2,2,Negative,Negative
2355,Positive,Positive,5,5,Positive,Positive
2356,Negative,Negative,4,4,Positive,Positive
2357,Positive,Positive,5,5,Positive,Positive
2358,Positive,Positive,3,3,Neutral,Neutral
2359,Positive,Positive,5,5,Positive,Positive
2360,Positive,Positive,4,4,Positive,Positive
2361,Positive,Positive,1,1,Negative,Negative
2362,Positive,Positive,5,5,Positive,Positive
2363,Negative,Negative,1,1,Negative,Negative
2364,Positive,Positive,5,5,Positive,Positive
2365,Positive,Positive,3,3,Neutral,Neutral
2366,Positive,Positive,3,3,Neutral,Neutral
2367,Positive,Positive,5,5,Positive,Positive
2368,Positive,Positive,5,5,Positive,Positive
2369,Positive,Positive,5,5,Positive,Positive
2370,Negative,Negative,1,1,Negative,Negative
2371,Positive,Positive,4,4,Positive,Positive
2372,Positive,Positive,5,5,Positive,Positive
2373,Negative,Negative,4,4,Positive,Positive
2374,Positive,Positive,5,5,Positive,Positive
2375,Negative,Negative,5,5,Positive,Positive
2376,Positive,Positive,4,4,Positive,Positive
2377,Positive,Positive,5,5,Positive,Positive
2378,Positive,Positive,3,3,Neutral,Neutral
2379,Positive,Positive,4,5,Positive,Positive
2380,Negative,Negative,3,3,Neutral,Neutral
2381,Positive,Negative,5,5,Positive,Positive
2382,Positive,Positive,1,1,Negative,Negative
2383,Positive,Positive,5,5,Positive,Positive
2384,Positive,Positive,4,4,Positive,Positive
2385,Positive,Positive,3,3,Neutral,Neutral
2386,Positive,Positive,4,4,Positive,Positive
2387,Positive,Positive,4,4,Positive,Positive
2388,Negative,Negative,1,1,Negative,Negative
2389,Positive,Positive,4,4,Positive,Positive
2390,Negative,Negative,3,3,Neutral,Neutral
2391,Negative,Negative,1,1,Negative,Negative
2392,Positive,Positive,5,4,Positive,Positive
2393,Positive,Positive,3,3,Neutral,Neutral
2394,Positive,Positive,3,3,Neutral,Neutral
2395,Positive,Positive,4,4,Positive,Positive
2396,Negative,Negative,5,5,Positive,Positive
2397,Positive,Positive,4,4,Positive,Positive
2398,Positive,Positive,4,4,Positive,Positive
2399,Negative,Negative,2,2,Negative,Negative
2400,Positive,Positive,5,5,Positive,Positive
2401,Negative,Negative,4,4,Positive,Positive
2402,Positive,Positive,5,5,Positive,Positive
2403,Positive,Positive,3,3,Neutral,Neutral
2404,Negative,Positive,2,2,Negative,Negative
2405,Positive,Positive,5,4,Positive,Positive
2406,Positive,Positive,3,3,Neutral,Neutral
2407,Positive,Positive,5,5,Positive,Positive
2408,Positive,Negative,1,1,Negative,Negative
2409,Positive,Positive,4,4,Positive,Positive
2410,Positive,Positive,3,3,Neutral,Neutral
2411,Negative,Negative,2,2,Negative,Negative
2412,Positive,Positive,4,4,Positive,Positive
2413,Positive,Positive,4,4,Positive,Positive
2414,Positive,Positive,5,5,Positive,Positive
2415,Positive,Positive,4,4,Positive,Positive
2416,Positive,Positive,5,5,Positive,Positive
2417,Positive,Positive,5,5,Positive,Positive
2418,Positive,Positive,5,5,Positive,Positive
2419,Positive,Positive,3,3,Neutral,Neutral
2420,Negative,Negative,3,3,Neutral,Neutral
2421,Positive,Positive,3,3,Neutral,Neutral
2422,Positive,Negative,5,5,Positive,Positive
2423,Positive,Positive,3,3,Neutral,Neutral
2424,Positive,Positive,3,3,Neutral,Neutral
2425,Positive,Positive,1,1,Negative,Negative
2426,Positive,Positive,5,5,Positive,Positive
2427,Positive,Positive,5,5,Positive,Positive
2428,Positive,Positive,1,1,Negative,Negative
2429,Negative,Negative,4,4,Positive,Positive
2430,Positive,Positive,5,5,Positive,Positive
2431,Positive,Positive,5,5,Positive,Positive
2432,Negative,Negative,1,1,Negative,Negative
2433,Negative,Negative,2,2,Negative,Negative
2434,Positive,Positive,4,4,Positive,Positive
2435,Positive,Positive,5,5,Positive,Positive
2436,Positive,Positive,5,5,Positive,Positive
2437,Negative,Negative,4,4,Positive,Positive
2438,Positive,Positive,5,5,Positive,Positive
2439,Positive,Positive,5,5,Positive,Positive
2440,Positive,Positive,5,4,Positive,Positive
2441,Neutral,Neutral,5,5,Positive,Positive
2442,Negative,Negative,5,5,Positive,Positive
2443,Negative,Negative,2,2,Negative,Negative
2444,Positive,Positive,5,5,Positive,Positive
2445,Positive,Positive,4,4,Positive,Positive
2446,Positive,Positive,5,5,Positive,Positive
2447,Positive,Positive,3,3,Neutral,Neutral
2448,Positive,Positive,4,4,Positive,Positive
2449,Positive,Positive,4,4,Positive,Positive
2450,Positive,Positive,4,4,Positive,Positive
2451,Negative,Negative,1,1,Negative,Negative
2452,Negative,Negative,4,4,Positive,Positive
2453,Positive,Positive,1,1,Negative,Negative
2454,Positive,Positive,5,5,Positive,Positive
2455,Positive,Positive,5,5,Positive,Positive
2456,Positive,Positive,5,5,Positive,Positive
2457,Positive,Positive,4,4,Positive,Positive
2458,Negative,Negative,1,1,Negative,Negative
2459,Positive,Positive,4,4,Positive,Positive
2460,Negative,Negative,2,2,Negative,Negative
2461,Positive,Positive,5,5,Positive,Positive
2462,Negative,Negative,3,3,Neutral,Neutral
2463,Positive,Negative,5,4,Positive,Positive
2464,Positive,Positive,4,4,Positive,Positive
2465,Positive,Positive,4,4,Positive,Positive
2466,Positive,Positive,4,5,Positive,Positive
2467,Positive,Positive,4,4,Positive,Positive
2468,Positive,Positive,4,4,Positive,Positive
2469,Positive,Positive,5,4,Positive,Positive
2470,Positive,Positive,5,5,Positive,Positive
2471,Positive,Positive,5,4,Positive,Positive
2472,Negative,Negative,5,5,Positive,Positive
2473,Positive,Positive,4,4,Positive,Positive
2474,Positive,Positive,5,5,Positive,Positive
2475,Positive,Positive,5,5,Positive,Positive
2476,Positive,Positive,5,5,Positive,Positive
2477,Negative,Negative,1,1,Negative,Negative
2478,Positive,Positive,4,4,Positive,Positive
2479,Positive,Positive,5,5,Positive,Positive
2480,Positive,Positive,3,3,Neutral,Neutral
2481,Positive,Positive,4,4,Positive,Positive
2482,Positive,Positive,4,4,Positive,Positive
2483,Positive,Positive,5,5,Positive,Positive
2484,Positive,Positive,5,5,Positive,Positive
2485,Positive,Positive,5,5,Positive,Positive
2486,Positive,Positive,4,4,Positive,Positive
2487,Negative,Negative,4,4,Positive,Positive
2488,Negative,Negative,3,3,Neutral,Neutral
2489,Positive,Positive,4,4,Positive,Positive
2490,Positive,Positive,2,2,Negative,Negative
2491,Positive,Positive,5,5,Positive,Positive
2492,Positive,Positive,4,4,Positive,Positive
2493,Positive,Positive,4,4,Positive,Positive
2494,Negative,Negative,2,2,Negative,Negative
2495,Positive,Positive,5,5,Positive,Positive
2496,Positive,Positive,3,3,Neutral,Neutral
2497,Positive,Positive,4,4,Positive,Positive
2498,Positive,Positive,5,5,Positive,Positive
2499,Negative,Negative,2,2,Negative,Negative
2500,Positive,Positive,5,5,Positive,Positive
2501,Positive,Positive,5,5,Positive,Positive
2502,Positive,Positive,5,5,Positive,Positive
2503,Positive,Positive,5,5,Positive,Positive
2504,Positive,Positive,5,4,Positive,Positive
2505,Positive,Positive,5,5,Positive,Positive
2506,Positive,Positive,5,5,Positive,Positive
2507,Positive,Positive,5,5,Positive,Positive
2508,Positive,Positive,3,3,Neutral,Neutral
2509,Positive,Positive,5,5,Positive,Positive
2510,Negative,Negative,4,4,Positive,Positive
2511,Negative,Negative,5,5,Positive,Positive
2512,Positive,Positive,5,5,Positive,Positive
2513,Positive,Positive,2,5,Negative,Positive
2514,Positive,Positive,4,4,Positive,Positive
2515,Negative,Negative,1,1,Negative,Negative
2516,Positive,Positive,5,5,Positive,Positive
2517,Positive,Positive,4,4,Positive,Positive
2518,Negative,Negative,4,4,Positive,Positive
2519,Positive,Positive,2,2,Negative,Negative
2520,Positive,Positive,5,5,Positive,Positive
2521,Positive,Positive,3,3,Neutral,Neutral
2522,Positive,Positive,4,4,Positive,Positive
2523,Negative,Negative,5,5,Positive,Positive
2524,Neutral,Neutral,2,2,Negative,Negative
2525,Positive,Positive,4,4,Positive,Positive
2526,Positive,Positive,5,5,Positive,Positive
2527,Positive,Positive,2,2,Negative,Negative
2528,Negative,Negative,1,1,Negative,Negative
2529,Positive,Positive,4,4,Positive,Positive
2530,Positive,Positive,5,5,Positive,Positive
2531,Positive,Positive,5,5,Positive,Positive
2532,Positive,Positive,5,5,Positive,Positive
2533,Positive,Positive,5,5,Positive,Positive
2534,Positive,Neutral,5,4,Positive,Positive
2535,Positive,Positive,5,5,Positive,Positive
2536,Negative,Positive,4,4,Positive,Positive
2537,Positive,Positive,5,5,Positive,Positive
2538,Negative,Negative,1,1,Negative,Negative
2539,Positive,Positive,4,4,Positive,Positive
2540,Neutral,Neutral,4,4,Positive,Positive
2541,Positive,Positive,4,4,Positive,Positive
2542,Positive,Positive,4,4,Positive,Positive
2543,Positive,Positive,5,5,Positive,Positive
2544,Neutral,Neutral,5,5,Positive,Positive
2545,Positive,Positive,4,4,Positive,Positive
2546,Negative,Negative,4,4,Positive,Positive
2547,Positive,Positive,4,4,Positive,Positive
2548,Positive,Positive,4,4,Positive,Positive
2549,Positive,Positive,5,5,Positive,Positive
2550,Positive,Positive,3,3,Neutral,Neutral
2551,Negative,Negative,1,1,Negative,Negative
2552,Positive,Positive,4,4,Positive,Positive
2553,Positive,Positive,5,5,Positive,Positive
2554,Positive,Positive,4,4,Positive,Positive
2555,Positive,Positive,5,5,Positive,Positive
2556,Positive,Positive,5,5,Positive,Positive
2557,Positive,Positive,4,4,Positive,Positive
2558,Positive,Positive,3,3,Neutral,Neutral
2559,Positive,Positive,5,5,Positive,Positive
2560,Negative,Negative,1,1,Negative,Negative
2561,Negative,Negative,2,2,Negative,Negative
2562,Positive,Negative,1,1,Negative,Negative
2563,Positive,Positive,4,4,Positive,Positive
2564,Positive,Positive,5,5,Positive,Positive
2565,Positive,Positive,5,5,Positive,Positive
2566,Positive,Positive,4,4,Positive,Positive
2567,Positive,Positive,5,5,Positive,Positive
2568,Positive,Positive,4,4,Positive,Positive
2569,Negative,Negative,1,1,Negative,Negative
2570,Neutral,Neutral,5,5,Positive,Positive
2571,Positive,Positive,5,5,Positive,Positive
2572,Negative,Positive,4,3,Positive,Neutral
2573,Positive,Positive,2,2,Negative,Negative
2574,Positive,Positive,1,1,Negative,Negative
2575,Negative,Negative,2,2,Negative,Negative
2576,Positive,Positive,2,2,Negative,Negative
2577,Positive,Positive,2,2,Negative,Negative
2578,Positive,Positive,5,5,Positive,Positive
2579,Positive,Positive,5,5,Positive,Positive
2580,Positive,Positive,4,4,Positive,Positive
2581,Positive,Positive,4,4,Positive,Positive
2582,Positive,Positive,4,4,Positive,Positive
2583,Positive,Positive,5,5,Positive,Positive
2584,Positive,Positive,3,3,Neutral,Neutral
2585,Positive,Positive,4,2,Positive,Negative
2586,Negative,Negative,2,1,Negative,Negative
2587,Positive,Positive,2,2,Negative,Negative
2588,Negative,Negative,3,3,Neutral,Neutral
2589,Positive,Positive,4,4,Positive,Positive
2590,Positive,Positive,5,5,Positive,Positive
2591,Positive,Positive,3,3,Neutral,Neutral
2592,Negative,Negative,4,4,Positive,Positive
2593,Positive,Positive,4,4,Positive,Positive
2594,Positive,Positive,3,3,Neutral,Neutral
2595,Neutral,Neutral,3,3,Neutral,Neutral
2596,Negative,Negative,5,5,Positive,Positive
2597,Positive,Positive,5,5,Positive,Positive
2598,Positive,Positive,4,3,Positive,Neutral
2599,Positive,Positive,5,5,Positive,Positive
2600,Positive,Positive,5,5,Positive,Positive
2601,Positive,Positive,5,5,Positive,Positive
2602,Negative,Negative,2,2,Negative,Negative
2603,Negative,Negative,4,4,Positive,Positive
2604,Positive,Positive,4,4,Positive,Positive
2605,Negative,Negative,3,3,Neutral,Neutral
2606,Positive,Positive,5,5,Positive,Positive
2607,Negative,Negative,1,1,Negative,Negative
2608,Positive,Positive,3,3,Neutral,Neutral
2609,Positive,Positive,5,5,Positive,Positive
2610,Positive,Positive,5,5,Positive,Positive
2611,Positive,Positive,5,5,Positive,Positive
2612,Negative,Negative,2,2,Negative,Negative
2613,Negative,Negative,2,2,Negative,Negative
2614,Positive,Positive,4,4,Positive,Positive
2615,Positive,Positive,3,3,Neutral,Neutral
2616,Positive,Positive,4,4,Positive,Positive
2617,Positive,Negative,2,2,Negative,Negative
2618,Neutral,Neutral,3,3,Neutral,Neutral
2619,Positive,Positive,4,4,Positive,Positive
2620,Positive,Positive,5,5,Positive,Positive
2621,Positive,Positive,5,4,Positive,Positive
2622,Negative,Positive,2,3,Negative,Neutral
2623,Positive,Positive,5,4,Positive,Positive
2624,Positive,Positive,4,4,Positive,Positive
2625,Positive,Positive,5,5,Positive,Positive
2626,Positive,Positive,5,5,Positive,Positive
2627,Positive,Positive,5,5,Positive,Positive
2628,Positive,Positive,5,5,Positive,Positive
2629,Positive,Positive,5,5,Positive,Positive
2630,Negative,Negative,2,2,Negative,Negative
2631,Positive,Positive,4,4,Positive,Positive
2632,Positive,Positive,5,5,Positive,Positive
2633,Negative,Negative,1,1,Negative,Negative
2634,Positive,Neutral,4,4,Positive,Positive
2635,Positive,Positive,5,5,Positive,Positive
2636,Neutral,Neutral,4,4,Positive,Positive
2637,Positive,Positive,2,2,Negative,Negative
2638,Positive,Positive,5,5,Positive,Positive
2639,Positive,Positive,4,4,Positive,Positive
2640,Negative,Negative,1,1,Negative,Negative
2641,Positive,Positive,5,5,Positive,Positive
2642,Positive,Positive,3,3,Neutral,Neutral
2643,Positive,Positive,4,4,Positive,Positive
2644,Positive,Positive,5,5,Positive,Positive
2645,Positive,Positive,4,4,Positive,Positive
2646,Positive,Positive,4,3,Positive,Neutral
2647,Negative,Positive,1,1,Negative,Negative
2648,Positive,Positive,4,5,Positive,Positive
2649,Negative,Negative,5,5,Positive,Positive
2650,Positive,Positive,5,5,Positive,Positive
2651,Neutral,Neutral,4,4,Positive,Positive
2652,Positive,Positive,4,4,Positive,Positive
2653,Negative,Negative,1,5,Negative,Positive
2654,Positive,Positive,1,1,Negative,Negative
2655,Positive,Positive,4,4,Positive,Positive
2656,Negative,Negative,1,1,Negative,Negative
2657,Negative,Negative,5,5,Positive,Positive
2658,Negative,Negative,1,1,Negative,Negative
2659,Negative,Negative,4,4,Positive,Positive
2660,Positive,Negative,1,1,Negative,Negative
2661,Positive,Positive,5,5,Positive,Positive
2662,Positive,Positive,3,3,Neutral,Neutral
2663,Positive,Positive,5,5,Positive,Positive
2664,Positive,Positive,5,5,Positive,Positive
2665,Positive,Positive,4,4,Positive,Positive
2666,Negative,Negative,4,4,Positive,Positive
2667,Positive,Positive,2,2,Negative,Negative
2668,Positive,Positive,5,5,Positive,Positive
2669,Negative,Negative,5,5,Positive,Positive
2670,Positive,Positive,5,5,Positive,Positive
2671,Positive,Positive,5,5,Positive,Positive
2672,Positive,Positive,4,4,Positive,Positive
2673,Positive,Positive,4,4,Positive,Positive
2674,Positive,Positive,5,5,Positive,Positive
2675,Positive,Positive,4,4,Positive,Positive
2676,Positive,Positive,4,4,Positive,Positive
2677,Positive,Positive,4,3,Positive,Neutral
2678,Positive,Positive,5,5,Positive,Positive
2679,Positive,Positive,5,5,Positive,Positive
2680,Negative,Negative,3,3,Neutral,Neutral
2681,Positive,Positive,4,4,Positive,Positive
2682,Positive,Positive,4,4,Positive,Positive
2683,Positive,Positive,4,4,Positive,Positive
2684,Positive,Positive,5,5,Positive,Positive
2685,Positive,Positive,4,4,Positive,Positive
2686,Positive,Positive,4,4,Positive,Positive
2687,Positive,Positive,3,3,Neutral,Neutral
2688,Negative,Negative,1,2,Negative,Negative
2689,Positive,Positive,2,2,Negative,Negative
2690,Positive,Negative,4,4,Positive,Positive
2691,Positive,Positive,5,5,Positive,Positive
2692,Positive,Positive,5,5,Positive,Positive
2693,Positive,Positive,3,3,Neutral,Neutral
2694,Negative,Negative,2,4,Negative,Positive
2695,Positive,Positive,2,2,Negative,Negative
2696,Negative,Negative,2,2,Negative,Negative
2697,Positive,Positive,5,5,Positive,Positive
2698,Positive,Negative,3,3,Neutral,Neutral
2699,Positive,Positive,3,3,Neutral,Neutral
2700,Neutral,Neutral,4,4,Positive,Positive
2701,Negative,Negative,2,2,Negative,Negative
2702,Positive,Positive,4,4,Positive,Positive
2703,Positive,Positive,5,5,Positive,Positive
2704,Positive,Positive,5,5,Positive,Positive
2705,Negative,Negative,4,4,Positive,Positive
2706,Positive,Positive,4,4,Positive,Positive
2707,Positive,Positive,4,4,Positive,Positive
2708,Positive,Positive,4,4,Positive,Positive
2709,Positive,Positive,4,4,Positive,Positive
2710,Negative,Negative,4,4,Positive,Positive
2711,Negative,Negative,5,5,Positive,Positive
2712,Positive,Positive,4,4,Positive,Positive
2713,Positive,Positive,4,4,Positive,Positive
2714,Positive,Positive,4,4,Positive,Positive
2715,Positive,Neutral,2,4,Negative,Positive
2716,Positive,Positive,4,4,Positive,Positive
2717,Positive,Positive,4,4,Positive,Positive
2718,Positive,Positive,5,5,Positive,Positive
2719,Positive,Positive,5,5,Positive,Positive
2720,Positive,Positive,5,5,Positive,Positive
2721,Neutral,Neutral,4,4,Positive,Positive
2722,Positive,Positive,5,5,Positive,Positive
2723,Neutral,Neutral,4,4,Positive,Positive
2724,Positive,Positive,4,4,Positive,Positive
2725,Positive,Positive,5,5,Positive,Positive
2726,Positive,Positive,5,5,Positive,Positive
2727,Positive,Positive,5,5,Positive,Positive
2728,Negative,Negative,1,1,Negative,Negative
2729,Positive,Positive,4,4,Positive,Positive
2730,Positive,Positive,5,5,Positive,Positive
2731,Positive,Positive,3,3,Neutral,Neutral
2732,Positive,Positive,4,4,Positive,Positive
2733,Positive,Positive,5,5,Positive,Positive
2734,Negative,Negative,1,1,Negative,Negative
2735,Neutral,Neutral,5,5,Positive,Positive
2736,Positive,Positive,5,5,Positive,Positive
2737,Positive,Positive,2,2,Negative,Negative
2738,Positive,Positive,5,5,Positive,Positive
2739,Negative,Negative,5,5,Positive,Positive
2740,Positive,Positive,4,4,Positive,Positive
2741,Negative,Negative,1,2,Negative,Negative
2742,Positive,Positive,5,5,Positive,Positive
2743,Positive,Positive,5,5,Positive,Positive
2744,Positive,Positive,5,5,Positive,Positive
2745,Positive,Positive,5,5,Positive,Positive
2746,Positive,Positive,4,4,Positive,Positive
2747,Positive,Positive,5,5,Positive,Positive
2748,Positive,Positive,5,5,Positive,Positive
2749,Positive,Positive,5,5,Positive,Positive
2750,Positive,Negative,4,4,Positive,Positive
2751,Positive,Positive,5,5,Positive,Positive
2752,Negative,Negative,2,2,Negative,Negative
2753,Positive,Positive,4,4,Positive,Positive
2754,Positive,Positive,2,1,Negative,Negative
2755,Positive,Positive,3,3,Neutral,Neutral
2756,Positive,Positive,5,5,Positive,Positive
2757,Positive,Positive,5,5,Positive,Positive
2758,Negative,Negative,1,1,Negative,Negative
2759,Positive,Positive,4,4,Positive,Positive
2760,Positive,Positive,3,3,Neutral,Neutral
2761,Positive,Positive,4,4,Positive,Positive
2762,Negative,Negative,1,1,Negative,Negative
2763,Positive,Positive,4,4,Positive,Positive
2764,Positive,Positive,4,4,Positive,Positive
2765,Positive,Positive,5,5,Positive,Positive
2766,Positive,Positive,5,5,Positive,Positive
2767,Positive,Positive,4,4,Positive,Positive
2768,Positive,Positive,4,4,Positive,Positive
2769,Positive,Positive,4,4,Positive,Positive
2770,Positive,Positive,5,5,Positive,Positive
2771,Positive,Positive,5,5,Positive,Positive
2772,Positive,Positive,3,3,Neutral,Neutral
2773,Negative,Negative,3,3,Neutral,Neutral
2774,Positive,Positive,5,5,Positive,Positive
2775,Positive,Positive,5,5,Positive,Positive
2776,Positive,Positive,2,2,Negative,Negative
2777,Positive,Positive,5,5,Positive,Positive
2778,Negative,Negative,1,1,Negative,Negative
2779,Positive,Positive,5,5,Positive,Positive
2780,Positive,Positive,5,5,Positive,Positive
2781,Positive,Negative,4,2,Positive,Negative
2782,Positive,Positive,5,5,Positive,Positive
2783,Positive,Positive,5,5,Positive,Positive
2784,Neutral,Neutral,5,5,Positive,Positive
2785,Positive,Positive,5,5,Positive,Positive
2786,Neutral,Neutral,1,1,Negative,Negative
2787,Negative,Negative,2,2,Negative,Negative
2788,Negative,Negative,4,4,Positive,Positive
2789,Positive,Positive,3,3,Neutral,Neutral
2790,Positive,Positive,5,5,Positive,Positive
2791,Positive,Positive,4,5,Positive,Positive
2792,Positive,Positive,5,5,Positive,Positive
2793,Positive,Positive,4,4,Positive,Positive
2794,Positive,Positive,1,1,Negative,Negative
2795,Positive,Positive,4,4,Positive,Positive
2796,Positive,Positive,4,4,Positive,Positive
2797,Positive,Positive,4,4,Positive,Positive
2798,Positive,Positive,3,3,Neutral,Neutral
2799,Positive,Negative,5,5,Positive,Positive
2800,Positive,Positive,2,2,Negative,Negative
2801,Positive,Positive,5,5,Positive,Positive
2802,Positive,Positive,4,4,Positive,Positive
2803,Negative,Negative,2,2,Negative,Negative
2804,Positive,Positive,3,4,Neutral,Positive
2805,Negative,Negative,5,5,Positive,Positive
2806,Negative,Negative,5,5,Positive,Positive
2807,Negative,Negative,2,2,Negative,Negative
2808,Positive,Positive,5,5,Positive,Positive
2809,Negative,Negative,1,1,Negative,Negative
2810,Positive,Positive,4,4,Positive,Positive
2811,Positive,Positive,4,4,Positive,Positive
2812,Positive,Positive,5,5,Positive,Positive
2813,Negative,Negative,4,4,Positive,Positive
2814,Positive,Positive,3,3,Neutral,Neutral
2815,Positive,Positive,4,3,Positive,Neutral
2816,Positive,Positive,2,2,Negative,Negative
2817,Positive,Positive,4,4,Positive,Positive
2818,Positive,Positive,4,4,Positive,Positive
2819,Negative,Negative,4,4,Positive,Positive
2820,Positive,Positive,5,5,Positive,Positive
2821,Positive,Positive,4,4,Positive,Positive
2822,Positive,Positive,4,4,Positive,Positive
2823,Negative,Negative,2,2,Negative,Negative
2824,Positive,Positive,5,5,Positive,Positive
2825,Negative,Negative,4,4,Positive,Positive
2826,Positive,Positive,4,4,Positive,Positive
2827,Positive,Positive,5,5,Positive,Positive
2828,Positive,Positive,3,3,Neutral,Neutral
2829,Positive,Positive,4,4,Positive,Positive
2830,Negative,Negative,4,2,Positive,Negative
2831,Negative,Negative,2,2,Negative,Negative
2832,Positive,Positive,4,4,Positive,Positive
2833,Positive,Positive,4,4,Positive,Positive
2834,Positive,Positive,5,5,Positive,Positive
2835,Negative,Negative,1,1,Negative,Negative
2836,Positive,Positive,2,2,Negative,Negative
2837,Negative,Negative,4,4,Positive,Positive
2838,Positive,Positive,5,5,Positive,Positive
2839,Positive,Positive,2,2,Negative,Negative
2840,Positive,Positive,5,5,Positive,Positive
2841,Positive,Positive,4,4,Positive,Positive
2842,Positive,Positive,4,4,Positive,Positive
2843,Positive,Positive,5,5,Positive,Positive
2844,Positive,Positive,5,5,Positive,Positive
2845,Positive,Positive,5,5,Positive,Positive
2846,Neutral,Neutral,3,3,Neutral,Neutral
2847,Positive,Positive,4,4,Positive,Positive
2848,Positive,Positive,5,5,Positive,Positive
2849,Negative,Negative,4,4,Positive,Positive
2850,Positive,Positive,5,5,Positive,Positive
2851,Positive,Positive,5,5,Positive,Positive
2852,Positive,Positive,5,5,Positive,Positive
2853,Positive,Positive,4,4,Positive,Positive
2854,Negative,Negative,5,2,Positive,Negative
2855,Positive,Negative,2,2,Negative,Negative
2856,Positive,Positive,5,1,Positive,Negative
2857,Positive,Positive,4,4,Positive,Positive
2858,Positive,Positive,4,4,Positive,Positive
2859,Positive,Positive,1,2,Negative,Negative
2860,Positive,Positive,5,5,Positive,Positive
2861,Positive,Positive,5,5,Positive,Positive
2862,Positive,Positive,5,5,Positive,Positive
2863,Positive,Positive,4,4,Positive,Positive
2864,Positive,Positive,4,4,Positive,Positive
2865,Positive,Positive,5,5,Positive,Positive
2866,Positive,Positive,5,5,Positive,Positive
2867,Positive,Positive,4,4,Positive,Positive
2868,Positive,Positive,4,4,Positive,Positive
2869,Positive,Positive,3,3,Neutral,Neutral
2870,Positive,Positive,5,5,Positive,Positive
2871,Positive,Positive,4,4,Positive,Positive
2872,Positive,Positive,5,5,Positive,Positive
2873,Neutral,Neutral,1,1,Negative,Negative
2874,Positive,Positive,4,4,Positive,Positive
2875,Positive,Positive,4,3,Positive,Neutral
2876,Positive,Positive,5,5,Positive,Positive
2877,Positive,Positive,5,5,Positive,Positive
2878,Positive,Positive,5,5,Positive,Positive
2879,Positive,Positive,4,4,Positive,Positive
2880,Positive,Positive,5,5,Positive,Positive
2881,Positive,Positive,4,4,Positive,Positive
2882,Negative,Negative,1,1,Negative,Negative
2883,Negative,Positive,1,1,Negative,Negative
2884,Negative,Negative,1,1,Negative,Negative
2885,Negative,Negative,3,3,Neutral,Neutral
2886,Positive,Positive,5,5,Positive,Positive
2887,Positive,Positive,4,4,Positive,Positive
2888,Positive,Positive,5,5,Positive,Positive
2889,Positive,Positive,5,5,Positive,Positive
2890,Positive,Positive,4,4,Positive,Positive
2891,Positive,Positive,2,2,Negative,Negative
2892,Positive,Positive,5,5,Positive,Positive
2893,Positive,Positive,4,4,Positive,Positive
2894,Positive,Positive,4,4,Positive,Positive
2895,Negative,Negative,1,1,Negative,Negative
2896,Positive,Positive,4,4,Positive,Positive
2897,Positive,Positive,3,3,Neutral,Neutral
2898,Negative,Negative,1,1,Negative,Negative
2899,Negative,Negative,1,1,Negative,Negative
2900,Positive,Positive,4,4,Positive,Positive
2901,Negative,Negative,1,1,Negative,Negative
2902,Positive,Positive,4,4,Positive,Positive
2903,Negative,Negative,5,5,Positive,Positive
2904,Negative,Negative,4,4,Positive,Positive
2905,Positive,Positive,4,4,Positive,Positive
2906,Positive,Positive,4,4,Positive,Positive
2907,Negative,Negative,2,2,Negative,Negative
2908,Positive,Positive,4,4,Positive,Positive
2909,Positive,Positive,5,5,Positive,Positive
2910,Positive,Positive,4,4,Positive,Positive
2911,Positive,Positive,4,4,Positive,Positive
2912,Positive,Positive,3,3,Neutral,Neutral
2913,Neutral,Neutral,5,5,Positive,Positive
2914,Neutral,Neutral,4,4,Positive,Positive
2915,Positive,Positive,4,4,Positive,Positive
2916,Positive,Positive,4,4,Positive,Positive
2917,Positive,Positive,5,5,Positive,Positive
2918,Positive,Positive,5,5,Positive,Positive
2919,Positive,Positive,5,5,Positive,Positive
2920,Positive,Positive,5,5,Positive,Positive
2921,Positive,Positive,3,3,Neutral,Neutral
2922,Positive,Positive,5,5,Positive,Positive
2923,Positive,Positive,5,5,Positive,Positive
2924,Positive,Negative,4,2,Positive,Negative
2925,Positive,Positive,4,3,Positive,Neutral
2926,Positive,Positive,5,5,Positive,Positive
2927,Positive,Negative,4,4,Positive,Positive
2928,Positive,Positive,5,5,Positive,Positive
2929,Positive,Positive,5,5,Positive,Positive
2930,Positive,Positive,2,2,Negative,Negative
2931,Positive,Positive,5,5,Positive,Positive
2932,Positive,Positive,5,5,Positive,Positive
2933,Negative,Negative,2,2,Negative,Negative
2934,Positive,Positive,2,4,Negative,Positive
2935,Positive,Positive,4,4,Positive,Positive
2936,Positive,Positive,5,5,Positive,Positive
2937,Positive,Positive,2,2,Negative,Negative
2938,Positive,Positive,5,5,Positive,Positive
2939,Positive,Positive,5,5,Positive,Positive
2940,Positive,Positive,5,5,Positive,Positive
2941,Positive,Positive,5,5,Positive,Positive
2942,Positive,Positive,1,1,Negative,Negative
2943,Positive,Positive,3,3,Neutral,Neutral
2944,Positive,Positive,4,4,Positive,Positive
2945,Positive,Positive,4,4,Positive,Positive
2946,Positive,Positive,4,5,Positive,Positive
2947,Positive,Positive,4,4,Positive,Positive
2948,Positive,Negative,4,2,Positive,Negative
2949,Positive,Positive,4,4,Positive,Positive
2950,Positive,Negative,5,2,Positive,Negative
2951,Positive,Positive,5,5,Positive,Positive
2952,Positive,Negative,2,2,Negative,Negative
2953,Positive,Positive,5,5,Positive,Positive
2954,Positive,Positive,5,5,Positive,Positive
2955,Positive,Positive,5,5,Positive,Positive
2956,Positive,Positive,3,3,Neutral,Neutral
2957,Positive,Positive,4,4,Positive,Positive
2958,Positive,Positive,5,5,Positive,Positive
2959,Negative,Negative,4,4,Positive,Positive
2960,Negative,Negative,1,1,Negative,Negative
2961,Positive,Positive,4,4,Positive,Positive
2962,Positive,Positive,4,4,Positive,Positive
2963,Neutral,Neutral,5,5,Positive,Positive
2964,Positive,Positive,4,4,Positive,Positive
2965,Positive,Positive,3,3,Neutral,Neutral
2966,Positive,Positive,5,5,Positive,Positive
2967,Positive,Positive,5,5,Positive,Positive
2968,Negative,Negative,4,2,Positive,Negative
2969,Positive,Positive,3,3,Neutral,Neutral
2970,Positive,Positive,4,4,Positive,Positive
2971,Positive,Positive,5,5,Positive,Positive
2972,Positive,Positive,5,5,Positive,Positive
2973,Positive,Positive,5,5,Positive,Positive
2974,Negative,Negative,4,4,Positive,Positive
2975,Positive,Positive,4,3,Positive,Neutral
2976,Positive,Positive,1,1,Negative,Negative
2977,Positive,Positive,5,5,Positive,Positive
2978,Negative,Neutral,2,2,Negative,Negative
2979,Positive,Positive,5,5,Positive,Positive
2980,Positive,Positive,4,4,Positive,Positive
2981,Negative,Negative,4,4,Positive,Positive
2982,Positive,Positive,4,4,Positive,Positive
2983,Positive,Positive,5,5,Positive,Positive
2984,Positive,Positive,4,4,Positive,Positive
2985,Positive,Positive,5,5,Positive,Positive
2986,Positive,Positive,5,5,Positive,Positive
2987,Positive,Positive,3,4,Neutral,Positive
2988,Positive,Positive,4,3,Positive,Neutral
2989,Positive,Positive,4,4,Positive,Positive
2990,Positive,Positive,5,5,Positive,Positive
2991,Positive,Positive,4,3,Positive,Neutral
2992,Positive,Positive,2,2,Negative,Negative
2993,Positive,Positive,2,2,Negative,Negative
2994,Positive,Positive,5,5,Positive,Positive
2995,Positive,Positive,5,5,Positive,Positive
2996,Positive,Positive,3,3,Neutral,Neutral
2997,Positive,Positive,4,4,Positive,Positive
2998,Positive,Negative,4,5,Positive,Positive
2999,Negative,Negative,3,3,Neutral,Neutral
3000,Negative,Negative,3,2,Neutral,Negative
3001,Positive,Positive,5,5,Positive,Positive
3002,Positive,Positive,3,3,Neutral,Neutral
3003,Negative,Negative,2,2,Negative,Negative
3004,Negative,Negative,5,5,Positive,Positive
3005,Positive,Positive,3,3,Neutral,Neutral
3006,Positive,Positive,5,5,Positive,Positive
3007,Positive,Positive,2,4,Negative,Positive
3008,Positive,Positive,5,4,Positive,Positive
3009,Positive,Positive,2,2,Negative,Negative
3010,Positive,Positive,5,5,Positive,Positive
3011,Positive,Positive,5,5,Positive,Positive
3012,Negative,Negative,4,4,Positive,Positive
3013,Positive,Positive,1,1,Negative,Negative
3014,Positive,Positive,4,4,Positive,Positive
3015,Positive,Positive,5,5,Positive,Positive
3016,Positive,Positive,3,3,Neutral,Neutral
3017,Positive,Positive,5,5,Positive,Positive
3018,Positive,Positive,2,2,Negative,Negative
3019,Positive,Positive,5,5,Positive,Positive
3020,Positive,Positive,5,5,Positive,Positive
3021,Positive,Positive,4,4,Positive,Positive
3022,Positive,Positive,4,4,Positive,Positive
3023,Positive,Positive,4,4,Positive,Positive
3024,Positive,Positive,3,3,Neutral,Neutral
3025,Negative,Negative,1,1,Negative,Negative
3026,Positive,Positive,3,3,Neutral,Neutral
3027,Positive,Positive,5,5,Positive,Positive
3028,Negative,Negative,2,2,Negative,Negative
3029,Positive,Positive,4,4,Positive,Positive
3030,Positive,Positive,2,2,Negative,Negative
3031,Positive,Positive,3,3,Neutral,Neutral
3032,Positive,Positive,4,4,Positive,Positive
3033,Positive,Positive,5,5,Positive,Positive
3034,Positive,Positive,2,4,Negative,Positive
3035,Neutral,Neutral,2,2,Negative,Negative
3036,Positive,Positive,5,5,Positive,Positive
3037,Positive,Positive,5,5,Positive,Positive
3038,Positive,Positive,5,5,Positive,Positive
3039,Negative,Negative,5,5,Positive,Positive
3040,Positive,Positive,5,5,Positive,Positive
3041,Positive,Positive,5,5,Positive,Positive
3042,Positive,Positive,2,2,Negative,Negative
3043,Negative,Negative,1,1,Negative,Negative
3044,Positive,Positive,5,5,Positive,Positive
3045,Positive,Positive,4,4,Positive,Positive
3046,Positive,Positive,4,4,Positive,Positive
3047,Positive,Positive,2,2,Negative,Negative
3048,Positive,Positive,4,2,Positive,Negative
3049,Positive,Positive,5,5,Positive,Positive
3050,Negative,Negative,2,2,Negative,Negative
3051,Positive,Positive,5,5,Positive,Positive
3052,Positive,Negative,2,2,Negative,Negative
3053,Neutral,Neutral,1,1,Negative,Negative
3054,Positive,Positive,5,5,Positive,Positive
3055,Positive,Positive,5,5,Positive,Positive
3056,Positive,Positive,4,4,Positive,Positive
3057,Positive,Positive,5,5,Positive,Positive
3058,Positive,Positive,2,2,Negative,Negative
3059,Positive,Positive,3,3,Neutral,Neutral
3060,Positive,Positive,2,2,Negative,Negative
3061,Positive,Positive,5,5,Positive,Positive
3062,Positive,Positive,5,5,Positive,Positive
3063,Neutral,Neutral,2,2,Negative,Negative
3064,Positive,Positive,5,5,Positive,Positive
3065,Positive,Positive,4,3,Positive,Neutral
3066,Negative,Negative,5,5,Positive,Positive
3067,Positive,Negative,2,2,Negative,Negative
3068,Negative,Negative,4,4,Positive,Positive
3069,Positive,Positive,5,5,Positive,Positive
3070,Neutral,Neutral,1,1,Negative,Negative
3071,Positive,Positive,5,4,Positive,Positive
3072,Positive,Positive,5,5,Positive,Positive
3073,Negative,Negative,3,3,Neutral,Neutral
3074,Positive,Positive,3,3,Neutral,Neutral
3075,Positive,Positive,4,4,Positive,Positive
3076,Positive,Positive,4,4,Positive,Positive
3077,Positive,Positive,5,5,Positive,Positive
3078,Positive,Positive,5,5,Positive,Positive
3079,Positive,Positive,2,2,Negative,Negative
3080,Positive,Negative,1,1,Negative,Negative
3081,Positive,Positive,3,3,Neutral,Neutral
3082,Neutral,Neutral,1,1,Negative,Negative
3083,Positive,Positive,5,5,Positive,Positive
3084,Negative,Negative,5,5,Positive,Positive
3085,Positive,Positive,4,4,Positive,Positive
3086,Positive,Positive,5,5,Positive,Positive
3087,Positive,Positive,4,4,Positive,Positive
3088,Positive,Positive,5,5,Positive,Positive
3089,Positive,Positive,5,5,Positive,Positive
3090,Positive,Positive,5,5,Positive,Positive
3091,Positive,Positive,4,4,Positive,Positive
3092,Positive,Positive,4,4,Positive,Positive
3093,Positive,Positive,4,4,Positive,Positive
3094,Negative,Negative,2,2,Negative,Negative
3095,Positive,Positive,5,5,Positive,Positive
3096,Positive,Positive,4,4,Positive,Positive
3097,Negative,Negative,3,3,Neutral,Neutral
3098,Positive,Positive,5,5,Positive,Positive
3099,Positive,Positive,4,4,Positive,Positive
3100,Positive,Positive,4,4,Positive,Positive
3101,Positive,Positive,2,2,Negative,Negative
3102,Positive,Positive,5,5,Positive,Positive
3103,Positive,Negative,3,3,Neutral,Neutral
3104,Positive,Positive,5,5,Positive,Positive
3105,Positive,Positive,4,4,Positive,Positive
3106,Positive,Positive,5,5,Positive,Positive
3107,Positive,Positive,5,5,Positive,Positive
3108,Positive,Positive,5,5,Positive,Positive
3109,Positive,Positive,5,5,Positive,Positive
3110,Positive,Positive,4,4,Positive,Positive
3111,Positive,Positive,4,4,Positive,Positive
3112,Positive,Positive,5,5,Positive,Positive
3113,Positive,Positive,5,5,Positive,Positive
3114,Positive,Positive,4,4,Positive,Positive
3115,Positive,Positive,4,2,Positive,Negative
3116,Positive,Positive,4,4,Positive,Positive
3117,Negative,Negative,4,4,Positive,Positive
3118,Positive,Positive,5,5,Positive,Positive
3119,Positive,Positive,5,5,Positive,Positive
3120,Positive,Positive,5,5,Positive,Positive
3121,Negative,Negative,4,4,Positive,Positive
3122,Positive,Positive,5,5,Positive,Positive
3123,Positive,Positive,5,5,Positive,Positive
3124,Positive,Positive,2,2,Negative,Negative
3125,Negative,Negative,1,1,Negative,Negative
3126,Negative,Positive,5,5,Positive,Positive
3127,Neutral,Neutral,5,5,Positive,Positive
3128,Positive,Positive,5,2,Positive,Negative
3129,Positive,Positive,5,5,Positive,Positive
3130,Negative,Negative,2,2,Negative,Negative
3131,Positive,Positive,4,4,Positive,Positive
3132,Positive,Positive,3,3,Neutral,Neutral
3133,Positive,Positive,2,2,Negative,Negative
3134,Positive,Positive,5,5,Positive,Positive
3135,Positive,Positive,3,3,Neutral,Neutral
3136,Positive,Positive,1,1,Negative,Negative
3137,Negative,Negative,2,2,Negative,Negative
3138,Positive,Positive,4,4,Positive,Positive
3139,Positive,Positive,4,4,Positive,Positive
3140,Positive,Positive,5,5,Positive,Positive
3141,Positive,Positive,4,4,Positive,Positive
3142,Positive,Positive,4,4,Positive,Positive
3143,Positive,Positive,5,5,Positive,Positive
3144,Positive,Positive,5,5,Positive,Positive
3145,Positive,Positive,5,5,Positive,Positive
3146,Positive,Positive,5,5,Positive,Positive
3147,Positive,Positive,5,5,Positive,Positive
3148,Negative,Negative,5,5,Positive,Positive
3149,Positive,Positive,5,5,Positive,Positive
3150,Positive,Positive,5,5,Positive,Positive
3151,Positive,Positive,5,5,Positive,Positive
3152,Positive,Positive,4,4,Positive,Positive
3153,Positive,Positive,4,4,Positive,Positive
3154,Positive,Positive,4,4,Positive,Positive
3155,Positive,Positive,5,4,Positive,Positive
3156,Negative,Negative,1,1,Negative,Negative
3157,Positive,Positive,2,2,Negative,Negative
3158,Positive,Positive,1,1,Negative,Negative
3159,Negative,Negative,3,3,Neutral,Neutral
3160,Positive,Positive,3,3,Neutral,Neutral
3161,Positive,Positive,4,4,Positive,Positive
3162,Positive,Positive,4,4,Positive,Positive
3163,Neutral,Neutral,5,5,Positive,Positive
3164,Negative,Negative,3,2,Neutral,Negative
3165,Positive,Positive,2,2,Negative,Negative
3166,Negative,Negative,5,5,Positive,Positive
3167,Positive,Positive,5,5,Positive,Positive
3168,Neutral,Neutral,4,4,Positive,Positive
3169,Positive,Positive,5,5,Positive,Positive
3170,Positive,Positive,4,4,Positive,Positive
3171,Positive,Positive,5,5,Positive,Positive
3172,Positive,Positive,5,5,Positive,Positive
3173,Positive,Positive,2,2,Negative,Negative
3174,Positive,Positive,4,4,Positive,Positive
3175,Negative,Negative,2,2,Negative,Negative
3176,Negative,Negative,3,3,Neutral,Neutral
3177,Positive,Positive,4,4,Positive,Positive
3178,Positive,Positive,5,5,Positive,Positive
3179,Positive,Positive,3,3,Neutral,Neutral
3180,Positive,Positive,4,4,Positive,Positive
3181,Positive,Positive,5,5,Positive,Positive
3182,Neutral,Neutral,5,5,Positive,Positive
3183,Negative,Negative,4,4,Positive,Positive
3184,Negative,Positive,2,2,Negative,Negative
3185,Positive,Positive,3,3,Neutral,Neutral
3186,Positive,Positive,5,5,Positive,Positive
3187,Positive,Positive,5,5,Positive,Positive
3188,Positive,Positive,5,5,Positive,Positive
3189,Negative,Negative,1,1,Negative,Negative
3190,Positive,Positive,5,5,Positive,Positive
3191,Positive,Positive,5,5,Positive,Positive
3192,Positive,Positive,4,4,Positive,Positive
3193,Positive,Positive,4,4,Positive,Positive
3194,Negative,Negative,2,2,Negative,Negative
3195,Positive,Positive,4,4,Positive,Positive
3196,Positive,Positive,5,5,Positive,Positive
3197,Positive,Positive,3,3,Neutral,Neutral
3198,Positive,Positive,3,2,Neutral,Negative
3199,Positive,Positive,2,2,Negative,Negative
3200,Positive,Positive,5,5,Positive,Positive
3201,Positive,Positive,5,5,Positive,Positive
3202,Positive,Negative,2,2,Negative,Negative
3203,Positive,Positive,4,4,Positive,Positive
3204,Positive,Positive,4,4,Positive,Positive
3205,Positive,Positive,5,5,Positive,Positive
3206,Positive,Positive,5,5,Positive,Positive
3207,Negative,Negative,1,1,Negative,Negative
3208,Positive,Positive,4,4,Positive,Positive
3209,Positive,Positive,5,5,Positive,Positive
3210,Neutral,Neutral,4,4,Positive,Positive
3211,Positive,Positive,1,1,Negative,Negative
3212,Negative,Negative,1,1,Negative,Negative
3213,Positive,Positive,5,5,Positive,Positive
3214,Negative,Negative,4,4,Positive,Positive
3215,Positive,Positive,4,4,Positive,Positive
3216,Positive,Positive,4,4,Positive,Positive
3217,Negative,Negative,5,5,Positive,Positive
3218,Positive,Positive,5,5,Positive,Positive
3219,Positive,Positive,4,4,Positive,Positive
3220,Positive,Positive,4,4,Positive,Positive
3221,Positive,Positive,4,4,Positive,Positive
3222,Positive,Positive,5,5,Positive,Positive
3223,Positive,Positive,5,5,Positive,Positive
3224,Positive,Positive,5,5,Positive,Positive
3225,Negative,Negative,3,3,Neutral,Neutral
3226,Positive,Positive,5,5,Positive,Positive
3227,Negative,Negative,4,4,Positive,Positive
3228,Positive,Positive,4,4,Positive,Positive
3229,Neutral,Neutral,4,4,Positive,Positive
3230,Negative,Negative,4,4,Positive,Positive
3231,Positive,Positive,4,4,Positive,Positive
3232,Positive,Positive,4,4,Positive,Positive
3233,Negative,Negative,3,3,Neutral,Neutral
3234,Positive,Positive,5,5,Positive,Positive
3235,Positive,Positive,4,4,Positive,Positive
3236,Positive,Positive,3,3,Neutral,Neutral
3237,Negative,Negative,2,2,Negative,Negative
3238,Positive,Positive,5,5,Positive,Positive
3239,Positive,Positive,4,4,Positive,Positive
3240,Positive,Positive,5,5,Positive,Positive
3241,Positive,Positive,5,5,Positive,Positive
3242,Positive,Positive,5,5,Positive,Positive
3243,Positive,Positive,4,4,Positive,Positive
3244,Positive,Positive,4,4,Positive,Positive
3245,Positive,Positive,4,4,Positive,Positive
3246,Positive,Positive,5,4,Positive,Positive
3247,Positive,Positive,4,4,Positive,Positive
3248,Negative,Negative,2,2,Negative,Negative
3249,Positive,Positive,4,4,Positive,Positive
3250,Positive,Positive,5,5,Positive,Positive
3251,Positive,Positive,4,4,Positive,Positive
3252,Positive,Positive,5,5,Positive,Positive
3253,Positive,Positive,4,4,Positive,Positive
3254,Positive,Positive,4,4,Positive,Positive
3255,Positive,Positive,4,4,Positive,Positive
3256,Positive,Positive,4,4,Positive,Positive
3257,Positive,Positive,4,4,Positive,Positive
3258,Positive,Positive,5,5,Positive,Positive
3259,Positive,Positive,4,4,Positive,Positive
3260,Positive,Positive,4,4,Positive,Positive
3261,Positive,Positive,4,4,Positive,Positive
3262,Negative,Negative,2,2,Negative,Negative
3263,Positive,Positive,5,5,Positive,Positive
3264,Positive,Positive,5,5,Positive,Positive
3265,Positive,Positive,5,5,Positive,Positive
3266,Positive,Positive,4,4,Positive,Positive
3267,Positive,Positive,2,2,Negative,Negative
3268,Positive,Positive,5,5,Positive,Positive
3269,Positive,Positive,4,4,Positive,Positive
3270,Positive,Positive,3,3,Neutral,Neutral
3271,Positive,Positive,4,4,Positive,Positive
3272,Negative,Negative,5,5,Positive,Positive
3273,Positive,Positive,5,5,Positive,Positive
3274,Positive,Positive,2,2,Negative,Negative
3275,Positive,Positive,1,1,Negative,Negative
3276,Positive,Positive,4,4,Positive,Positive
3277,Positive,Positive,4,4,Positive,Positive
3278,Positive,Positive,5,5,Positive,Positive
3279,Positive,Positive,4,4,Positive,Positive
3280,Negative,Negative,1,1,Negative,Negative
3281,Positive,Positive,5,5,Positive,Positive
3282,Positive,Positive,5,5,Positive,Positive
3283,Positive,Positive,4,4,Positive,Positive
3284,Negative,Negative,3,3,Neutral,Neutral
3285,Positive,Positive,4,4,Positive,Positive
3286,Positive,Negative,5,4,Positive,Positive
3287,Positive,Positive,5,5,Positive,Positive
3288,Positive,Positive,4,4,Positive,Positive
3289,Positive,Positive,5,5,Positive,Positive
3290,Positive,Positive,5,5,Positive,Positive
3291,Positive,Positive,5,4,Positive,Positive
3292,Positive,Positive,5,5,Positive,Positive
3293,Positive,Positive,5,5,Positive,Positive
3294,Positive,Positive,1,1,Negative,Negative
3295,Neutral,Neutral,5,5,Positive,Positive
3296,Positive,Positive,2,2,Negative,Negative
3297,Positive,Positive,3,3,Neutral,Neutral
3298,Positive,Positive,3,4,Neutral,Positive
3299,Positive,Positive,4,4,Positive,Positive
3300,Positive,Positive,4,4,Positive,Positive
3301,Positive,Positive,4,4,Positive,Positive
3302,Positive,Positive,3,5,Neutral,Positive
3303,Positive,Positive,5,5,Positive,Positive
3304,Positive,Positive,4,4,Positive,Positive
3305,Positive,Positive,4,4,Positive,Positive
3306,Positive,Positive,5,5,Positive,Positive
3307,Positive,Positive,5,5,Positive,Positive
3308,Negative,Negative,5,5,Positive,Positive
3309,Positive,Positive,5,5,Positive,Positive
3310,Positive,Negative,4,3,Positive,Neutral
3311,Positive,Positive,5,5,Positive,Positive
3312,Negative,Negative,5,5,Positive,Positive
3313,Positive,Positive,5,5,Positive,Positive
3314,Positive,Positive,5,5,Positive,Positive
3315,Neutral,Neutral,5,5,Positive,Positive
3316,Positive,Positive,4,4,Positive,Positive
3317,Negative,Negative,2,2,Negative,Negative
3318,Positive,Positive,5,5,Positive,Positive
3319,Negative,Negative,4,4,Positive,Positive
3320,Positive,Positive,1,1,Negative,Negative
3321,Positive,Positive,4,4,Positive,Positive
3322,Positive,Positive,5,5,Positive,Positive
3323,Positive,Positive,3,3,Neutral,Neutral
3324,Positive,Positive,5,5,Positive,Positive
3325,Positive,Positive,5,5,Positive,Positive
3326,Positive,Positive,5,5,Positive,Positive
3327,Positive,Positive,5,5,Positive,Positive
3328,Positive,Positive,4,4,Positive,Positive
3329,Positive,Positive,5,5,Positive,Positive
3330,Positive,Positive,4,4,Positive,Positive
3331,Positive,Positive,4,4,Positive,Positive
3332,Positive,Positive,5,5,Positive,Positive
3333,Positive,Positive,3,3,Neutral,Neutral
3334,Positive,Negative,5,4,Positive,Positive
3335,Positive,Positive,2,2,Negative,Negative
3336,Positive,Positive,4,4,Positive,Positive
3337,Positive,Positive,2,2,Negative,Negative
3338,Positive,Positive,5,5,Positive,Positive
3339,Positive,Positive,3,3,Neutral,Neutral
3340,Negative,Negative,4,4,Positive,Positive
3341,Positive,Positive,5,5,Positive,Positive
3342,Positive,Positive,4,4,Positive,Positive
3343,Positive,Positive,5,5,Positive,Positive
3344,Positive,Positive,5,5,Positive,Positive
3345,Positive,Positive,5,5,Positive,Positive
3346,Positive,Positive,4,4,Positive,Positive
3347,Neutral,Neutral,3,3,Neutral,Neutral
3348,Positive,Positive,5,5,Positive,Positive
3349,Positive,Positive,5,5,Positive,Positive
3350,Negative,Negative,3,3,Neutral,Neutral
3351,Positive,Positive,5,5,Positive,Positive
3352,Positive,Positive,5,5,Positive,Positive
3353,Positive,Positive,5,5,Positive,Positive
3354,Neutral,Neutral,5,5,Positive,Positive
3355,Negative,Negative,2,2,Negative,Negative
3356,Positive,Positive,5,5,Positive,Positive
3357,Neutral,Neutral,3,3,Neutral,Neutral
3358,Positive,Positive,4,4,Positive,Positive
3359,Positive,Positive,5,5,Positive,Positive
3360,Positive,Positive,4,4,Positive,Positive
3361,Positive,Positive,5,5,Positive,Positive
3362,Positive,Positive,2,3,Negative,Neutral
3363,Positive,Positive,5,5,Positive,Positive
3364,Positive,Positive,4,4,Positive,Positive
3365,Positive,Positive,4,4,Positive,Positive
3366,Negative,Negative,3,3,Neutral,Neutral
3367,Positive,Positive,5,5,Positive,Positive
3368,Positive,Positive,5,5,Positive,Positive
3369,Positive,Positive,4,4,Positive,Positive
3370,Positive,Positive,5,5,Positive,Positive
3371,Negative,Negative,4,4,Positive,Positive
3372,Positive,Positive,5,5,Positive,Positive
3373,Negative,Negative,4,4,Positive,Positive
3374,Negative,Negative,5,5,Positive,Positive
3375,Positive,Positive,5,5,Positive,Positive
3376,Positive,Positive,4,4,Positive,Positive
3377,Positive,Positive,4,4,Positive,Positive
3378,Positive,Positive,4,4,Positive,Positive
3379,Positive,Positive,5,5,Positive,Positive
3380,Positive,Positive,4,4,Positive,Positive
3381,Positive,Positive,4,4,Positive,Positive
3382,Negative,Negative,2,2,Negative,Negative
3383,Positive,Positive,5,5,Positive,Positive
3384,Negative,Negative,2,2,Negative,Negative
3385,Positive,Positive,3,4,Neutral,Positive
3386,Neutral,Neutral,3,3,Neutral,Neutral
3387,Positive,Positive,4,4,Positive,Positive
3388,Positive,Positive,4,4,Positive,Positive
3389,Positive,Positive,4,4,Positive,Positive
3390,Positive,Positive,4,4,Positive,Positive
3391,Positive,Positive,2,2,Negative,Negative
3392,Positive,Positive,3,3,Neutral,Neutral
3393,Positive,Positive,4,4,Positive,Positive
3394,Positive,Positive,5,5,Positive,Positive
3395,Positive,Positive,5,5,Positive,Positive
3396,Positive,Positive,4,4,Positive,Positive
3397,Positive,Positive,1,1,Negative,Negative
3398,Positive,Positive,5,5,Positive,Positive
3399,Negative,Negative,2,2,Negative,Negative
3400,Negative,Negative,3,3,Neutral,Neutral
3401,Positive,Positive,3,3,Neutral,Neutral
3402,Positive,Positive,1,1,Negative,Negative
3403,Negative,Negative,2,2,Negative,Negative
3404,Positive,Positive,5,5,Positive,Positive
3405,Negative,Negative,1,1,Negative,Negative
3406,Positive,Positive,3,3,Neutral,Neutral
3407,Positive,Positive,3,3,Neutral,Neutral
3408,Positive,Positive,5,5,Positive,Positive
3409,Positive,Positive,5,5,Positive,Positive
3410,Positive,Positive,5,5,Positive,Positive
3411,Positive,Positive,3,3,Neutral,Neutral
3412,Positive,Positive,4,4,Positive,Positive
3413,Positive,Positive,4,4,Positive,Positive
3414,Positive,Positive,1,1,Negative,Negative
3415,Positive,Positive,3,3,Neutral,Neutral
3416,Positive,Positive,5,5,Positive,Positive
3417,Positive,Positive,4,4,Positive,Positive
3418,Negative,Negative,1,1,Negative,Negative
3419,Positive,Positive,4,4,Positive,Positive
3420,Positive,Positive,4,4,Positive,Positive
3421,Positive,Positive,3,3,Neutral,Neutral
3422,Positive,Positive,1,1,Negative,Negative
3423,Positive,Positive,4,4,Positive,Positive
3424,Positive,Positive,5,5,Positive,Positive
3425,Positive,Positive,5,5,Positive,Positive
3426,Positive,Positive,5,5,Positive,Positive
3427,Positive,Positive,4,4,Positive,Positive
3428,Positive,Positive,3,3,Neutral,Neutral
3429,Positive,Positive,5,5,Positive,Positive
3430,Positive,Positive,1,1,Negative,Negative
3431,Positive,Positive,2,2,Negative,Negative
3432,Neutral,Neutral,5,5,Positive,Positive
3433,Positive,Positive,5,5,Positive,Positive
3434,Positive,Positive,5,5,Positive,Positive
3435,Positive,Positive,5,5,Positive,Positive
3436,Positive,Negative,5,1,Positive,Negative
3437,Positive,Positive,4,4,Positive,Positive
3438,Positive,Positive,5,5,Positive,Positive
3439,Positive,Positive,3,3,Neutral,Neutral
3440,Positive,Positive,5,5,Positive,Positive
3441,Positive,Positive,5,5,Positive,Positive
3442,Positive,Positive,5,5,Positive,Positive
3443,Positive,Positive,5,5,Positive,Positive
3444,Negative,Negative,4,4,Positive,Positive
3445,Positive,Positive,4,4,Positive,Positive
3446,Positive,Positive,5,5,Positive,Positive
3447,Positive,Positive,5,5,Positive,Positive
3448,Negative,Negative,4,4,Positive,Positive
3449,Positive,Positive,5,5,Positive,Positive
3450,Negative,Negative,1,1,Negative,Negative
3451,Positive,Positive,4,4,Positive,Positive
3452,Positive,Positive,4,4,Positive,Positive
3453,Positive,Positive,4,4,Positive,Positive
3454,Positive,Positive,5,5,Positive,Positive
3455,Positive,Positive,4,4,Positive,Positive
3456,Positive,Positive,4,4,Positive,Positive
3457,Positive,Positive,5,5,Positive,Positive
3458,Positive,Positive,4,4,Positive,Positive
3459,Negative,Negative,2,2,Negative,Negative
3460,Positive,Neutral,5,4,Positive,Positive
3461,Positive,Positive,5,5,Positive,Positive
3462,Positive,Positive,5,5,Positive,Positive
3463,Positive,Positive,5,5,Positive,Positive
3464,Positive,Positive,4,4,Positive,Positive
3465,Negative,Negative,1,1,Negative,Negative
3466,Positive,Positive,4,4,Positive,Positive
3467,Positive,Positive,5,5,Positive,Positive
3468,Positive,Positive,4,4,Positive,Positive
3469,Positive,Positive,1,1,Negative,Negative
3470,Positive,Positive,4,4,Positive,Positive
3471,Positive,Positive,4,4,Positive,Positive
3472,Positive,Positive,5,5,Positive,Positive
3473,Negative,Negative,3,3,Neutral,Neutral
3474,Positive,Positive,5,5,Positive,Positive
3475,Positive,Positive,4,4,Positive,Positive
3476,Positive,Positive,5,5,Positive,Positive
3477,Positive,Positive,4,4,Positive,Positive
3478,Positive,Positive,2,3,Negative,Neutral
3479,Neutral,Neutral,3,3,Neutral,Neutral
3480,Positive,Positive,5,5,Positive,Positive
3481,Positive,Positive,5,5,Positive,Positive
3482,Positive,Positive,5,5,Positive,Positive
3483,Positive,Positive,3,3,Neutral,Neutral
3484,Positive,Positive,5,5,Positive,Positive
3485,Positive,Positive,5,5,Positive,Positive
3486,Positive,Positive,4,4,Positive,Positive
3487,Positive,Positive,5,5,Positive,Positive
3488,Positive,Positive,4,3,Positive,Neutral
3489,Positive,Positive,5,5,Positive,Positive
3490,Positive,Positive,5,5,Positive,Positive
3491,Positive,Positive,4,4,Positive,Positive
3492,Negative,Negative,3,3,Neutral,Neutral
3493,Positive,Positive,3,3,Neutral,Neutral
3494,Positive,Positive,2,2,Negative,Negative
3495,Negative,Negative,2,2,Negative,Negative
3496,Positive,Positive,4,4,Positive,Positive
3497,Positive,Positive,5,4,Positive,Positive
3498,Positive,Positive,3,3,Neutral,Neutral
3499,Negative,Negative,2,2,Negative,Negative
3500,Positive,Positive,4,4,Positive,Positive
3501,Negative,Negative,2,2,Negative,Negative
3502,Positive,Positive,5,5,Positive,Positive
3503,Positive,Positive,5,5,Positive,Positive
3504,Positive,Positive,5,5,Positive,Positive
3505,Positive,Negative,5,1,Positive,Negative
3506,Positive,Positive,5,5,Positive,Positive
3507,Neutral,Negative,3,3,Neutral,Neutral
3508,Positive,Positive,5,5,Positive,Positive
3509,Positive,Positive,4,4,Positive,Positive
3510,Positive,Positive,5,5,Positive,Positive
3511,Positive,Positive,5,5,Positive,Positive
3512,Positive,Positive,5,5,Positive,Positive
3513,Negative,Negative,1,1,Negative,Negative
3514,Positive,Positive,4,4,Positive,Positive
3515,Negative,Positive,2,2,Negative,Negative
3516,Positive,Positive,5,5,Positive,Positive
3517,Positive,Positive,5,5,Positive,Positive
3518,Positive,Positive,2,2,Negative,Negative
3519,Positive,Positive,1,1,Negative,Negative
3520,Neutral,Neutral,3,3,Neutral,Neutral
3521,Positive,Positive,3,4,Neutral,Positive
3522,Positive,Positive,5,5,Positive,Positive
3523,Positive,Positive,4,4,Positive,Positive
3524,Positive,Positive,5,5,Positive,Positive
3525,Neutral,Neutral,2,2,Negative,Negative
3526,Positive,Positive,3,3,Neutral,Neutral
3527,Positive,Positive,5,5,Positive,Positive
3528,Positive,Positive,4,4,Positive,Positive
3529,Positive,Positive,5,5,Positive,Positive
3530,Positive,Positive,4,4,Positive,Positive
3531,Positive,Positive,4,4,Positive,Positive
3532,Negative,Negative,1,1,Negative,Negative
3533,Positive,Positive,5,5,Positive,Positive
3534,Positive,Positive,5,5,Positive,Positive
3535,Positive,Positive,4,4,Positive,Positive
3536,Positive,Positive,3,3,Neutral,Neutral
3537,Positive,Positive,5,5,Positive,Positive
3538,Positive,Positive,5,5,Positive,Positive
3539,Positive,Positive,5,5,Positive,Positive
3540,Positive,Positive,5,5,Positive,Positive
3541,Negative,Negative,1,1,Negative,Negative
3542,Neutral,Neutral,1,1,Negative,Negative
3543,Positive,Positive,4,4,Positive,Positive
3544,Positive,Positive,4,4,Positive,Positive
3545,Positive,Positive,4,4,Positive,Positive
3546,Positive,Positive,5,5,Positive,Positive
3547,Positive,Positive,5,5,Positive,Positive
3548,Positive,Positive,4,4,Positive,Positive
3549,Negative,Negative,2,2,Negative,Negative
3550,Positive,Positive,4,4,Positive,Positive
3551,Positive,Positive,4,4,Positive,Positive
3552,Positive,Positive,5,5,Positive,Positive
3553,Neutral,Neutral,1,1,Negative,Negative
3554,Positive,Positive,5,5,Positive,Positive
3555,Positive,Positive,5,5,Positive,Positive
3556,Positive,Positive,4,4,Positive,Positive
3557,Positive,Positive,5,5,Positive,Positive
3558,Positive,Positive,5,5,Positive,Positive
3559,Positive,Positive,4,4,Positive,Positive
3560,Positive,Positive,5,5,Positive,Positive
3561,Positive,Positive,5,5,Positive,Positive
3562,Positive,Positive,5,5,Positive,Positive
3563,Positive,Positive,4,4,Positive,Positive
3564,Positive,Positive,3,3,Neutral,Neutral
3565,Neutral,Neutral,4,4,Positive,Positive
3566,Positive,Positive,3,3,Neutral,Neutral
3567,Positive,Positive,5,5,Positive,Positive
3568,Positive,Positive,4,4,Positive,Positive
3569,Negative,Negative,1,1,Negative,Negative
3570,Negative,Positive,4,4,Positive,Positive
3571,Negative,Negative,1,1,Negative,Negative
3572,Positive,Positive,5,5,Positive,Positive
3573,Neutral,Positive,1,2,Negative,Negative
3574,Positive,Positive,2,2,Negative,Negative
3575,Positive,Positive,4,4,Positive,Positive
3576,Positive,Negative,3,3,Neutral,Neutral
3577,Positive,Positive,5,5,Positive,Positive
3578,Positive,Positive,5,5,Positive,Positive
3579,Positive,Positive,5,5,Positive,Positive
3580,Positive,Positive,4,3,Positive,Neutral
3581,Positive,Positive,3,3,Neutral,Neutral
3582,Negative,Negative,1,1,Negative,Negative
3583,Positive,Positive,5,5,Positive,Positive
3584,Positive,Positive,3,3,Neutral,Neutral
3585,Negative,Negative,2,2,Negative,Negative
3586,Positive,Positive,4,4,Positive,Positive
3587,Neutral,Neutral,5,5,Positive,Positive
3588,Negative,Negative,5,5,Positive,Positive
3589,Positive,Positive,5,5,Positive,Positive
3590,Positive,Positive,4,4,Positive,Positive
3591,Positive,Positive,5,5,Positive,Positive
3592,Negative,Negative,5,5,Positive,Positive
3593,Positive,Positive,4,4,Positive,Positive
3594,Positive,Positive,3,3,Neutral,Neutral
3595,Positive,Positive,4,4,Positive,Positive
3596,Positive,Positive,5,4,Positive,Positive
3597,Positive,Positive,5,5,Positive,Positive
3598,Positive,Positive,5,5,Positive,Positive
3599,Positive,Positive,3,3,Neutral,Neutral
3600,Positive,Positive,5,5,Positive,Positive
3601,Positive,Positive,5,5,Positive,Positive
3602,Positive,Positive,4,4,Positive,Positive
3603,Positive,Positive,4,4,Positive,Positive
3604,Positive,Positive,5,5,Positive,Positive
3605,Positive,Positive,3,3,Neutral,Neutral
3606,Positive,Positive,5,5,Positive,Positive
3607,Positive,Positive,5,5,Positive,Positive
3608,Positive,Positive,5,5,Positive,Positive
3609,Positive,Positive,5,5,Positive,Positive
3610,Negative,Negative,1,1,Negative,Negative
3611,Positive,Positive,5,5,Positive,Positive
3612,Positive,Positive,4,4,Positive,Positive
3613,Negative,Negative,2,2,Negative,Negative
3614,Positive,Positive,5,5,Positive,Positive
3615,Positive,Positive,4,5,Positive,Positive
3616,Positive,Positive,4,4,Positive,Positive
3617,Positive,Positive,5,5,Positive,Positive
3618,Positive,Negative,2,2,Negative,Negative
3619,Positive,Positive,4,4,Positive,Positive
3620,Negative,Negative,5,5,Positive,Positive
3621,Positive,Positive,5,5,Positive,Positive
3622,Positive,Positive,4,4,Positive,Positive
3623,Positive,Positive,5,5,Positive,Positive
3624,Positive,Positive,4,4,Positive,Positive
3625,Positive,Positive,5,5,Positive,Positive
3626,Neutral,Neutral,5,5,Positive,Positive
3627,Positive,Positive,5,5,Positive,Positive
3628,Positive,Positive,4,4,Positive,Positive
3629,Positive,Positive,3,3,Neutral,Neutral
3630,Positive,Positive,4,4,Positive,Positive
3631,Positive,Positive,3,3,Neutral,Neutral
3632,Positive,Positive,4,4,Positive,Positive
3633,Positive,Positive,2,2,Negative,Negative
3634,Positive,Positive,2,2,Negative,Negative
3635,Negative,Positive,3,4,Neutral,Positive
3636,Positive,Positive,4,4,Positive,Positive
3637,Positive,Positive,4,4,Positive,Positive
3638,Neutral,Neutral,5,5,Positive,Positive
3639,Positive,Positive,4,4,Positive,Positive
3640,Positive,Positive,2,5,Negative,Positive
3641,Positive,Positive,5,5,Positive,Positive
3642,Negative,Negative,4,4,Positive,Positive
3643,Positive,Positive,4,4,Positive,Positive
3644,Negative,Negative,4,4,Positive,Positive
3645,Positive,Positive,5,5,Positive,Positive
3646,Negative,Negative,2,2,Negative,Negative
3647,Positive,Positive,5,5,Positive,Positive
3648,Positive,Positive,5,5,Positive,Positive
3649,Positive,Positive,5,5,Positive,Positive
3650,Positive,Positive,2,2,Negative,Negative
3651,Negative,Positive,3,3,Neutral,Neutral
3652,Positive,Positive,2,1,Negative,Negative
3653,Positive,Positive,4,4,Positive,Positive
3654,Positive,Positive,2,4,Negative,Positive
3655,Positive,Positive,4,4,Positive,Positive
3656,Negative,Negative,4,4,Positive,Positive
3657,Positive,Positive,5,5,Positive,Positive
3658,Positive,Positive,5,5,Positive,Positive
3659,Negative,Negative,1,1,Negative,Negative
3660,Positive,Positive,4,5,Positive,Positive
3661,Positive,Positive,1,1,Negative,Negative
3662,Positive,Positive,5,5,Positive,Positive
3663,Positive,Positive,5,5,Positive,Positive
3664,Positive,Positive,5,5,Positive,Positive
3665,Positive,Positive,4,4,Positive,Positive
3666,Neutral,Neutral,5,5,Positive,Positive
3667,Positive,Positive,4,4,Positive,Positive
3668,Positive,Positive,3,3,Neutral,Neutral
3669,Positive,Positive,3,3,Neutral,Neutral
3670,Positive,Positive,5,5,Positive,Positive
3671,Positive,Positive,5,5,Positive,Positive
3672,Negative,Negative,2,2,Negative,Negative
3673,Positive,Positive,2,2,Negative,Negative
3674,Positive,Positive,4,4,Positive,Positive
3675,Positive,Positive,1,1,Negative,Negative
3676,Negative,Negative,2,2,Negative,Negative
3677,Positive,Negative,2,3,Negative,Neutral
3678,Positive,Positive,5,5,Positive,Positive
3679,Positive,Positive,4,4,Positive,Positive
3680,Positive,Positive,4,2,Positive,Negative
3681,Positive,Positive,4,4,Positive,Positive
3682,Positive,Positive,4,4,Positive,Positive
3683,Negative,Negative,1,1,Negative,Negative
3684,Positive,Positive,5,5,Positive,Positive
3685,Positive,Positive,4,4,Positive,Positive
3686,Positive,Positive,5,5,Positive,Positive
3687,Positive,Positive,4,4,Positive,Positive
3688,Positive,Positive,4,4,Positive,Positive
3689,Positive,Positive,4,4,Positive,Positive
3690,Positive,Positive,5,5,Positive,Positive
3691,Negative,Negative,4,4,Positive,Positive
3692,Negative,Neutral,1,2,Negative,Negative
3693,Negative,Negative,2,2,Negative,Negative
3694,Positive,Positive,5,5,Positive,Positive
3695,Positive,Positive,4,4,Positive,Positive
3696,Positive,Positive,4,4,Positive,Positive
3697,Positive,Positive,4,4,Positive,Positive
3698,Neutral,Neutral,5,5,Positive,Positive
3699,Positive,Positive,3,3,Neutral,Neutral
3700,Positive,Positive,5,5,Positive,Positive
3701,Positive,Positive,5,5,Positive,Positive
3702,Positive,Positive,5,5,Positive,Positive
3703,Positive,Positive,3,3,Neutral,Neutral
3704,Positive,Positive,5,5,Positive,Positive
3705,Positive,Positive,5,5,Positive,Positive
3706,Positive,Positive,4,4,Positive,Positive
3707,Negative,Negative,1,1,Negative,Negative
3708,Positive,Positive,5,5,Positive,Positive
3709,Positive,Positive,2,2,Negative,Negative
3710,Negative,Negative,4,4,Positive,Positive
3711,Negative,Negative,1,1,Negative,Negative
3712,Negative,Negative,5,5,Positive,Positive
3713,Positive,Positive,4,4,Positive,Positive
3714,Positive,Positive,5,5,Positive,Positive
3715,Positive,Positive,1,1,Negative,Negative
3716,Positive,Positive,4,5,Positive,Positive
3717,Negative,Negative,4,4,Positive,Positive
3718,Positive,Positive,5,5,Positive,Positive
3719,Negative,Negative,4,4,Positive,Positive
3720,Positive,Positive,5,5,Positive,Positive
3721,Positive,Positive,5,5,Positive,Positive
3722,Positive,Positive,5,5,Positive,Positive
3723,Neutral,Neutral,5,5,Positive,Positive
3724,Positive,Positive,5,5,Positive,Positive
3725,Negative,Negative,4,4,Positive,Positive
3726,Negative,Negative,3,3,Neutral,Neutral
3727,Negative,Negative,2,2,Negative,Negative
3728,Positive,Positive,4,4,Positive,Positive
3729,Positive,Positive,4,4,Positive,Positive
3730,Negative,Negative,4,4,Positive,Positive
3731,Positive,Positive,4,4,Positive,Positive
3732,Positive,Positive,5,5,Positive,Positive
3733,Negative,Negative,3,3,Neutral,Neutral
3734,Negative,Negative,4,4,Positive,Positive
3735,Positive,Positive,4,4,Positive,Positive
3736,Positive,Positive,5,5,Positive,Positive
3737,Positive,Positive,3,3,Neutral,Neutral
3738,Positive,Positive,5,5,Positive,Positive
3739,Negative,Negative,4,4,Positive,Positive
3740,Positive,Positive,2,2,Negative,Negative
3741,Positive,Positive,5,5,Positive,Positive
3742,Positive,Positive,4,4,Positive,Positive
3743,Positive,Positive,5,5,Positive,Positive
3744,Positive,Positive,4,4,Positive,Positive
3745,Positive,Positive,5,5,Positive,Positive
3746,Positive,Positive,5,5,Positive,Positive
3747,Positive,Positive,5,5,Positive,Positive
3748,Positive,Positive,5,5,Positive,Positive
3749,Negative,Negative,3,3,Neutral,Neutral
3750,Positive,Positive,5,5,Positive,Positive
3751,Positive,Positive,3,3,Neutral,Neutral
3752,Positive,Positive,4,4,Positive,Positive
3753,Positive,Positive,4,4,Positive,Positive
3754,Neutral,Neutral,4,4,Positive,Positive
3755,Negative,Negative,3,3,Neutral,Neutral
3756,Positive,Positive,5,5,Positive,Positive
3757,Positive,Positive,4,4,Positive,Positive
3758,Positive,Positive,4,4,Positive,Positive
3759,Positive,Positive,5,5,Positive,Positive
3760,Positive,Positive,4,4,Positive,Positive
3761,Positive,Positive,4,4,Positive,Positive
3762,Positive,Positive,4,4,Positive,Positive
3763,Positive,Positive,4,4,Positive,Positive
3764,Positive,Negative,5,5,Positive,Positive
3765,Positive,Positive,4,4,Positive,Positive
3766,Negative,Negative,4,4,Positive,Positive
3767,Positive,Positive,5,5,Positive,Positive
3768,Negative,Negative,4,4,Positive,Positive
3769,Positive,Positive,5,5,Positive,Positive
3770,Positive,Positive,5,5,Positive,Positive
3771,Positive,Positive,5,5,Positive,Positive
3772,Positive,Positive,5,5,Positive,Positive
3773,Negative,Negative,4,4,Positive,Positive
3774,Positive,Positive,5,5,Positive,Positive
3775,Positive,Positive,4,3,Positive,Neutral
3776,Positive,Positive,5,5,Positive,Positive
3777,Positive,Positive,5,5,Positive,Positive
3778,Positive,Positive,5,5,Positive,Positive
3779,Positive,Positive,4,4,Positive,Positive
3780,Negative,Negative,5,5,Positive,Positive
3781,Positive,Positive,5,5,Positive,Positive
3782,Positive,Positive,4,4,Positive,Positive
3783,Positive,Positive,4,4,Positive,Positive
3784,Positive,Positive,3,3,Neutral,Neutral
3785,Positive,Positive,4,4,Positive,Positive
3786,Negative,Negative,1,1,Negative,Negative
3787,Neutral,Neutral,5,5,Positive,Positive
3788,Positive,Positive,4,4,Positive,Positive
3789,Positive,Positive,5,5,Positive,Positive
3790,Positive,Positive,4,4,Positive,Positive
3791,Positive,Negative,5,5,Positive,Positive
3792,Positive,Positive,1,1,Negative,Negative
3793,Negative,Negative,2,2,Negative,Negative
3794,Positive,Positive,5,5,Positive,Positive
3795,Neutral,Neutral,1,1,Negative,Negative
3796,Negative,Negative,1,1,Negative,Negative
3797,Neutral,Neutral,4,4,Positive,Positive
3798,Positive,Positive,5,5,Positive,Positive
3799,Positive,Positive,3,3,Neutral,Neutral
3800,Positive,Positive,3,3,Neutral,Neutral
3801,Negative,Negative,1,1,Negative,Negative
3802,Positive,Positive,5,5,Positive,Positive
3803,Positive,Positive,5,5,Positive,Positive
3804,Positive,Positive,4,4,Positive,Positive
3805,Positive,Positive,5,5,Positive,Positive
3806,Positive,Positive,5,5,Positive,Positive
3807,Positive,Positive,5,5,Positive,Positive
3808,Neutral,Neutral,5,5,Positive,Positive
3809,Positive,Positive,5,5,Positive,Positive
3810,Neutral,Neutral,5,5,Positive,Positive
3811,Positive,Positive,5,5,Positive,Positive
3812,Positive,Positive,5,5,Positive,Positive
3813,Positive,Positive,5,5,Positive,Positive
3814,Neutral,Neutral,5,5,Positive,Positive
3815,Positive,Positive,3,3,Neutral,Neutral
3816,Positive,Positive,5,5,Positive,Positive
3817,Positive,Positive,4,4,Positive,Positive
3818,Positive,Positive,5,5,Positive,Positive
3819,Neutral,Neutral,4,4,Positive,Positive
3820,Positive,Positive,2,2,Negative,Negative
3821,Positive,Positive,1,1,Negative,Negative
3822,Positive,Positive,5,5,Positive,Positive
3823,Positive,Positive,4,4,Positive,Positive
3824,Negative,Negative,4,4,Positive,Positive
3825,Positive,Positive,4,5,Positive,Positive
3826,Positive,Positive,5,5,Positive,Positive
3827,Positive,Positive,5,5,Positive,Positive
3828,Positive,Positive,4,4,Positive,Positive
3829,Positive,Positive,4,4,Positive,Positive
3830,Positive,Positive,5,5,Positive,Positive
3831,Positive,Positive,5,5,Positive,Positive
3832,Positive,Positive,5,5,Positive,Positive
3833,Positive,Positive,5,5,Positive,Positive
3834,Positive,Positive,4,4,Positive,Positive
3835,Positive,Positive,4,4,Positive,Positive
3836,Positive,Positive,5,5,Positive,Positive
3837,Positive,Positive,4,4,Positive,Positive
3838,Positive,Positive,5,5,Positive,Positive
3839,Neutral,Neutral,3,3,Neutral,Neutral
3840,Positive,Positive,5,5,Positive,Positive
3841,Positive,Positive,5,5,Positive,Positive
3842,Positive,Positive,5,5,Positive,Positive
3843,Positive,Positive,5,5,Positive,Positive
3844,Positive,Positive,2,2,Negative,Negative
3845,Positive,Positive,4,4,Positive,Positive
3846,Positive,Positive,4,4,Positive,Positive
3847,Positive,Positive,5,5,Positive,Positive
3848,Positive,Positive,5,5,Positive,Positive
3849,Positive,Positive,5,5,Positive,Positive
3850,Positive,Positive,5,5,Positive,Positive
3851,Positive,Positive,5,5,Positive,Positive
3852,Positive,Positive,5,5,Positive,Positive
3853,Positive,Positive,3,3,Neutral,Neutral
3854,Negative,Negative,1,1,Negative,Negative
3855,Positive,Positive,4,4,Positive,Positive
3856,Negative,Neutral,2,4,Negative,Positive
3857,Neutral,Neutral,4,4,Positive,Positive
3858,Positive,Positive,2,2,Negative,Negative
3859,Positive,Positive,3,3,Neutral,Neutral
3860,Positive,Positive,4,4,Positive,Positive
3861,Positive,Positive,5,5,Positive,Positive
3862,Positive,Positive,1,1,Negative,Negative
3863,Positive,Positive,4,4,Positive,Positive
3864,Positive,Positive,4,4,Positive,Positive
3865,Positive,Positive,4,4,Positive,Positive
3866,Positive,Positive,4,4,Positive,Positive
3867,Positive,Positive,5,5,Positive,Positive
3868,Positive,Positive,4,4,Positive,Positive
3869,Positive,Positive,5,4,Positive,Positive
3870,Positive,Positive,4,4,Positive,Positive
3871,Positive,Positive,4,4,Positive,Positive
3872,Positive,Positive,3,3,Neutral,Neutral
3873,Positive,Positive,3,3,Neutral,Neutral
3874,Positive,Positive,3,3,Neutral,Neutral
3875,Positive,Positive,5,5,Positive,Positive
3876,Positive,Positive,5,5,Positive,Positive
3877,Negative,Negative,4,4,Positive,Positive
3878,Positive,Negative,2,2,Negative,Negative
3879,Positive,Positive,5,5,Positive,Positive
3880,Negative,Negative,4,4,Positive,Positive
3881,Positive,Positive,5,5,Positive,Positive
3882,Positive,Positive,5,5,Positive,Positive
3883,Positive,Positive,4,4,Positive,Positive
3884,Positive,Positive,5,5,Positive,Positive
3885,Positive,Positive,4,4,Positive,Positive
3886,Positive,Positive,5,5,Positive,Positive
3887,Positive,Positive,5,5,Positive,Positive
3888,Positive,Positive,4,4,Positive,Positive
3889,Positive,Positive,4,4,Positive,Positive
3890,Positive,Positive,4,4,Positive,Positive
3891,Positive,Positive,4,4,Positive,Positive
3892,Negative,Negative,1,1,Negative,Negative
3893,Positive,Negative,4,2,Positive,Negative
3894,Positive,Positive,3,3,Neutral,Neutral
3895,Negative,Negative,5,5,Positive,Positive
3896,Positive,Positive,5,5,Positive,Positive
3897,Negative,Negative,5,5,Positive,Positive
3898,Negative,Negative,4,4,Positive,Positive
3899,Positive,Positive,4,4,Positive,Positive
3900,Positive,Positive,4,4,Positive,Positive
3901,Negative,Negative,1,1,Negative,Negative
3902,Positive,Positive,5,5,Positive,Positive
3903,Positive,Positive,5,5,Positive,Positive
3904,Positive,Positive,4,4,Positive,Positive
3905,Positive,Positive,4,4,Positive,Positive
3906,Positive,Positive,5,5,Positive,Positive
3907,Positive,Positive,4,3,Positive,Neutral
3908,Negative,Negative,2,2,Negative,Negative
3909,Positive,Positive,5,5,Positive,Positive
3910,Positive,Positive,4,4,Positive,Positive
3911,Positive,Negative,5,4,Positive,Positive
3912,Positive,Positive,4,4,Positive,Positive
3913,Positive,Positive,2,2,Negative,Negative
3914,Positive,Positive,5,5,Positive,Positive
3915,Positive,Positive,4,4,Positive,Positive
3916,Positive,Positive,5,5,Positive,Positive
3917,Neutral,Neutral,5,5,Positive,Positive
3918,Positive,Positive,4,3,Positive,Neutral
3919,Negative,Negative,4,4,Positive,Positive
3920,Positive,Positive,5,5,Positive,Positive
3921,Positive,Positive,5,5,Positive,Positive
3922,Positive,Positive,5,5,Positive,Positive
3923,Negative,Negative,5,5,Positive,Positive
3924,Positive,Negative,3,3,Neutral,Neutral
3925,Positive,Positive,3,3,Neutral,Neutral
3926,Positive,Positive,5,5,Positive,Positive
3927,Positive,Positive,5,5,Positive,Positive
3928,Positive,Positive,4,4,Positive,Positive
3929,Positive,Positive,4,4,Positive,Positive
3930,Positive,Positive,5,5,Positive,Positive
3931,Positive,Positive,4,4,Positive,Positive
3932,Positive,Positive,5,5,Positive,Positive
3933,Negative,Negative,2,2,Negative,Negative
3934,Positive,Positive,5,5,Positive,Positive
3935,Positive,Positive,2,2,Negative,Negative
3936,Positive,Positive,4,4,Positive,Positive
3937,Positive,Positive,5,5,Positive,Positive
3938,Positive,Positive,5,5,Positive,Positive
3939,Positive,Positive,5,5,Positive,Positive
3940,Negative,Negative,1,1,Negative,Negative
3941,Positive,Positive,5,5,Positive,Positive
3942,Positive,Positive,4,4,Positive,Positive
3943,Positive,Positive,5,5,Positive,Positive
3944,Positive,Positive,5,5,Positive,Positive
3945,Positive,Positive,5,5,Positive,Positive
3946,Positive,Positive,5,5,Positive,Positive
3947,Neutral,Neutral,5,5,Positive,Positive
3948,Positive,Positive,3,3,Neutral,Neutral
3949,Neutral,Neutral,4,4,Positive,Positive
3950,Positive,Positive,4,4,Positive,Positive
3951,Positive,Positive,3,3,Neutral,Neutral
3952,Positive,Positive,2,2,Negative,Negative
3953,Positive,Positive,4,4,Positive,Positive
3954,Negative,Negative,1,1,Negative,Negative
3955,Positive,Positive,5,5,Positive,Positive
3956,Positive,Positive,1,1,Negative,Negative
3957,Positive,Positive,2,2,Negative,Negative
3958,Positive,Positive,4,4,Positive,Positive
3959,Positive,Negative,4,5,Positive,Positive
3960,Positive,Positive,1,1,Negative,Negative
3961,Positive,Positive,4,4,Positive,Positive
3962,Positive,Positive,3,3,Neutral,Neutral
3963,Positive,Positive,5,5,Positive,Positive
3964,Positive,Positive,4,4,Positive,Positive
3965,Positive,Positive,4,4,Positive,Positive
3966,Positive,Positive,5,5,Positive,Positive
3967,Negative,Negative,1,1,Negative,Negative
3968,Negative,Negative,5,5,Positive,Positive
3969,Positive,Positive,5,5,Positive,Positive
3970,Positive,Positive,4,4,Positive,Positive
3971,Positive,Positive,3,3,Neutral,Neutral
3972,Positive,Negative,2,1,Negative,Negative
3973,Positive,Positive,5,5,Positive,Positive
3974,Positive,Positive,5,5,Positive,Positive
3975,Positive,Positive,5,5,Positive,Positive
3976,Positive,Positive,4,4,Positive,Positive
3977,Positive,Positive,3,3,Neutral,Neutral
3978,Positive,Positive,2,2,Negative,Negative
3979,Negative,Negative,2,2,Negative,Negative
3980,Negative,Negative,2,2,Negative,Negative
3981,Positive,Positive,5,5,Positive,Positive
3982,Positive,Positive,4,4,Positive,Positive
3983,Positive,Positive,5,5,Positive,Positive
3984,Positive,Positive,4,4,Positive,Positive
3985,Positive,Positive,5,5,Positive,Positive
3986,Negative,Negative,4,4,Positive,Positive
3987,Positive,Negative,3,3,Neutral,Neutral
3988,Positive,Positive,5,5,Positive,Positive
3989,Negative,Negative,3,3,Neutral,Neutral
3990,Positive,Positive,5,5,Positive,Positive
3991,Positive,Positive,5,5,Positive,Positive
3992,Positive,Positive,2,2,Negative,Negative
3993,Positive,Positive,3,3,Neutral,Neutral
3994,Positive,Positive,5,5,Positive,Positive
3995,Positive,Positive,3,3,Neutral,Neutral
3996,Positive,Positive,5,5,Positive,Positive
3997,Positive,Positive,5,5,Positive,Positive
3998,Positive,Positive,5,5,Positive,Positive
3999,Positive,Positive,5,5,Positive,Positive
4000,Positive,Positive,4,4,Positive,Positive
4001,Positive,Positive,4,4,Positive,Positive
4002,Positive,Positive,2,2,Negative,Negative
4003,Positive,Positive,5,5,Positive,Positive
4004,Positive,Positive,4,4,Positive,Positive
4005,Positive,Positive,2,2,Negative,Negative
4006,Positive,Positive,5,5,Positive,Positive
4007,Positive,Positive,3,3,Neutral,Neutral
4008,Positive,Positive,4,4,Positive,Positive
4009,Negative,Negative,3,3,Neutral,Neutral
4010,Positive,Positive,5,5,Positive,Positive
4011,Positive,Positive,3,3,Neutral,Neutral
4012,Neutral,Neutral,4,4,Positive,Positive
4013,Positive,Positive,5,5,Positive,Positive
4014,Negative,Negative,1,1,Negative,Negative
4015,Positive,Positive,2,2,Negative,Negative
4016,Negative,Negative,5,5,Positive,Positive
4017,Positive,Positive,4,4,Positive,Positive
4018,Negative,Negative,1,1,Negative,Negative
4019,Negative,Negative,2,2,Negative,Negative
4020,Negative,Negative,1,2,Negative,Negative
4021,Positive,Positive,4,4,Positive,Positive
4022,Positive,Positive,3,3,Neutral,Neutral
4023,Negative,Negative,4,4,Positive,Positive
4024,Positive,Positive,3,3,Neutral,Neutral
4025,Neutral,Neutral,5,5,Positive,Positive
4026,Positive,Positive,3,3,Neutral,Neutral
4027,Positive,Positive,4,4,Positive,Positive
4028,Positive,Positive,4,4,Positive,Positive
4029,Positive,Positive,5,5,Positive,Positive
4030,Positive,Positive,5,5,Positive,Positive
4031,Positive,Positive,5,2,Positive,Negative
4032,Positive,Positive,5,5,Positive,Positive
4033,Negative,Negative,2,2,Negative,Negative
4034,Positive,Positive,4,4,Positive,Positive
4035,Positive,Positive,4,4,Positive,Positive
4036,Positive,Positive,2,2,Negative,Negative
4037,Positive,Positive,5,5,Positive,Positive
4038,Positive,Positive,5,5,Positive,Positive
4039,Positive,Positive,5,5,Positive,Positive
4040,Negative,Negative,5,5,Positive,Positive
4041,Positive,Positive,4,4,Positive,Positive
4042,Positive,Positive,5,4,Positive,Positive
4043,Positive,Positive,5,5,Positive,Positive
4044,Positive,Positive,4,4,Positive,Positive
4045,Positive,Positive,3,3,Neutral,Neutral
4046,Positive,Positive,4,4,Positive,Positive
4047,Positive,Positive,4,4,Positive,Positive
4048,Positive,Positive,4,4,Positive,Positive
4049,Positive,Positive,5,5,Positive,Positive
4050,Positive,Positive,5,5,Positive,Positive
4051,Positive,Positive,5,5,Positive,Positive
4052,Positive,Positive,5,5,Positive,Positive
4053,Positive,Positive,4,4,Positive,Positive
4054,Positive,Positive,4,4,Positive,Positive
4055,Positive,Positive,5,5,Positive,Positive
4056,Positive,Positive,4,1,Positive,Negative
4057,Positive,Positive,2,2,Negative,Negative
4058,Negative,Negative,2,2,Negative,Negative
4059,Positive,Positive,5,5,Positive,Positive
4060,Positive,Positive,4,4,Positive,Positive
4061,Positive,Positive,4,4,Positive,Positive
4062,Positive,Positive,2,2,Negative,Negative
4063,Positive,Positive,5,5,Positive,Positive
4064,Positive,Positive,5,5,Positive,Positive
4065,Positive,Positive,4,4,Positive,Positive
4066,Positive,Positive,5,5,Positive,Positive
4067,Positive,Positive,5,1,Positive,Negative
4068,Positive,Positive,4,4,Positive,Positive
4069,Positive,Positive,5,5,Positive,Positive
4070,Positive,Positive,5,5,Positive,Positive
4071,Positive,Positive,3,3,Neutral,Neutral
4072,Positive,Positive,4,4,Positive,Positive
4073,Positive,Positive,5,5,Positive,Positive
4074,Positive,Positive,5,5,Positive,Positive
4075,Positive,Positive,4,4,Positive,Positive
4076,Positive,Positive,5,5,Positive,Positive
4077,Neutral,Neutral,5,5,Positive,Positive
4078,Positive,Positive,5,5,Positive,Positive
4079,Positive,Positive,5,5,Positive,Positive
4080,Positive,Positive,5,5,Positive,Positive
4081,Positive,Positive,2,2,Negative,Negative
4082,Positive,Positive,5,5,Positive,Positive
4083,Positive,Positive,4,4,Positive,Positive
4084,Neutral,Neutral,5,5,Positive,Positive
4085,Positive,Positive,4,4,Positive,Positive
4086,Positive,Positive,5,5,Positive,Positive
4087,Neutral,Neutral,5,5,Positive,Positive
4088,Positive,Positive,5,5,Positive,Positive
4089,Positive,Positive,5,5,Positive,Positive
4090,Positive,Positive,3,3,Neutral,Neutral
4091,Positive,Positive,3,3,Neutral,Neutral
4092,Positive,Positive,5,5,Positive,Positive
4093,Positive,Positive,5,5,Positive,Positive
4094,Positive,Positive,4,4,Positive,Positive
4095,Positive,Positive,3,3,Neutral,Neutral
4096,Positive,Positive,4,4,Positive,Positive
4097,Positive,Positive,5,5,Positive,Positive
4098,Negative,Negative,5,5,Positive,Positive
4099,Neutral,Neutral,3,3,Neutral,Neutral
4100,Negative,Negative,2,2,Negative,Negative
4101,Positive,Positive,5,5,Positive,Positive
4102,Positive,Positive,4,4,Positive,Positive
4103,Negative,Negative,3,3,Neutral,Neutral
4104,Positive,Positive,5,5,Positive,Positive
4105,Positive,Positive,4,4,Positive,Positive
4106,Positive,Positive,4,4,Positive,Positive
4107,Positive,Positive,5,5,Positive,Positive
4108,Negative,Negative,5,5,Positive,Positive
4109,Positive,Positive,5,5,Positive,Positive
4110,Positive,Positive,2,2,Negative,Negative
4111,Negative,Negative,4,4,Positive,Positive
4112,Positive,Positive,5,5,Positive,Positive
4113,Positive,Positive,4,4,Positive,Positive
4114,Positive,Positive,5,5,Positive,Positive
4115,Positive,Positive,5,5,Positive,Positive
4116,Positive,Positive,3,3,Neutral,Neutral
4117,Positive,Positive,5,5,Positive,Positive
4118,Positive,Positive,5,5,Positive,Positive
4119,Positive,Positive,4,4,Positive,Positive
4120,Positive,Neutral,4,4,Positive,Positive
4121,Positive,Negative,5,5,Positive,Positive
4122,Positive,Positive,3,3,Neutral,Neutral
4123,Positive,Positive,4,4,Positive,Positive
4124,Positive,Positive,5,5,Positive,Positive
4125,Positive,Positive,5,5,Positive,Positive
4126,Negative,Negative,2,2,Negative,Negative
4127,Positive,Positive,5,5,Positive,Positive
4128,Negative,Negative,4,4,Positive,Positive
4129,Positive,Positive,5,5,Positive,Positive
4130,Negative,Negative,3,3,Neutral,Neutral
4131,Negative,Negative,3,3,Neutral,Neutral
4132,Positive,Positive,2,2,Negative,Negative
4133,Positive,Positive,5,5,Positive,Positive
4134,Positive,Positive,4,4,Positive,Positive
4135,Positive,Positive,5,5,Positive,Positive
4136,Positive,Positive,1,1,Negative,Negative
4137,Positive,Positive,5,5,Positive,Positive
4138,Positive,Positive,5,5,Positive,Positive
4139,Positive,Positive,4,4,Positive,Positive
4140,Positive,Positive,5,5,Positive,Positive
4141,Positive,Positive,5,5,Positive,Positive
4142,Positive,Positive,5,5,Positive,Positive
4143,Positive,Negative,2,2,Negative,Negative
4144,Positive,Negative,1,1,Negative,Negative
4145,Positive,Positive,5,5,Positive,Positive
4146,Positive,Positive,4,4,Positive,Positive
4147,Positive,Positive,2,2,Negative,Negative
4148,Positive,Positive,5,5,Positive,Positive
4149,Positive,Positive,5,5,Positive,Positive
4150,Negative,Negative,1,1,Negative,Negative
4151,Positive,Positive,2,5,Negative,Positive
4152,Positive,Positive,4,4,Positive,Positive
4153,Positive,Positive,5,5,Positive,Positive
4154,Positive,Positive,5,5,Positive,Positive
4155,Positive,Positive,5,5,Positive,Positive
4156,Positive,Positive,4,5,Positive,Positive
4157,Positive,Positive,5,5,Positive,Positive
4158,Positive,Positive,5,5,Positive,Positive
4159,Positive,Positive,5,5,Positive,Positive
4160,Positive,Positive,4,4,Positive,Positive
4161,Positive,Positive,5,5,Positive,Positive
4162,Positive,Negative,4,4,Positive,Positive
4163,Positive,Positive,4,4,Positive,Positive
4164,Negative,Negative,2,2,Negative,Negative
4165,Positive,Positive,5,5,Positive,Positive
4166,Positive,Negative,4,4,Positive,Positive
4167,Negative,Negative,4,4,Positive,Positive
4168,Positive,Positive,1,1,Negative,Negative
4169,Positive,Positive,5,5,Positive,Positive
4170,Positive,Positive,5,5,Positive,Positive
4171,Positive,Positive,5,5,Positive,Positive
4172,Positive,Positive,5,5,Positive,Positive
4173,Positive,Positive,2,2,Negative,Negative
4174,Positive,Positive,5,5,Positive,Positive
4175,Positive,Positive,5,5,Positive,Positive
4176,Positive,Positive,5,5,Positive,Positive
4177,Positive,Positive,5,5,Positive,Positive
4178,Negative,Negative,4,4,Positive,Positive
4179,Positive,Positive,5,5,Positive,Positive
4180,Positive,Positive,4,4,Positive,Positive
4181,Positive,Positive,5,5,Positive,Positive
4182,Positive,Positive,5,5,Positive,Positive
4183,Positive,Positive,5,5,Positive,Positive
4184,Positive,Positive,4,4,Positive,Positive
4185,Positive,Positive,4,4,Positive,Positive
4186,Positive,Positive,5,5,Positive,Positive
4187,Positive,Positive,3,3,Neutral,Neutral
4188,Positive,Positive,5,5,Positive,Positive
4189,Positive,Positive,3,3,Neutral,Neutral
4190,Positive,Positive,5,5,Positive,Positive
4191,Positive,Positive,4,4,Positive,Positive
4192,Positive,Positive,4,4,Positive,Positive
4193,Positive,Positive,4,4,Positive,Positive
4194,Positive,Positive,4,4,Positive,Positive
4195,Positive,Positive,5,5,Positive,Positive
4196,Positive,Positive,5,5,Positive,Positive
4197,Positive,Positive,5,5,Positive,Positive
4198,Neutral,Neutral,2,2,Negative,Negative
4199,Positive,Positive,5,5,Positive,Positive
4200,Positive,Positive,5,5,Positive,Positive
4201,Negative,Negative,5,5,Positive,Positive
4202,Negative,Negative,2,2,Negative,Negative
4203,Positive,Positive,5,5,Positive,Positive
4204,Positive,Positive,5,5,Positive,Positive
4205,Positive,Positive,5,5,Positive,Positive
4206,Positive,Positive,4,4,Positive,Positive
4207,Negative,Negative,5,5,Positive,Positive
4208,Negative,Negative,2,4,Negative,Positive
4209,Positive,Positive,3,3,Neutral,Neutral
4210,Negative,Negative,1,1,Negative,Negative
4211,Positive,Positive,4,3,Positive,Neutral
4212,Positive,Positive,3,4,Neutral,Positive
4213,Positive,Positive,3,3,Neutral,Neutral
4214,Positive,Positive,5,5,Positive,Positive
4215,Positive,Positive,4,4,Positive,Positive
4216,Positive,Positive,5,5,Positive,Positive
4217,Positive,Positive,4,4,Positive,Positive
4218,Positive,Positive,5,5,Positive,Positive
4219,Positive,Positive,4,4,Positive,Positive
4220,Positive,Positive,5,5,Positive,Positive
4221,Positive,Positive,5,5,Positive,Positive
4222,Positive,Positive,4,4,Positive,Positive
4223,Positive,Positive,5,5,Positive,Positive
4224,Positive,Positive,4,4,Positive,Positive
4225,Neutral,Neutral,3,3,Neutral,Neutral
4226,Positive,Positive,4,4,Positive,Positive
4227,Positive,Positive,5,5,Positive,Positive
4228,Positive,Positive,5,5,Positive,Positive
4229,Positive,Positive,4,4,Positive,Positive
4230,Positive,Positive,5,5,Positive,Positive
4231,Negative,Positive,2,2,Negative,Negative
4232,Positive,Positive,5,5,Positive,Positive
4233,Negative,Negative,1,1,Negative,Negative
4234,Negative,Negative,4,4,Positive,Positive
4235,Positive,Positive,5,5,Positive,Positive
4236,Positive,Positive,5,5,Positive,Positive
4237,Positive,Positive,5,5,Positive,Positive
4238,Positive,Positive,5,5,Positive,Positive
4239,Positive,Positive,5,5,Positive,Positive
4240,Positive,Positive,5,5,Positive,Positive
4241,Negative,Negative,1,1,Negative,Negative
4242,Negative,Negative,1,1,Negative,Negative
4243,Positive,Positive,4,4,Positive,Positive
4244,Positive,Positive,4,4,Positive,Positive
4245,Positive,Positive,4,5,Positive,Positive
4246,Positive,Positive,5,5,Positive,Positive
4247,Positive,Positive,4,4,Positive,Positive
4248,Positive,Positive,5,5,Positive,Positive
4249,Positive,Positive,2,2,Negative,Negative
4250,Negative,Negative,5,5,Positive,Positive
4251,Positive,Negative,4,4,Positive,Positive
4252,Positive,Positive,5,5,Positive,Positive
4253,Positive,Positive,3,3,Neutral,Neutral
4254,Negative,Negative,2,2,Negative,Negative
4255,Positive,Positive,4,4,Positive,Positive
4256,Negative,Negative,2,2,Negative,Negative
4257,Positive,Positive,4,4,Positive,Positive
4258,Negative,Negative,2,3,Negative,Neutral
4259,Positive,Positive,3,3,Neutral,Neutral
4260,Positive,Positive,5,5,Positive,Positive
4261,Positive,Negative,4,2,Positive,Negative
4262,Positive,Positive,4,4,Positive,Positive
4263,Positive,Positive,4,4,Positive,Positive
4264,Positive,Positive,5,5,Positive,Positive
4265,Positive,Positive,5,5,Positive,Positive
4266,Negative,Negative,1,1,Negative,Negative
4267,Positive,Positive,3,3,Neutral,Neutral
4268,Positive,Positive,4,4,Positive,Positive
4269,Positive,Positive,4,4,Positive,Positive
4270,Positive,Positive,5,5,Positive,Positive
4271,Positive,Positive,5,5,Positive,Positive
4272,Positive,Positive,5,5,Positive,Positive
4273,Positive,Positive,3,3,Neutral,Neutral
4274,Negative,Negative,2,2,Negative,Negative
4275,Positive,Positive,5,5,Positive,Positive
4276,Positive,Positive,4,4,Positive,Positive
4277,Positive,Positive,3,3,Neutral,Neutral
4278,Positive,Positive,2,2,Negative,Negative
4279,Positive,Positive,4,4,Positive,Positive
4280,Negative,Negative,3,3,Neutral,Neutral
4281,Positive,Positive,5,5,Positive,Positive
4282,Positive,Positive,4,4,Positive,Positive
4283,Positive,Positive,5,5,Positive,Positive
4284,Negative,Negative,1,1,Negative,Negative
4285,Positive,Positive,5,5,Positive,Positive
4286,Negative,Negative,3,3,Neutral,Neutral
4287,Positive,Positive,5,5,Positive,Positive
4288,Positive,Positive,4,5,Positive,Positive
4289,Positive,Positive,4,4,Positive,Positive
4290,Neutral,Neutral,4,4,Positive,Positive
4291,Positive,Positive,4,4,Positive,Positive
4292,Positive,Positive,5,5,Positive,Positive
4293,Positive,Positive,5,5,Positive,Positive
4294,Positive,Positive,3,3,Neutral,Neutral
4295,Positive,Positive,5,5,Positive,Positive
4296,Neutral,Neutral,4,4,Positive,Positive
4297,Positive,Positive,4,4,Positive,Positive
4298,Positive,Positive,3,3,Neutral,Neutral
4299,Positive,Positive,5,5,Positive,Positive
4300,Positive,Positive,5,5,Positive,Positive
4301,Positive,Positive,4,4,Positive,Positive
4302,Positive,Positive,4,4,Positive,Positive
4303,Positive,Positive,4,4,Positive,Positive
4304,Positive,Positive,3,3,Neutral,Neutral
4305,Positive,Positive,5,5,Positive,Positive
4306,Positive,Positive,5,5,Positive,Positive
4307,Negative,Negative,4,4,Positive,Positive
4308,Positive,Positive,5,5,Positive,Positive
4309,Positive,Positive,4,4,Positive,Positive
4310,Positive,Positive,5,5,Positive,Positive
4311,Positive,Positive,5,5,Positive,Positive
4312,Positive,Positive,5,5,Positive,Positive
4313,Positive,Positive,5,5,Positive,Positive
4314,Neutral,Neutral,2,2,Negative,Negative
4315,Positive,Positive,5,5,Positive,Positive
4316,Positive,Positive,5,5,Positive,Positive
4317,Positive,Positive,4,4,Positive,Positive
4318,Positive,Positive,5,5,Positive,Positive
4319,Positive,Positive,2,5,Negative,Positive
4320,Positive,Positive,4,4,Positive,Positive
4321,Positive,Positive,5,5,Positive,Positive
4322,Positive,Positive,5,5,Positive,Positive
4323,Positive,Positive,5,5,Positive,Positive
4324,Positive,Positive,3,3,Neutral,Neutral
4325,Positive,Positive,5,5,Positive,Positive
4326,Positive,Positive,4,4,Positive,Positive
4327,Positive,Positive,4,5,Positive,Positive
4328,Positive,Positive,5,5,Positive,Positive
4329,Positive,Positive,5,5,Positive,Positive
4330,Positive,Positive,5,5,Positive,Positive
4331,Positive,Positive,4,4,Positive,Positive
4332,Positive,Positive,4,4,Positive,Positive
4333,Positive,Positive,5,5,Positive,Positive
4334,Negative,Positive,3,2,Neutral,Negative
4335,Negative,Negative,4,3,Positive,Neutral
4336,Negative,Negative,4,4,Positive,Positive
4337,Positive,Positive,5,5,Positive,Positive
4338,Positive,Positive,4,4,Positive,Positive
4339,Positive,Positive,3,3,Neutral,Neutral
4340,Positive,Positive,4,4,Positive,Positive
4341,Positive,Positive,5,5,Positive,Positive
4342,Positive,Positive,5,5,Positive,Positive
4343,Positive,Positive,5,5,Positive,Positive
4344,Negative,Negative,1,4,Negative,Positive
4345,Positive,Positive,5,5,Positive,Positive
4346,Positive,Neutral,4,5,Positive,Positive
4347,Positive,Positive,5,5,Positive,Positive
4348,Positive,Positive,5,5,Positive,Positive
4349,Positive,Positive,3,3,Neutral,Neutral
4350,Positive,Positive,4,4,Positive,Positive
4351,Positive,Positive,5,5,Positive,Positive
4352,Negative,Negative,3,3,Neutral,Neutral
4353,Positive,Positive,4,4,Positive,Positive
4354,Negative,Negative,1,2,Negative,Negative
4355,Positive,Positive,4,4,Positive,Positive
4356,Positive,Positive,4,4,Positive,Positive
4357,Positive,Positive,5,5,Positive,Positive
4358,Positive,Positive,5,5,Positive,Positive
4359,Positive,Positive,4,4,Positive,Positive
4360,Positive,Positive,3,3,Neutral,Neutral
4361,Positive,Positive,4,4,Positive,Positive
4362,Positive,Positive,5,5,Positive,Positive
4363,Positive,Positive,5,5,Positive,Positive
4364,Positive,Positive,4,4,Positive,Positive
4365,Positive,Positive,3,3,Neutral,Neutral
4366,Neutral,Neutral,5,5,Positive,Positive
4367,Positive,Negative,4,4,Positive,Positive
4368,Positive,Positive,5,5,Positive,Positive
4369,Positive,Positive,2,2,Negative,Negative
4370,Positive,Positive,5,5,Positive,Positive
4371,Negative,Negative,4,4,Positive,Positive
4372,Positive,Positive,3,3,Neutral,Neutral
4373,Negative,Negative,1,2,Negative,Negative
4374,Positive,Positive,4,4,Positive,Positive
4375,Positive,Positive,5,5,Positive,Positive
4376,Positive,Positive,4,4,Positive,Positive
4377,Positive,Positive,3,3,Neutral,Neutral
4378,Positive,Positive,5,5,Positive,Positive
4379,Positive,Positive,4,4,Positive,Positive
4380,Positive,Positive,4,4,Positive,Positive
4381,Positive,Positive,5,5,Positive,Positive
4382,Positive,Positive,4,4,Positive,Positive
4383,Neutral,Neutral,5,5,Positive,Positive
4384,Negative,Positive,4,4,Positive,Positive
4385,Positive,Positive,5,5,Positive,Positive
4386,Negative,Negative,4,4,Positive,Positive
4387,Negative,Negative,2,2,Negative,Negative
4388,Positive,Positive,5,5,Positive,Positive
4389,Negative,Negative,4,5,Positive,Positive
4390,Positive,Positive,4,4,Positive,Positive
4391,Positive,Positive,4,3,Positive,Neutral
4392,Positive,Positive,4,4,Positive,Positive
4393,Positive,Positive,4,4,Positive,Positive
4394,Positive,Positive,3,3,Neutral,Neutral
4395,Positive,Positive,4,4,Positive,Positive
4396,Positive,Positive,4,4,Positive,Positive
4397,Positive,Positive,3,3,Neutral,Neutral
4398,Positive,Positive,4,4,Positive,Positive
4399,Neutral,Neutral,5,5,Positive,Positive
4400,Positive,Positive,3,3,Neutral,Neutral
4401,Neutral,Neutral,4,4,Positive,Positive
4402,Positive,Positive,5,5,Positive,Positive
4403,Neutral,Neutral,2,2,Negative,Negative
4404,Positive,Positive,5,5,Positive,Positive
4405,Positive,Positive,4,4,Positive,Positive
4406,Negative,Negative,1,1,Negative,Negative
4407,Positive,Positive,4,4,Positive,Positive
4408,Positive,Positive,5,5,Positive,Positive
4409,Positive,Positive,4,4,Positive,Positive
4410,Positive,Positive,4,4,Positive,Positive
4411,Negative,Negative,4,4,Positive,Positive
4412,Positive,Positive,3,3,Neutral,Neutral
4413,Neutral,Neutral,5,5,Positive,Positive
4414,Positive,Positive,5,5,Positive,Positive
4415,Positive,Positive,5,5,Positive,Positive
4416,Negative,Negative,1,1,Negative,Negative
4417,Positive,Positive,2,2,Negative,Negative
4418,Positive,Positive,3,3,Neutral,Neutral
4419,Positive,Positive,4,4,Positive,Positive
4420,Positive,Positive,5,5,Positive,Positive
4421,Positive,Positive,5,5,Positive,Positive
4422,Neutral,Neutral,4,4,Positive,Positive
4423,Positive,Positive,4,4,Positive,Positive
4424,Positive,Positive,4,4,Positive,Positive
4425,Positive,Positive,5,5,Positive,Positive
4426,Positive,Negative,2,2,Negative,Negative
4427,Negative,Negative,4,2,Positive,Negative
4428,Positive,Positive,3,3,Neutral,Neutral
4429,Positive,Positive,5,5,Positive,Positive
4430,Positive,Positive,4,4,Positive,Positive
4431,Positive,Positive,1,1,Negative,Negative
4432,Positive,Positive,3,3,Neutral,Neutral
4433,Positive,Positive,3,3,Neutral,Neutral
4434,Positive,Positive,4,4,Positive,Positive
4435,Positive,Positive,5,5,Positive,Positive
4436,Positive,Negative,4,4,Positive,Positive
4437,Positive,Positive,3,3,Neutral,Neutral
4438,Positive,Positive,4,4,Positive,Positive
4439,Positive,Positive,4,5,Positive,Positive
4440,Positive,Positive,4,4,Positive,Positive
4441,Positive,Positive,3,3,Neutral,Neutral
4442,Positive,Positive,5,5,Positive,Positive
4443,Positive,Positive,4,4,Positive,Positive
4444,Positive,Positive,4,4,Positive,Positive
4445,Positive,Positive,4,4,Positive,Positive
4446,Positive,Positive,5,5,Positive,Positive
4447,Positive,Negative,4,5,Positive,Positive
4448,Positive,Positive,4,4,Positive,Positive
4449,Positive,Positive,2,2,Negative,Negative
4450,Positive,Positive,5,5,Positive,Positive
4451,Positive,Positive,5,5,Positive,Positive
4452,Negative,Negative,1,1,Negative,Negative
4453,Neutral,Neutral,1,1,Negative,Negative
4454,Positive,Positive,1,1,Negative,Negative
4455,Positive,Positive,5,5,Positive,Positive
4456,Positive,Positive,5,5,Positive,Positive
4457,Positive,Positive,5,5,Positive,Positive
4458,Negative,Negative,4,4,Positive,Positive
4459,Positive,Positive,4,4,Positive,Positive
4460,Positive,Positive,3,3,Neutral,Neutral
4461,Positive,Positive,5,5,Positive,Positive
4462,Positive,Positive,4,4,Positive,Positive
4463,Positive,Positive,5,5,Positive,Positive
4464,Negative,Negative,3,3,Neutral,Neutral
4465,Positive,Positive,4,4,Positive,Positive
4466,Positive,Positive,2,2,Negative,Negative
4467,Neutral,Neutral,5,5,Positive,Positive
4468,Positive,Positive,5,5,Positive,Positive
4469,Positive,Positive,2,2,Negative,Negative
4470,Positive,Positive,4,4,Positive,Positive
4471,Negative,Negative,4,4,Positive,Positive
4472,Negative,Negative,5,5,Positive,Positive
4473,Positive,Negative,4,1,Positive,Negative
4474,Positive,Positive,4,4,Positive,Positive
4475,Positive,Positive,5,5,Positive,Positive
4476,Positive,Positive,5,5,Positive,Positive
4477,Negative,Negative,1,1,Negative,Negative
4478,Positive,Positive,4,4,Positive,Positive
4479,Positive,Positive,5,5,Positive,Positive
4480,Positive,Positive,4,4,Positive,Positive
4481,Positive,Positive,5,5,Positive,Positive
4482,Positive,Positive,3,3,Neutral,Neutral
4483,Positive,Positive,5,5,Positive,Positive
4484,Negative,Positive,2,3,Negative,Neutral
4485,Neutral,Negative,4,4,Positive,Positive
4486,Positive,Positive,5,5,Positive,Positive
4487,Positive,Positive,4,4,Positive,Positive
4488,Positive,Negative,4,4,Positive,Positive
4489,Positive,Positive,5,5,Positive,Positive
4490,Negative,Negative,3,3,Neutral,Neutral
4491,Positive,Positive,4,4,Positive,Positive
4492,Positive,Positive,3,3,Neutral,Neutral
4493,Negative,Negative,1,1,Negative,Negative
4494,Positive,Positive,5,5,Positive,Positive
4495,Positive,Positive,5,5,Positive,Positive
4496,Negative,Negative,1,1,Negative,Negative
4497,Positive,Positive,4,4,Positive,Positive
4498,Positive,Positive,4,3,Positive,Neutral
4499,Positive,Negative,4,4,Positive,Positive
4500,Negative,Negative,3,3,Neutral,Neutral
4501,Positive,Positive,5,5,Positive,Positive
4502,Negative,Negative,2,1,Negative,Negative
4503,Positive,Positive,4,4,Positive,Positive
4504,Positive,Positive,4,4,Positive,Positive
4505,Positive,Positive,5,5,Positive,Positive
4506,Positive,Positive,5,5,Positive,Positive
4507,Positive,Positive,5,5,Positive,Positive
4508,Negative,Negative,4,4,Positive,Positive
4509,Positive,Positive,4,4,Positive,Positive
4510,Positive,Positive,5,5,Positive,Positive
4511,Positive,Positive,5,5,Positive,Positive
4512,Neutral,Neutral,5,5,Positive,Positive
4513,Negative,Negative,5,4,Positive,Positive
4514,Positive,Positive,5,5,Positive,Positive
4515,Positive,Positive,4,3,Positive,Neutral
4516,Negative,Negative,4,4,Positive,Positive
4517,Positive,Positive,4,4,Positive,Positive
4518,Neutral,Neutral,4,4,Positive,Positive
4519,Positive,Positive,5,5,Positive,Positive
4520,Positive,Positive,4,4,Positive,Positive
4521,Positive,Positive,5,5,Positive,Positive
4522,Positive,Positive,5,5,Positive,Positive
4523,Positive,Positive,4,4,Positive,Positive
4524,Positive,Positive,5,5,Positive,Positive
4525,Positive,Positive,5,5,Positive,Positive
4526,Negative,Negative,3,3,Neutral,Neutral
4527,Positive,Positive,5,5,Positive,Positive
4528,Neutral,Negative,3,3,Neutral,Neutral
4529,Positive,Positive,2,3,Negative,Neutral
4530,Positive,Positive,4,2,Positive,Negative
4531,Negative,Negative,3,3,Neutral,Neutral
4532,Positive,Positive,4,4,Positive,Positive
4533,Positive,Positive,5,4,Positive,Positive
4534,Negative,Negative,3,3,Neutral,Neutral
4535,Negative,Negative,1,1,Negative,Negative
4536,Positive,Positive,4,4,Positive,Positive
4537,Negative,Positive,1,2,Negative,Negative
4538,Positive,Positive,5,5,Positive,Positive
4539,Positive,Positive,5,5,Positive,Positive
4540,Positive,Positive,5,5,Positive,Positive
4541,Positive,Positive,4,4,Positive,Positive
4542,Negative,Negative,2,2,Negative,Negative
4543,Negative,Negative,4,4,Positive,Positive
4544,Positive,Positive,5,5,Positive,Positive
4545,Negative,Negative,1,1,Negative,Negative
4546,Negative,Negative,4,4,Positive,Positive
4547,Negative,Negative,2,2,Negative,Negative
4548,Positive,Positive,2,2,Negative,Negative
4549,Positive,Positive,3,3,Neutral,Neutral
4550,Positive,Positive,5,5,Positive,Positive
4551,Positive,Positive,5,4,Positive,Positive
4552,Positive,Positive,4,4,Positive,Positive
4553,Positive,Positive,5,5,Positive,Positive
4554,Positive,Positive,5,5,Positive,Positive
4555,Positive,Positive,5,5,Positive,Positive
4556,Positive,Positive,5,5,Positive,Positive
4557,Positive,Positive,5,5,Positive,Positive
4558,Positive,Positive,5,5,Positive,Positive
4559,Negative,Negative,5,5,Positive,Positive
4560,Positive,Positive,5,5,Positive,Positive
4561,Positive,Positive,5,5,Positive,Positive
4562,Positive,Positive,4,4,Positive,Positive
4563,Positive,Positive,5,1,Positive,Negative
4564,Positive,Positive,4,4,Positive,Positive
4565,Positive,Positive,5,5,Positive,Positive
4566,Positive,Positive,4,4,Positive,Positive
4567,Positive,Positive,4,4,Positive,Positive
4568,Positive,Positive,2,2,Negative,Negative
4569,Positive,Positive,5,5,Positive,Positive
4570,Positive,Positive,5,5,Positive,Positive
4571,Positive,Positive,2,2,Negative,Negative
4572,Negative,Negative,3,3,Neutral,Neutral
4573,Positive,Positive,5,5,Positive,Positive
4574,Negative,Negative,1,1,Negative,Negative
4575,Positive,Positive,5,5,Positive,Positive
4576,Positive,Positive,5,5,Positive,Positive
4577,Positive,Positive,5,5,Positive,Positive
4578,Negative,Negative,2,3,Negative,Neutral
4579,Positive,Positive,5,5,Positive,Positive
4580,Negative,Negative,1,2,Negative,Negative
4581,Positive,Positive,5,5,Positive,Positive
4582,Negative,Negative,4,4,Positive,Positive
4583,Positive,Positive,5,5,Positive,Positive
4584,Negative,Negative,4,4,Positive,Positive
4585,Positive,Positive,4,4,Positive,Positive
4586,Positive,Positive,4,4,Positive,Positive
4587,Positive,Positive,5,5,Positive,Positive
4588,Positive,Positive,5,5,Positive,Positive
4589,Positive,Positive,4,4,Positive,Positive
4590,Positive,Positive,4,4,Positive,Positive
4591,Positive,Positive,5,5,Positive,Positive
4592,Positive,Positive,4,4,Positive,Positive
4593,Positive,Positive,5,5,Positive,Positive
4594,Positive,Positive,5,5,Positive,Positive
4595,Positive,Positive,4,4,Positive,Positive
4596,Positive,Positive,5,5,Positive,Positive
4597,Positive,Positive,5,5,Positive,Positive
4598,Positive,Positive,4,4,Positive,Positive
4599,Positive,Positive,4,4,Positive,Positive
4600,Positive,Positive,5,5,Positive,Positive
4601,Positive,Positive,4,4,Positive,Positive
4602,Positive,Positive,5,5,Positive,Positive
4603,Positive,Positive,5,5,Positive,Positive
4604,Positive,Positive,5,5,Positive,Positive
4605,Positive,Positive,5,5,Positive,Positive
4606,Positive,Positive,5,5,Positive,Positive
4607,Positive,Positive,5,5,Positive,Positive
4608,Negative,Negative,2,2,Negative,Negative
4609,Positive,Positive,5,5,Positive,Positive
4610,Positive,Positive,5,5,Positive,Positive
4611,Positive,Positive,2,2,Negative,Negative
4612,Positive,Positive,4,4,Positive,Positive
4613,Positive,Positive,4,4,Positive,Positive
4614,Positive,Positive,5,5,Positive,Positive
4615,Positive,Positive,4,4,Positive,Positive
4616,Positive,Positive,5,5,Positive,Positive
4617,Positive,Positive,5,5,Positive,Positive
4618,Positive,Positive,5,5,Positive,Positive
4619,Positive,Positive,3,3,Neutral,Neutral
4620,Positive,Positive,4,4,Positive,Positive
4621,Positive,Positive,5,5,Positive,Positive
4622,Negative,Negative,2,5,Negative,Positive
4623,Positive,Positive,5,5,Positive,Positive
4624,Positive,Positive,5,5,Positive,Positive
4625,Negative,Negative,5,5,Positive,Positive
4626,Positive,Positive,5,5,Positive,Positive
4627,Positive,Positive,4,4,Positive,Positive
4628,Positive,Positive,3,3,Neutral,Neutral
4629,Positive,Positive,3,3,Neutral,Neutral
4630,Positive,Negative,2,2,Negative,Negative
4631,Neutral,Neutral,5,5,Positive,Positive
4632,Positive,Positive,5,5,Positive,Positive
4633,Positive,Positive,2,2,Negative,Negative
4634,Positive,Positive,5,5,Positive,Positive
4635,Negative,Negative,2,2,Negative,Negative
4636,Positive,Positive,1,1,Negative,Negative
4637,Positive,Positive,2,2,Negative,Negative
4638,Positive,Positive,2,2,Negative,Negative
4639,Positive,Positive,4,2,Positive,Negative
4640,Positive,Positive,5,2,Positive,Negative
4641,Positive,Positive,4,4,Positive,Positive
4642,Positive,Positive,5,5,Positive,Positive
4643,Positive,Positive,3,3,Neutral,Neutral
4644,Positive,Positive,5,5,Positive,Positive
4645,Positive,Positive,5,5,Positive,Positive
4646,Positive,Positive,4,4,Positive,Positive
4647,Positive,Positive,5,5,Positive,Positive
4648,Positive,Positive,5,5,Positive,Positive
4649,Positive,Positive,5,5,Positive,Positive
4650,Positive,Positive,5,4,Positive,Positive
4651,Positive,Positive,5,5,Positive,Positive
4652,Positive,Positive,3,3,Neutral,Neutral
4653,Positive,Positive,5,5,Positive,Positive
4654,Positive,Positive,2,2,Negative,Negative
4655,Negative,Negative,2,2,Negative,Negative
4656,Positive,Positive,2,2,Negative,Negative
4657,Positive,Positive,4,4,Positive,Positive
4658,Positive,Positive,5,5,Positive,Positive
4659,Positive,Positive,4,4,Positive,Positive
4660,Positive,Positive,5,5,Positive,Positive
4661,Positive,Positive,5,5,Positive,Positive
4662,Positive,Positive,3,3,Neutral,Neutral
4663,Positive,Positive,4,4,Positive,Positive
4664,Neutral,Neutral,4,4,Positive,Positive
4665,Positive,Positive,5,5,Positive,Positive
4666,Positive,Positive,2,1,Negative,Negative
4667,Positive,Positive,4,4,Positive,Positive
4668,Positive,Negative,4,3,Positive,Neutral
4669,Positive,Positive,3,3,Neutral,Neutral
4670,Positive,Positive,4,4,Positive,Positive
4671,Positive,Positive,3,4,Neutral,Positive
4672,Positive,Positive,5,5,Positive,Positive
4673,Positive,Positive,4,4,Positive,Positive
4674,Positive,Positive,3,3,Neutral,Neutral
4675,Positive,Positive,4,4,Positive,Positive
4676,Positive,Positive,5,5,Positive,Positive
4677,Positive,Positive,4,4,Positive,Positive
4678,Positive,Positive,4,4,Positive,Positive
4679,Positive,Positive,3,3,Neutral,Neutral
4680,Positive,Positive,5,5,Positive,Positive
4681,Positive,Positive,5,5,Positive,Positive
4682,Positive,Positive,5,5,Positive,Positive
4683,Negative,Negative,5,5,Positive,Positive
4684,Negative,Negative,4,4,Positive,Positive
4685,Positive,Positive,5,5,Positive,Positive
4686,Positive,Positive,4,4,Positive,Positive
4687,Negative,Negative,1,1,Negative,Negative
4688,Positive,Positive,5,5,Positive,Positive
4689,Positive,Positive,5,5,Positive,Positive
4690,Negative,Negative,1,1,Negative,Negative
4691,Positive,Positive,4,4,Positive,Positive
4692,Positive,Positive,5,5,Positive,Positive
4693,Positive,Positive,4,4,Positive,Positive
4694,Positive,Positive,5,5,Positive,Positive
4695,Positive,Positive,5,5,Positive,Positive
4696,Negative,Negative,1,1,Negative,Negative
4697,Positive,Positive,4,4,Positive,Positive
4698,Positive,Positive,4,4,Positive,Positive
4699,Negative,Negative,5,5,Positive,Positive
4700,Positive,Positive,5,5,Positive,Positive
4701,Positive,Positive,4,4,Positive,Positive
4702,Positive,Positive,5,5,Positive,Positive
4703,Positive,Positive,5,5,Positive,Positive
4704,Positive,Positive,5,5,Positive,Positive
4705,Positive,Positive,5,5,Positive,Positive
4706,Positive,Positive,4,4,Positive,Positive
4707,Positive,Positive,4,2,Positive,Negative
4708,Positive,Positive,1,1,Negative,Negative
4709,Positive,Positive,4,4,Positive,Positive
4710,Positive,Positive,5,5,Positive,Positive
4711,Positive,Positive,1,1,Negative,Negative
4712,Positive,Positive,5,5,Positive,Positive
4713,Positive,Positive,3,3,Neutral,Neutral
4714,Positive,Positive,4,4,Positive,Positive
4715,Positive,Positive,5,5,Positive,Positive
4716,Positive,Positive,4,4,Positive,Positive
4717,Positive,Positive,5,5,Positive,Positive
4718,Positive,Positive,4,4,Positive,Positive
4719,Negative,Negative,1,1,Negative,Negative
4720,Negative,Negative,1,1,Negative,Negative
4721,Positive,Positive,5,5,Positive,Positive
4722,Positive,Positive,5,4,Positive,Positive
4723,Negative,Negative,2,2,Negative,Negative
4724,Positive,Positive,5,5,Positive,Positive
4725,Positive,Positive,4,4,Positive,Positive
4726,Positive,Positive,4,4,Positive,Positive
4727,Positive,Positive,1,1,Negative,Negative
4728,Positive,Positive,4,4,Positive,Positive
4729,Positive,Positive,5,5,Positive,Positive
4730,Negative,Negative,3,3,Neutral,Neutral
4731,Positive,Positive,5,5,Positive,Positive
4732,Positive,Positive,5,5,Positive,Positive
4733,Positive,Positive,5,5,Positive,Positive
4734,Positive,Negative,4,2,Positive,Negative
4735,Positive,Positive,5,5,Positive,Positive
4736,Positive,Positive,5,5,Positive,Positive
4737,Positive,Positive,4,4,Positive,Positive
4738,Positive,Positive,5,5,Positive,Positive
4739,Positive,Positive,4,4,Positive,Positive
4740,Positive,Positive,4,4,Positive,Positive
4741,Positive,Positive,4,4,Positive,Positive
4742,Positive,Positive,5,5,Positive,Positive
4743,Positive,Positive,4,4,Positive,Positive
4744,Positive,Positive,4,4,Positive,Positive
4745,Negative,Negative,4,4,Positive,Positive
4746,Positive,Positive,4,4,Positive,Positive
4747,Positive,Positive,5,5,Positive,Positive
4748,Positive,Positive,4,4,Positive,Positive
4749,Positive,Positive,5,5,Positive,Positive
4750,Negative,Negative,4,4,Positive,Positive
4751,Positive,Positive,4,2,Positive,Negative
4752,Positive,Positive,5,5,Positive,Positive
4753,Positive,Positive,5,5,Positive,Positive
4754,Positive,Positive,4,4,Positive,Positive
4755,Positive,Positive,5,5,Positive,Positive
4756,Positive,Positive,5,5,Positive,Positive
4757,Positive,Positive,5,5,Positive,Positive
4758,Positive,Positive,2,2,Negative,Negative
4759,Positive,Positive,4,4,Positive,Positive
4760,Negative,Negative,2,2,Negative,Negative
4761,Positive,Positive,5,5,Positive,Positive
4762,Positive,Negative,4,4,Positive,Positive
4763,Positive,Positive,5,5,Positive,Positive
4764,Negative,Negative,5,5,Positive,Positive
4765,Positive,Positive,5,5,Positive,Positive
4766,Positive,Positive,5,5,Positive,Positive
4767,Negative,Negative,1,1,Negative,Negative
4768,Positive,Positive,5,5,Positive,Positive
4769,Positive,Positive,4,4,Positive,Positive
4770,Positive,Positive,4,4,Positive,Positive
4771,Positive,Positive,4,4,Positive,Positive
4772,Positive,Positive,5,5,Positive,Positive
4773,Positive,Positive,4,4,Positive,Positive
4774,Positive,Positive,5,5,Positive,Positive
4775,Positive,Positive,1,1,Negative,Negative
4776,Positive,Positive,5,5,Positive,Positive
4777,Positive,Positive,3,3,Neutral,Neutral
4778,Positive,Positive,2,2,Negative,Negative
4779,Positive,Positive,5,5,Positive,Positive
4780,Positive,Positive,5,5,Positive,Positive
4781,Positive,Positive,4,4,Positive,Positive
4782,Positive,Positive,4,4,Positive,Positive
4783,Positive,Positive,4,4,Positive,Positive
4784,Positive,Positive,4,4,Positive,Positive
4785,Positive,Positive,2,2,Negative,Negative
4786,Positive,Positive,4,4,Positive,Positive
4787,Negative,Positive,2,2,Negative,Negative
4788,Positive,Positive,4,3,Positive,Neutral
4789,Neutral,Neutral,5,5,Positive,Positive
4790,Positive,Positive,1,1,Negative,Negative
4791,Positive,Positive,4,4,Positive,Positive
4792,Positive,Positive,5,5,Positive,Positive
4793,Negative,Negative,2,2,Negative,Negative
4794,Positive,Positive,4,4,Positive,Positive
4795,Positive,Positive,5,5,Positive,Positive
4796,Positive,Positive,3,3,Neutral,Neutral
4797,Negative,Positive,2,2,Negative,Negative
4798,Positive,Positive,5,5,Positive,Positive
4799,Positive,Positive,5,5,Positive,Positive
4800,Positive,Positive,5,5,Positive,Positive
4801,Positive,Positive,4,4,Positive,Positive
4802,Positive,Positive,5,5,Positive,Positive
4803,Negative,Negative,4,4,Positive,Positive
4804,Positive,Positive,5,5,Positive,Positive
4805,Positive,Positive,4,4,Positive,Positive
4806,Positive,Positive,3,3,Neutral,Neutral
4807,Negative,Negative,5,5,Positive,Positive
4808,Negative,Positive,5,5,Positive,Positive
4809,Positive,Positive,4,4,Positive,Positive
4810,Positive,Positive,4,4,Positive,Positive
4811,Negative,Negative,5,5,Positive,Positive
4812,Positive,Positive,5,5,Positive,Positive
4813,Positive,Negative,4,4,Positive,Positive
4814,Positive,Positive,4,4,Positive,Positive
4815,Negative,Negative,4,4,Positive,Positive
4816,Positive,Positive,5,5,Positive,Positive
4817,Positive,Positive,1,1,Negative,Negative
4818,Positive,Positive,4,4,Positive,Positive
4819,Positive,Positive,5,5,Positive,Positive
4820,Positive,Positive,5,5,Positive,Positive
4821,Positive,Positive,4,4,Positive,Positive
4822,Positive,Positive,1,1,Negative,Negative
4823,Negative,Negative,1,1,Negative,Negative
4824,Positive,Positive,5,5,Positive,Positive
4825,Negative,Negative,2,2,Negative,Negative
4826,Positive,Positive,5,5,Positive,Positive
4827,Positive,Positive,5,5,Positive,Positive
4828,Positive,Positive,4,4,Positive,Positive
4829,Positive,Positive,3,3,Neutral,Neutral
4830,Positive,Positive,3,3,Neutral,Neutral
4831,Negative,Negative,2,2,Negative,Negative
4832,Positive,Positive,5,5,Positive,Positive
4833,Positive,Positive,4,4,Positive,Positive
4834,Positive,Positive,5,5,Positive,Positive
4835,Positive,Positive,4,4,Positive,Positive
4836,Positive,Positive,4,4,Positive,Positive
4837,Positive,Positive,4,4,Positive,Positive
4838,Positive,Positive,4,4,Positive,Positive
4839,Positive,Positive,4,4,Positive,Positive
4840,Positive,Positive,5,5,Positive,Positive
4841,Positive,Positive,4,4,Positive,Positive
4842,Positive,Positive,2,2,Negative,Negative
4843,Positive,Positive,4,4,Positive,Positive
4844,Positive,Positive,5,5,Positive,Positive
4845,Positive,Positive,3,3,Neutral,Neutral
4846,Positive,Positive,5,5,Positive,Positive
4847,Positive,Positive,5,5,Positive,Positive
4848,Positive,Positive,5,5,Positive,Positive
4849,Positive,Positive,5,5,Positive,Positive
4850,Positive,Positive,3,3,Neutral,Neutral
4851,Positive,Positive,2,2,Negative,Negative
4852,Positive,Negative,2,2,Negative,Negative
4853,Positive,Positive,4,4,Positive,Positive
4854,Positive,Negative,4,4,Positive,Positive
4855,Positive,Positive,4,4,Positive,Positive
4856,Positive,Positive,5,5,Positive,Positive
4857,Positive,Positive,3,3,Neutral,Neutral
4858,Positive,Positive,4,4,Positive,Positive
4859,Positive,Negative,3,3,Neutral,Neutral
4860,Positive,Positive,5,5,Positive,Positive
4861,Positive,Positive,4,4,Positive,Positive
4862,Positive,Positive,3,3,Neutral,Neutral
4863,Positive,Positive,1,1,Negative,Negative
4864,Positive,Positive,5,5,Positive,Positive
4865,Positive,Positive,4,4,Positive,Positive
4866,Positive,Positive,5,5,Positive,Positive
4867,Negative,Negative,5,5,Positive,Positive
4868,Positive,Positive,3,3,Neutral,Neutral
4869,Positive,Positive,5,5,Positive,Positive
4870,Positive,Positive,4,4,Positive,Positive
4871,Positive,Positive,5,5,Positive,Positive
4872,Positive,Positive,5,5,Positive,Positive
4873,Positive,Positive,5,5,Positive,Positive
4874,Negative,Negative,3,3,Neutral,Neutral
4875,Positive,Positive,5,5,Positive,Positive
4876,Positive,Negative,4,2,Positive,Negative
4877,Positive,Positive,5,5,Positive,Positive
4878,Positive,Positive,4,4,Positive,Positive
4879,Positive,Positive,5,5,Positive,Positive
4880,Negative,Negative,3,3,Neutral,Neutral
4881,Negative,Negative,5,5,Positive,Positive
4882,Positive,Positive,3,3,Neutral,Neutral
4883,Positive,Positive,5,5,Positive,Positive
4884,Positive,Positive,5,4,Positive,Positive
4885,Positive,Positive,4,4,Positive,Positive
4886,Positive,Positive,4,4,Positive,Positive
4887,Neutral,Neutral,3,3,Neutral,Neutral
4888,Positive,Positive,5,5,Positive,Positive
4889,Positive,Positive,5,5,Positive,Positive
4890,Positive,Positive,3,3,Neutral,Neutral
4891,Positive,Positive,5,5,Positive,Positive
4892,Positive,Positive,4,4,Positive,Positive
4893,Positive,Positive,5,4,Positive,Positive
4894,Positive,Positive,4,4,Positive,Positive
4895,Negative,Negative,2,2,Negative,Negative
4896,Positive,Positive,4,4,Positive,Positive
4897,Positive,Positive,3,2,Neutral,Negative
4898,Positive,Positive,2,2,Negative,Negative
4899,Positive,Positive,5,5,Positive,Positive
4900,Positive,Positive,4,4,Positive,Positive
4901,Negative,Negative,4,2,Positive,Negative
4902,Positive,Positive,3,3,Neutral,Neutral
4903,Positive,Positive,5,5,Positive,Positive
4904,Positive,Positive,4,4,Positive,Positive
4905,Positive,Positive,5,5,Positive,Positive
4906,Positive,Positive,3,3,Neutral,Neutral
4907,Negative,Negative,2,2,Negative,Negative
4908,Positive,Positive,4,4,Positive,Positive
4909,Positive,Positive,5,5,Positive,Positive
4910,Positive,Positive,5,5,Positive,Positive
4911,Positive,Positive,2,2,Negative,Negative
4912,Positive,Positive,5,5,Positive,Positive
4913,Positive,Positive,4,4,Positive,Positive
4914,Positive,Positive,5,5,Positive,Positive
4915,Positive,Positive,4,4,Positive,Positive
4916,Positive,Positive,5,5,Positive,Positive
4917,Positive,Positive,5,5,Positive,Positive
4918,Positive,Positive,4,4,Positive,Positive
4919,Positive,Positive,5,4,Positive,Positive
4920,Positive,Positive,4,4,Positive,Positive
4921,Positive,Positive,3,3,Neutral,Neutral
4922,Positive,Positive,5,5,Positive,Positive
4923,Positive,Positive,5,5,Positive,Positive
4924,Positive,Positive,4,4,Positive,Positive
4925,Positive,Positive,5,5,Positive,Positive
4926,Positive,Positive,4,4,Positive,Positive
4927,Positive,Positive,4,4,Positive,Positive
4928,Negative,Negative,5,5,Positive,Positive
4929,Positive,Positive,3,3,Neutral,Neutral
4930,Positive,Positive,5,5,Positive,Positive
4931,Positive,Positive,4,4,Positive,Positive
4932,Positive,Positive,5,5,Positive,Positive
4933,Positive,Positive,5,5,Positive,Positive
4934,Negative,Negative,5,5,Positive,Positive
4935,Positive,Positive,4,4,Positive,Positive
4936,Positive,Positive,5,5,Positive,Positive
4937,Positive,Positive,5,5,Positive,Positive
4938,Positive,Positive,5,2,Positive,Negative
4939,Positive,Positive,5,5,Positive,Positive
4940,Positive,Positive,4,4,Positive,Positive
4941,Negative,Negative,2,2,Negative,Negative
4942,Positive,Positive,4,4,Positive,Positive
4943,Positive,Positive,3,3,Neutral,Neutral
4944,Positive,Positive,5,5,Positive,Positive
4945,Positive,Positive,2,2,Negative,Negative
4946,Negative,Negative,1,1,Negative,Negative
4947,Positive,Positive,4,4,Positive,Positive
4948,Positive,Positive,3,3,Neutral,Neutral
4949,Negative,Negative,1,1,Negative,Negative
4950,Positive,Positive,4,4,Positive,Positive
4951,Positive,Positive,5,5,Positive,Positive
4952,Positive,Positive,4,4,Positive,Positive
4953,Positive,Positive,4,4,Positive,Positive
4954,Negative,Negative,2,2,Negative,Negative
4955,Positive,Positive,5,5,Positive,Positive
4956,Positive,Positive,5,5,Positive,Positive
4957,Positive,Positive,5,5,Positive,Positive
4958,Positive,Positive,4,4,Positive,Positive
4959,Positive,Positive,5,5,Positive,Positive
4960,Positive,Positive,4,4,Positive,Positive
4961,Neutral,Neutral,5,5,Positive,Positive
4962,Negative,Negative,2,1,Negative,Negative
4963,Positive,Positive,4,4,Positive,Positive
4964,Positive,Negative,2,2,Negative,Negative
4965,Positive,Positive,4,4,Positive,Positive
4966,Positive,Positive,5,5,Positive,Positive
4967,Positive,Positive,5,5,Positive,Positive
4968,Positive,Positive,5,5,Positive,Positive
4969,Positive,Positive,5,5,Positive,Positive
4970,Positive,Positive,4,4,Positive,Positive
4971,Positive,Positive,4,4,Positive,Positive
4972,Positive,Positive,5,5,Positive,Positive
4973,Positive,Positive,5,5,Positive,Positive
4974,Positive,Positive,4,4,Positive,Positive
4975,Positive,Positive,4,4,Positive,Positive
4976,Positive,Positive,5,5,Positive,Positive
4977,Positive,Positive,4,4,Positive,Positive
4978,Positive,Positive,4,3,Positive,Neutral
4979,Positive,Positive,4,4,Positive,Positive
4980,Negative,Negative,5,4,Positive,Positive
4981,Positive,Positive,5,5,Positive,Positive
4982,Positive,Positive,3,3,Neutral,Neutral
4983,Positive,Positive,4,4,Positive,Positive
4984,Positive,Positive,5,5,Positive,Positive
4985,Negative,Negative,2,3,Negative,Neutral
4986,Positive,Positive,4,4,Positive,Positive
4987,Positive,Positive,5,5,Positive,Positive
4988,Positive,Positive,4,4,Positive,Positive
4989,Positive,Positive,5,5,Positive,Positive
4990,Positive,Positive,5,5,Positive,Positive
4991,Positive,Positive,5,5,Positive,Positive
4992,Positive,Positive,5,5,Positive,Positive
4993,Positive,Positive,4,4,Positive,Positive
4994,Positive,Positive,5,5,Positive,Positive
4995,Positive,Positive,4,4,Positive,Positive
4996,Positive,Positive,4,4,Positive,Positive
4997,Positive,Positive,4,4,Positive,Positive
4998,Negative,Negative,3,3,Neutral,Neutral
4999,Positive,Positive,2,2,Negative,Negative
5000,Positive,Positive,4,4,Positive,Positive
5001,Neutral,Neutral,5,5,Positive,Positive
5002,Positive,Positive,4,4,Positive,Positive
5003,Positive,Positive,4,4,Positive,Positive
5004,Neutral,Neutral,5,5,Positive,Positive
5005,Positive,Positive,5,5,Positive,Positive
5006,Positive,Positive,4,4,Positive,Positive
5007,Negative,Negative,5,5,Positive,Positive
5008,Positive,Positive,5,5,Positive,Positive
5009,Positive,Positive,5,5,Positive,Positive
5010,Positive,Positive,5,5,Positive,Positive
5011,Positive,Positive,5,5,Positive,Positive
5012,Positive,Positive,5,5,Positive,Positive
5013,Positive,Positive,5,5,Positive,Positive
5014,Negative,Negative,2,2,Negative,Negative
5015,Neutral,Neutral,4,4,Positive,Positive
5016,Positive,Positive,4,4,Positive,Positive
5017,Positive,Positive,5,5,Positive,Positive
5018,Positive,Positive,5,5,Positive,Positive
5019,Positive,Positive,4,4,Positive,Positive
5020,Negative,Positive,4,4,Positive,Positive
5021,Positive,Positive,4,4,Positive,Positive
5022,Negative,Negative,3,3,Neutral,Neutral
5023,Negative,Negative,3,3,Neutral,Neutral
5024,Positive,Positive,5,5,Positive,Positive
5025,Positive,Positive,3,3,Neutral,Neutral
5026,Positive,Positive,5,5,Positive,Positive
5027,Positive,Positive,4,4,Positive,Positive
5028,Positive,Positive,5,5,Positive,Positive
5029,Positive,Positive,4,4,Positive,Positive
5030,Positive,Positive,5,5,Positive,Positive
5031,Positive,Positive,5,5,Positive,Positive
5032,Positive,Positive,3,3,Neutral,Neutral
5033,Positive,Positive,4,4,Positive,Positive
5034,Positive,Positive,5,5,Positive,Positive
5035,Positive,Positive,4,4,Positive,Positive
5036,Positive,Positive,3,3,Neutral,Neutral
5037,Positive,Positive,5,5,Positive,Positive
5038,Positive,Positive,5,4,Positive,Positive
5039,Positive,Positive,2,2,Negative,Negative
5040,Positive,Positive,5,5,Positive,Positive
5041,Positive,Positive,5,5,Positive,Positive
5042,Positive,Positive,5,5,Positive,Positive
5043,Positive,Positive,4,4,Positive,Positive
5044,Positive,Positive,4,4,Positive,Positive
5045,Positive,Positive,4,4,Positive,Positive
5046,Negative,Negative,3,3,Neutral,Neutral
5047,Positive,Positive,5,5,Positive,Positive
5048,Positive,Positive,4,4,Positive,Positive
5049,Positive,Positive,5,5,Positive,Positive
5050,Positive,Positive,3,4,Neutral,Positive
5051,Positive,Positive,4,3,Positive,Neutral
5052,Negative,Negative,4,4,Positive,Positive
5053,Positive,Positive,5,5,Positive,Positive
5054,Positive,Positive,5,5,Positive,Positive
5055,Positive,Positive,5,5,Positive,Positive
5056,Positive,Positive,5,5,Positive,Positive
5057,Positive,Positive,3,3,Neutral,Neutral
5058,Positive,Positive,5,5,Positive,Positive
5059,Positive,Positive,5,5,Positive,Positive
5060,Positive,Positive,5,5,Positive,Positive
5061,Positive,Positive,5,5,Positive,Positive
5062,Negative,Positive,5,1,Positive,Negative
5063,Negative,Negative,1,1,Negative,Negative
5064,Positive,Positive,5,5,Positive,Positive
5065,Positive,Positive,4,4,Positive,Positive
5066,Positive,Positive,5,5,Positive,Positive
5067,Neutral,Neutral,4,4,Positive,Positive
5068,Positive,Positive,5,5,Positive,Positive
5069,Positive,Positive,5,5,Positive,Positive
5070,Negative,Negative,3,3,Neutral,Neutral
5071,Positive,Positive,5,5,Positive,Positive
5072,Positive,Positive,4,4,Positive,Positive
5073,Positive,Positive,5,5,Positive,Positive
5074,Positive,Positive,5,5,Positive,Positive
5075,Positive,Positive,4,4,Positive,Positive
5076,Positive,Positive,5,5,Positive,Positive
5077,Positive,Positive,5,5,Positive,Positive
5078,Positive,Positive,5,5,Positive,Positive
5079,Positive,Positive,5,5,Positive,Positive
5080,Positive,Positive,5,5,Positive,Positive
5081,Positive,Positive,5,5,Positive,Positive
5082,Negative,Negative,1,1,Negative,Negative
5083,Positive,Positive,5,5,Positive,Positive
5084,Neutral,Neutral,1,1,Negative,Negative
5085,Positive,Positive,4,4,Positive,Positive
5086,Positive,Positive,5,5,Positive,Positive
5087,Positive,Positive,4,4,Positive,Positive
5088,Positive,Positive,5,5,Positive,Positive
5089,Positive,Positive,5,5,Positive,Positive
5090,Positive,Positive,5,5,Positive,Positive
5091,Positive,Positive,5,5,Positive,Positive
5092,Positive,Positive,3,3,Neutral,Neutral
5093,Positive,Positive,5,5,Positive,Positive
5094,Positive,Positive,3,3,Neutral,Neutral
5095,Positive,Positive,5,4,Positive,Positive
5096,Negative,Negative,5,5,Positive,Positive
5097,Positive,Positive,4,4,Positive,Positive
5098,Positive,Positive,3,3,Neutral,Neutral
5099,Positive,Positive,5,5,Positive,Positive
5100,Negative,Negative,2,2,Negative,Negative
5101,Negative,Negative,5,5,Positive,Positive
5102,Positive,Positive,5,5,Positive,Positive
5103,Positive,Positive,4,4,Positive,Positive
5104,Positive,Positive,5,5,Positive,Positive
5105,Positive,Positive,5,5,Positive,Positive
5106,Positive,Positive,5,5,Positive,Positive
5107,Positive,Positive,4,4,Positive,Positive
5108,Positive,Positive,5,5,Positive,Positive
5109,Positive,Positive,5,5,Positive,Positive
5110,Negative,Negative,1,1,Negative,Negative
5111,Neutral,Neutral,5,5,Positive,Positive
5112,Neutral,Neutral,3,3,Neutral,Neutral
5113,Positive,Positive,4,4,Positive,Positive
5114,Positive,Positive,5,5,Positive,Positive
5115,Negative,Negative,4,4,Positive,Positive
5116,Positive,Positive,5,5,Positive,Positive
5117,Positive,Positive,5,5,Positive,Positive
5118,Positive,Positive,4,4,Positive,Positive
5119,Positive,Positive,5,5,Positive,Positive
5120,Positive,Positive,4,4,Positive,Positive
5121,Negative,Negative,4,4,Positive,Positive
5122,Positive,Positive,5,5,Positive,Positive
5123,Negative,Negative,5,5,Positive,Positive
5124,Positive,Positive,5,5,Positive,Positive
5125,Positive,Positive,5,5,Positive,Positive
5126,Positive,Positive,5,5,Positive,Positive
5127,Positive,Positive,2,5,Negative,Positive
5128,Positive,Positive,4,4,Positive,Positive
5129,Negative,Positive,1,2,Negative,Negative
5130,Positive,Positive,5,5,Positive,Positive
5131,Neutral,Neutral,5,5,Positive,Positive
5132,Positive,Positive,4,4,Positive,Positive
5133,Negative,Negative,2,2,Negative,Negative
5134,Positive,Positive,5,5,Positive,Positive
5135,Positive,Positive,5,5,Positive,Positive
5136,Negative,Negative,2,2,Negative,Negative
5137,Negative,Negative,4,4,Positive,Positive
5138,Positive,Positive,5,5,Positive,Positive
5139,Positive,Positive,2,3,Negative,Neutral
5140,Negative,Negative,2,2,Negative,Negative
5141,Positive,Positive,3,3,Neutral,Neutral
5142,Positive,Positive,4,4,Positive,Positive
5143,Positive,Positive,5,5,Positive,Positive
5144,Positive,Positive,5,5,Positive,Positive
5145,Positive,Positive,5,5,Positive,Positive
5146,Positive,Positive,5,5,Positive,Positive
5147,Negative,Negative,4,4,Positive,Positive
5148,Positive,Positive,5,5,Positive,Positive
5149,Positive,Positive,4,4,Positive,Positive
5150,Negative,Negative,5,5,Positive,Positive
5151,Negative,Negative,1,5,Negative,Positive
5152,Positive,Positive,4,4,Positive,Positive
5153,Positive,Positive,5,5,Positive,Positive
5154,Positive,Positive,5,5,Positive,Positive
5155,Negative,Negative,4,4,Positive,Positive
5156,Negative,Negative,5,5,Positive,Positive
5157,Positive,Positive,3,4,Neutral,Positive
5158,Positive,Positive,5,5,Positive,Positive
5159,Positive,Positive,5,5,Positive,Positive
5160,Negative,Negative,1,1,Negative,Negative
5161,Positive,Positive,4,4,Positive,Positive
5162,Negative,Negative,5,5,Positive,Positive
5163,Neutral,Neutral,3,3,Neutral,Neutral
5164,Positive,Positive,5,5,Positive,Positive
5165,Negative,Negative,1,1,Negative,Negative
5166,Positive,Positive,5,5,Positive,Positive
5167,Negative,Negative,2,2,Negative,Negative
5168,Negative,Negative,2,2,Negative,Negative
5169,Negative,Negative,2,2,Negative,Negative
5170,Positive,Negative,4,2,Positive,Negative
5171,Positive,Positive,5,5,Positive,Positive
5172,Negative,Negative,5,5,Positive,Positive
5173,Positive,Positive,4,4,Positive,Positive
5174,Positive,Positive,5,5,Positive,Positive
5175,Positive,Positive,5,5,Positive,Positive
5176,Positive,Positive,4,4,Positive,Positive
5177,Positive,Positive,3,3,Neutral,Neutral
5178,Positive,Positive,5,5,Positive,Positive
5179,Positive,Positive,3,3,Neutral,Neutral
5180,Positive,Positive,1,1,Negative,Negative
5181,Negative,Negative,5,5,Positive,Positive
5182,Positive,Negative,2,2,Negative,Negative
5183,Positive,Positive,5,5,Positive,Positive
5184,Negative,Negative,5,5,Positive,Positive
5185,Positive,Positive,4,4,Positive,Positive
5186,Negative,Negative,5,5,Positive,Positive
5187,Positive,Positive,4,4,Positive,Positive
5188,Positive,Positive,4,4,Positive,Positive
5189,Negative,Negative,4,4,Positive,Positive
5190,Positive,Positive,5,5,Positive,Positive
5191,Positive,Positive,4,4,Positive,Positive
5192,Positive,Positive,5,5,Positive,Positive
5193,Positive,Positive,5,5,Positive,Positive
5194,Positive,Negative,4,2,Positive,Negative
5195,Positive,Positive,5,5,Positive,Positive
5196,Positive,Positive,2,2,Negative,Negative
5197,Positive,Positive,5,5,Positive,Positive
5198,Positive,Positive,5,5,Positive,Positive
5199,Negative,Negative,4,4,Positive,Positive
5200,Negative,Negative,3,3,Neutral,Neutral
5201,Positive,Positive,5,5,Positive,Positive
5202,Positive,Positive,5,5,Positive,Positive
5203,Positive,Positive,2,2,Negative,Negative
5204,Positive,Positive,5,5,Positive,Positive
5205,Positive,Positive,5,5,Positive,Positive
5206,Negative,Negative,1,1,Negative,Negative
5207,Negative,Negative,2,2,Negative,Negative
5208,Positive,Positive,5,5,Positive,Positive
5209,Positive,Positive,4,4,Positive,Positive
5210,Negative,Negative,4,4,Positive,Positive
5211,Positive,Positive,4,4,Positive,Positive
5212,Positive,Positive,5,5,Positive,Positive
5213,Negative,Negative,1,1,Negative,Negative
5214,Positive,Positive,5,5,Positive,Positive
5215,Positive,Positive,5,5,Positive,Positive
5216,Positive,Positive,5,5,Positive,Positive
5217,Positive,Positive,4,4,Positive,Positive
5218,Positive,Positive,5,5,Positive,Positive
5219,Positive,Positive,4,4,Positive,Positive
5220,Positive,Positive,3,3,Neutral,Neutral
5221,Positive,Positive,4,4,Positive,Positive
5222,Negative,Negative,1,1,Negative,Negative
5223,Positive,Positive,5,5,Positive,Positive
5224,Positive,Positive,5,5,Positive,Positive
5225,Positive,Positive,3,3,Neutral,Neutral
5226,Negative,Negative,5,5,Positive,Positive
5227,Positive,Positive,2,2,Negative,Negative
5228,Negative,Negative,2,2,Negative,Negative
5229,Positive,Positive,2,1,Negative,Negative
5230,Positive,Positive,3,3,Neutral,Neutral
5231,Positive,Positive,3,2,Neutral,Negative
5232,Positive,Positive,5,5,Positive,Positive
5233,Positive,Positive,4,4,Positive,Positive
5234,Neutral,Neutral,5,5,Positive,Positive
5235,Positive,Negative,1,1,Negative,Negative
5236,Positive,Positive,5,5,Positive,Positive
5237,Positive,Positive,3,3,Neutral,Neutral
5238,Negative,Negative,4,4,Positive,Positive
5239,Negative,Positive,2,4,Negative,Positive
5240,Positive,Positive,5,5,Positive,Positive
5241,Positive,Positive,5,5,Positive,Positive
5242,Positive,Positive,1,1,Negative,Negative
5243,Positive,Positive,3,3,Neutral,Neutral
5244,Positive,Positive,5,5,Positive,Positive
5245,Positive,Positive,5,5,Positive,Positive
5246,Positive,Positive,5,5,Positive,Positive
5247,Positive,Positive,5,5,Positive,Positive
5248,Neutral,Neutral,5,5,Positive,Positive
5249,Positive,Positive,5,5,Positive,Positive
5250,Positive,Positive,4,4,Positive,Positive
5251,Positive,Positive,4,4,Positive,Positive
5252,Positive,Positive,5,5,Positive,Positive
5253,Positive,Positive,5,5,Positive,Positive
5254,Positive,Negative,4,4,Positive,Positive
5255,Negative,Negative,2,2,Negative,Negative
5256,Positive,Positive,3,3,Neutral,Neutral
5257,Positive,Positive,4,4,Positive,Positive
5258,Positive,Positive,3,3,Neutral,Neutral
5259,Positive,Positive,5,5,Positive,Positive
5260,Positive,Positive,3,2,Neutral,Negative
5261,Negative,Negative,3,3,Neutral,Neutral
5262,Positive,Positive,2,2,Negative,Negative
5263,Positive,Negative,5,5,Positive,Positive
5264,Positive,Positive,5,5,Positive,Positive
5265,Positive,Positive,4,4,Positive,Positive
5266,Positive,Positive,5,5,Positive,Positive
5267,Negative,Negative,4,4,Positive,Positive
5268,Positive,Positive,3,3,Neutral,Neutral
5269,Negative,Negative,4,4,Positive,Positive
5270,Positive,Positive,5,5,Positive,Positive
5271,Positive,Positive,5,5,Positive,Positive
5272,Negative,Negative,1,1,Negative,Negative
5273,Positive,Positive,5,5,Positive,Positive
5274,Positive,Positive,5,5,Positive,Positive
5275,Positive,Positive,4,4,Positive,Positive
5276,Positive,Positive,5,5,Positive,Positive
5277,Positive,Positive,4,4,Positive,Positive
5278,Positive,Positive,4,4,Positive,Positive
5279,Negative,Negative,4,4,Positive,Positive
5280,Positive,Positive,4,4,Positive,Positive
5281,Positive,Positive,5,5,Positive,Positive
5282,Positive,Positive,2,2,Negative,Negative
5283,Positive,Positive,5,5,Positive,Positive
5284,Positive,Positive,5,5,Positive,Positive
5285,Positive,Positive,5,5,Positive,Positive
5286,Positive,Positive,5,5,Positive,Positive
5287,Positive,Positive,5,5,Positive,Positive
5288,Positive,Positive,5,5,Positive,Positive
5289,Positive,Positive,3,3,Neutral,Neutral
5290,Positive,Positive,5,5,Positive,Positive
5291,Positive,Positive,5,4,Positive,Positive
5292,Positive,Positive,5,5,Positive,Positive
5293,Positive,Positive,4,4,Positive,Positive
5294,Positive,Positive,4,4,Positive,Positive
5295,Positive,Positive,4,4,Positive,Positive
5296,Positive,Positive,5,5,Positive,Positive
5297,Positive,Positive,4,4,Positive,Positive
5298,Positive,Positive,5,5,Positive,Positive
5299,Positive,Positive,5,5,Positive,Positive
5300,Positive,Positive,5,5,Positive,Positive
5301,Positive,Positive,4,4,Positive,Positive
5302,Positive,Positive,4,4,Positive,Positive
5303,Positive,Positive,3,3,Neutral,Neutral
5304,Positive,Positive,5,5,Positive,Positive
5305,Positive,Positive,5,5,Positive,Positive
5306,Positive,Positive,4,4,Positive,Positive
5307,Positive,Positive,5,5,Positive,Positive
5308,Positive,Positive,5,5,Positive,Positive
5309,Positive,Positive,5,5,Positive,Positive
5310,Positive,Positive,1,1,Negative,Negative
5311,Neutral,Neutral,5,5,Positive,Positive
5312,Positive,Positive,5,5,Positive,Positive
5313,Negative,Negative,3,3,Neutral,Neutral
5314,Positive,Positive,5,5,Positive,Positive
5315,Positive,Positive,3,3,Neutral,Neutral
5316,Positive,Positive,4,4,Positive,Positive
5317,Neutral,Neutral,3,3,Neutral,Neutral
5318,Positive,Positive,5,5,Positive,Positive
5319,Positive,Positive,5,5,Positive,Positive
5320,Positive,Positive,4,4,Positive,Positive
5321,Positive,Positive,4,4,Positive,Positive
5322,Negative,Negative,2,2,Negative,Negative
5323,Positive,Positive,5,5,Positive,Positive
5324,Positive,Positive,5,5,Positive,Positive
5325,Negative,Negative,4,4,Positive,Positive
5326,Negative,Negative,4,4,Positive,Positive
5327,Positive,Positive,5,5,Positive,Positive
5328,Neutral,Neutral,2,2,Negative,Negative
5329,Positive,Positive,4,4,Positive,Positive
5330,Positive,Positive,5,5,Positive,Positive
5331,Negative,Negative,3,3,Neutral,Neutral
5332,Negative,Negative,5,5,Positive,Positive
5333,Negative,Negative,2,2,Negative,Negative
5334,Positive,Positive,4,4,Positive,Positive
5335,Positive,Positive,4,4,Positive,Positive
5336,Positive,Positive,5,5,Positive,Positive
5337,Positive,Positive,5,5,Positive,Positive
5338,Negative,Negative,5,5,Positive,Positive
5339,Positive,Positive,5,5,Positive,Positive
5340,Positive,Positive,4,4,Positive,Positive
5341,Positive,Positive,5,5,Positive,Positive
5342,Positive,Positive,4,4,Positive,Positive
5343,Positive,Positive,3,3,Neutral,Neutral
5344,Positive,Positive,4,4,Positive,Positive
5345,Positive,Positive,5,5,Positive,Positive
5346,Neutral,Neutral,5,5,Positive,Positive
5347,Positive,Positive,3,3,Neutral,Neutral
5348,Positive,Positive,4,4,Positive,Positive
5349,Positive,Positive,5,5,Positive,Positive
5350,Negative,Positive,2,2,Negative,Negative
5351,Positive,Positive,4,4,Positive,Positive
5352,Positive,Positive,3,3,Neutral,Neutral
5353,Positive,Positive,2,2,Negative,Negative
5354,Negative,Negative,4,4,Positive,Positive
5355,Positive,Positive,4,4,Positive,Positive
5356,Positive,Positive,2,2,Negative,Negative
5357,Negative,Negative,4,3,Positive,Neutral
5358,Positive,Positive,5,4,Positive,Positive
5359,Positive,Positive,5,5,Positive,Positive
5360,Positive,Positive,5,5,Positive,Positive
5361,Negative,Negative,4,4,Positive,Positive
5362,Neutral,Neutral,5,5,Positive,Positive
5363,Neutral,Neutral,5,5,Positive,Positive
5364,Positive,Negative,3,3,Neutral,Neutral
5365,Positive,Positive,5,5,Positive,Positive
5366,Positive,Positive,4,4,Positive,Positive
5367,Negative,Negative,5,5,Positive,Positive
5368,Neutral,Neutral,2,2,Negative,Negative
5369,Positive,Positive,3,3,Neutral,Neutral
5370,Positive,Positive,2,2,Negative,Negative
5371,Positive,Positive,1,1,Negative,Negative
5372,Positive,Positive,4,4,Positive,Positive
5373,Positive,Positive,5,5,Positive,Positive
5374,Positive,Positive,4,5,Positive,Positive
5375,Negative,Positive,3,4,Neutral,Positive
5376,Positive,Positive,5,5,Positive,Positive
5377,Positive,Positive,5,5,Positive,Positive
5378,Positive,Positive,5,5,Positive,Positive
5379,Positive,Positive,3,3,Neutral,Neutral
5380,Positive,Positive,3,3,Neutral,Neutral
5381,Positive,Positive,5,5,Positive,Positive
5382,Negative,Negative,1,1,Negative,Negative
5383,Positive,Positive,5,5,Positive,Positive
5384,Negative,Negative,1,1,Negative,Negative
5385,Positive,Positive,3,3,Neutral,Neutral
5386,Positive,Positive,4,4,Positive,Positive
5387,Positive,Positive,4,4,Positive,Positive
5388,Positive,Positive,5,5,Positive,Positive
5389,Positive,Positive,5,5,Positive,Positive
5390,Positive,Positive,4,4,Positive,Positive
5391,Positive,Positive,5,5,Positive,Positive
5392,Positive,Positive,4,4,Positive,Positive
5393,Positive,Positive,5,5,Positive,Positive
5394,Negative,Negative,5,5,Positive,Positive
5395,Positive,Positive,2,2,Negative,Negative
5396,Positive,Positive,5,5,Positive,Positive
5397,Positive,Positive,4,2,Positive,Negative
5398,Positive,Positive,2,2,Negative,Negative
5399,Positive,Positive,5,5,Positive,Positive
5400,Positive,Positive,5,5,Positive,Positive
5401,Positive,Positive,5,5,Positive,Positive
5402,Positive,Positive,4,4,Positive,Positive
5403,Positive,Positive,4,4,Positive,Positive
5404,Positive,Positive,1,1,Negative,Negative
5405,Positive,Positive,4,4,Positive,Positive
5406,Positive,Positive,4,4,Positive,Positive
5407,Positive,Positive,5,5,Positive,Positive
5408,Positive,Positive,4,4,Positive,Positive
5409,Positive,Positive,4,4,Positive,Positive
5410,Positive,Positive,5,5,Positive,Positive
5411,Negative,Negative,3,3,Neutral,Neutral
5412,Positive,Positive,5,5,Positive,Positive
5413,Positive,Positive,5,5,Positive,Positive
5414,Positive,Positive,4,3,Positive,Neutral
5415,Positive,Positive,5,5,Positive,Positive
5416,Positive,Positive,4,4,Positive,Positive
5417,Positive,Positive,5,5,Positive,Positive
5418,Negative,Negative,2,2,Negative,Negative
5419,Positive,Positive,2,4,Negative,Positive
5420,Positive,Positive,5,5,Positive,Positive
5421,Positive,Positive,5,5,Positive,Positive
5422,Positive,Positive,5,5,Positive,Positive
5423,Positive,Positive,4,4,Positive,Positive
5424,Negative,Negative,2,2,Negative,Negative
5425,Positive,Positive,5,5,Positive,Positive
5426,Positive,Positive,4,4,Positive,Positive
5427,Positive,Positive,5,5,Positive,Positive
5428,Positive,Positive,5,5,Positive,Positive
5429,Positive,Positive,5,5,Positive,Positive
5430,Positive,Positive,4,4,Positive,Positive
5431,Positive,Positive,4,4,Positive,Positive
5432,Positive,Positive,2,2,Negative,Negative
5433,Positive,Positive,5,5,Positive,Positive
5434,Positive,Positive,5,5,Positive,Positive
5435,Positive,Positive,5,5,Positive,Positive
5436,Positive,Positive,4,4,Positive,Positive
5437,Positive,Positive,4,5,Positive,Positive
5438,Negative,Negative,2,2,Negative,Negative
5439,Negative,Negative,2,2,Negative,Negative
5440,Positive,Positive,5,5,Positive,Positive
5441,Positive,Positive,5,5,Positive,Positive
5442,Positive,Positive,5,5,Positive,Positive
5443,Positive,Negative,4,4,Positive,Positive
5444,Positive,Positive,5,5,Positive,Positive
5445,Positive,Positive,5,5,Positive,Positive
5446,Positive,Positive,5,5,Positive,Positive
5447,Positive,Positive,2,4,Negative,Positive
5448,Negative,Negative,1,1,Negative,Negative
5449,Positive,Positive,2,2,Negative,Negative
5450,Positive,Positive,2,2,Negative,Negative
5451,Negative,Negative,5,5,Positive,Positive
5452,Positive,Positive,5,5,Positive,Positive
5453,Positive,Positive,5,5,Positive,Positive
5454,Positive,Positive,4,5,Positive,Positive
5455,Negative,Negative,4,4,Positive,Positive
5456,Positive,Positive,4,4,Positive,Positive
5457,Positive,Positive,4,4,Positive,Positive
5458,Positive,Positive,5,2,Positive,Negative
5459,Positive,Positive,5,5,Positive,Positive
5460,Positive,Positive,5,5,Positive,Positive
5461,Positive,Positive,3,3,Neutral,Neutral
5462,Positive,Positive,4,4,Positive,Positive
5463,Positive,Negative,1,1,Negative,Negative
5464,Positive,Positive,3,3,Neutral,Neutral
5465,Positive,Positive,5,5,Positive,Positive
5466,Positive,Positive,5,5,Positive,Positive
5467,Positive,Positive,5,5,Positive,Positive
5468,Positive,Positive,5,5,Positive,Positive
5469,Positive,Positive,5,5,Positive,Positive
5470,Negative,Positive,5,5,Positive,Positive
5471,Positive,Positive,5,5,Positive,Positive
5472,Positive,Positive,5,5,Positive,Positive
5473,Positive,Positive,2,5,Negative,Positive
5474,Positive,Positive,4,4,Positive,Positive
5475,Positive,Positive,5,5,Positive,Positive
5476,Positive,Positive,4,4,Positive,Positive
5477,Positive,Positive,5,5,Positive,Positive
5478,Positive,Positive,5,5,Positive,Positive
5479,Positive,Positive,2,2,Negative,Negative
5480,Positive,Positive,3,4,Neutral,Positive
5481,Positive,Positive,5,5,Positive,Positive
5482,Positive,Positive,1,1,Negative,Negative
5483,Positive,Positive,5,5,Positive,Positive
5484,Positive,Positive,2,3,Negative,Neutral
5485,Positive,Positive,5,5,Positive,Positive
5486,Positive,Negative,2,2,Negative,Negative
5487,Positive,Positive,5,4,Positive,Positive
5488,Negative,Negative,1,1,Negative,Negative
5489,Positive,Positive,5,5,Positive,Positive
5490,Positive,Positive,5,5,Positive,Positive
5491,Positive,Neutral,3,3,Neutral,Neutral
5492,Positive,Positive,5,5,Positive,Positive
5493,Positive,Positive,4,4,Positive,Positive
5494,Positive,Positive,5,5,Positive,Positive
5495,Positive,Positive,3,4,Neutral,Positive
5496,Positive,Positive,2,2,Negative,Negative
5497,Negative,Negative,1,1,Negative,Negative
5498,Positive,Positive,4,4,Positive,Positive
5499,Positive,Positive,4,4,Positive,Positive
5500,Positive,Positive,2,2,Negative,Negative
5501,Negative,Negative,3,3,Neutral,Neutral
5502,Positive,Positive,5,5,Positive,Positive
5503,Positive,Positive,5,5,Positive,Positive
5504,Positive,Positive,4,4,Positive,Positive
5505,Negative,Negative,5,5,Positive,Positive
5506,Positive,Positive,5,5,Positive,Positive
5507,Neutral,Neutral,5,5,Positive,Positive
5508,Positive,Positive,5,5,Positive,Positive
5509,Negative,Negative,5,5,Positive,Positive
5510,Positive,Positive,5,5,Positive,Positive
5511,Positive,Positive,4,4,Positive,Positive
5512,Neutral,Neutral,3,3,Neutral,Neutral
5513,Positive,Positive,5,5,Positive,Positive
5514,Positive,Positive,3,3,Neutral,Neutral
5515,Negative,Negative,2,2,Negative,Negative
5516,Positive,Positive,5,5,Positive,Positive
5517,Positive,Positive,4,4,Positive,Positive
5518,Positive,Positive,5,5,Positive,Positive
5519,Positive,Positive,4,4,Positive,Positive
5520,Positive,Positive,5,5,Positive,Positive
5521,Positive,Positive,2,2,Negative,Negative
5522,Positive,Positive,3,3,Neutral,Neutral
5523,Positive,Positive,1,1,Negative,Negative
5524,Negative,Negative,4,4,Positive,Positive
5525,Positive,Positive,2,2,Negative,Negative
5526,Positive,Positive,5,5,Positive,Positive
5527,Positive,Positive,5,4,Positive,Positive
5528,Positive,Positive,5,5,Positive,Positive
5529,Positive,Positive,3,3,Neutral,Neutral
5530,Negative,Negative,3,3,Neutral,Neutral
5531,Positive,Positive,5,5,Positive,Positive
5532,Positive,Positive,5,5,Positive,Positive
5533,Positive,Positive,5,5,Positive,Positive
5534,Positive,Positive,4,4,Positive,Positive
5535,Positive,Positive,5,5,Positive,Positive
5536,Positive,Positive,5,5,Positive,Positive
5537,Negative,Negative,2,2,Negative,Negative
5538,Positive,Positive,5,5,Positive,Positive
5539,Positive,Positive,3,3,Neutral,Neutral
5540,Positive,Positive,5,5,Positive,Positive
5541,Neutral,Neutral,5,5,Positive,Positive
5542,Negative,Negative,4,4,Positive,Positive
5543,Negative,Negative,2,2,Negative,Negative
5544,Positive,Positive,5,5,Positive,Positive
5545,Positive,Positive,5,5,Positive,Positive
5546,Positive,Positive,5,5,Positive,Positive
5547,Positive,Positive,5,5,Positive,Positive
5548,Positive,Positive,5,5,Positive,Positive
5549,Positive,Positive,5,4,Positive,Positive
5550,Neutral,Neutral,5,5,Positive,Positive
5551,Negative,Negative,4,4,Positive,Positive
5552,Positive,Positive,4,4,Positive,Positive
5553,Positive,Positive,4,4,Positive,Positive
5554,Negative,Positive,4,5,Positive,Positive
5555,Positive,Positive,4,4,Positive,Positive
5556,Neutral,Neutral,1,1,Negative,Negative
5557,Positive,Positive,5,5,Positive,Positive
5558,Positive,Positive,5,5,Positive,Positive
5559,Positive,Positive,5,5,Positive,Positive
5560,Positive,Positive,5,5,Positive,Positive
5561,Positive,Positive,4,4,Positive,Positive
5562,Positive,Positive,5,5,Positive,Positive
5563,Positive,Positive,3,3,Neutral,Neutral
5564,Positive,Positive,4,4,Positive,Positive
5565,Positive,Positive,5,5,Positive,Positive
5566,Neutral,Neutral,5,5,Positive,Positive
5567,Positive,Positive,3,3,Neutral,Neutral
5568,Positive,Positive,5,5,Positive,Positive
5569,Positive,Positive,5,5,Positive,Positive
5570,Positive,Positive,1,1,Negative,Negative
5571,Positive,Positive,4,4,Positive,Positive
5572,Neutral,Neutral,5,5,Positive,Positive
5573,Positive,Positive,4,5,Positive,Positive
5574,Positive,Positive,4,4,Positive,Positive
5575,Positive,Positive,4,4,Positive,Positive
5576,Positive,Positive,5,5,Positive,Positive
5577,Positive,Positive,3,3,Neutral,Neutral
5578,Positive,Positive,5,5,Positive,Positive
5579,Positive,Positive,4,4,Positive,Positive
5580,Negative,Negative,1,1,Negative,Negative
5581,Negative,Negative,4,4,Positive,Positive
5582,Positive,Positive,4,4,Positive,Positive
5583,Positive,Positive,2,2,Negative,Negative
5584,Positive,Positive,5,5,Positive,Positive
5585,Positive,Positive,5,5,Positive,Positive
5586,Positive,Positive,3,3,Neutral,Neutral
5587,Negative,Negative,1,1,Negative,Negative
5588,Negative,Negative,3,3,Neutral,Neutral
5589,Positive,Positive,5,4,Positive,Positive
5590,Positive,Positive,5,5,Positive,Positive
5591,Positive,Positive,5,5,Positive,Positive
5592,Positive,Positive,5,5,Positive,Positive
5593,Negative,Negative,3,3,Neutral,Neutral
5594,Positive,Positive,5,5,Positive,Positive
5595,Positive,Positive,5,5,Positive,Positive
5596,Positive,Positive,5,5,Positive,Positive
5597,Positive,Positive,5,5,Positive,Positive
5598,Neutral,Neutral,5,5,Positive,Positive
5599,Positive,Neutral,3,2,Neutral,Negative
5600,Neutral,Neutral,3,3,Neutral,Neutral
5601,Positive,Positive,4,4,Positive,Positive
5602,Neutral,Neutral,3,3,Neutral,Neutral
5603,Positive,Positive,5,5,Positive,Positive
5604,Positive,Positive,4,4,Positive,Positive
5605,Positive,Positive,4,4,Positive,Positive
5606,Positive,Positive,4,4,Positive,Positive
5607,Positive,Positive,5,5,Positive,Positive
5608,Positive,Positive,5,5,Positive,Positive
5609,Positive,Positive,4,4,Positive,Positive
5610,Positive,Positive,3,3,Neutral,Neutral
5611,Positive,Positive,5,5,Positive,Positive
5612,Positive,Positive,5,5,Positive,Positive
5613,Positive,Negative,2,2,Negative,Negative
5614,Positive,Positive,4,4,Positive,Positive
5615,Positive,Positive,4,4,Positive,Positive
5616,Positive,Positive,5,5,Positive,Positive
5617,Negative,Negative,2,2,Negative,Negative
5618,Positive,Positive,5,5,Positive,Positive
5619,Positive,Positive,4,4,Positive,Positive
5620,Positive,Positive,5,5,Positive,Positive
5621,Positive,Positive,4,4,Positive,Positive
5622,Positive,Positive,3,3,Neutral,Neutral
5623,Positive,Positive,5,5,Positive,Positive
5624,Positive,Positive,1,2,Negative,Negative
5625,Negative,Negative,4,4,Positive,Positive
5626,Positive,Positive,4,4,Positive,Positive
5627,Positive,Positive,4,4,Positive,Positive
5628,Positive,Positive,5,5,Positive,Positive
5629,Positive,Positive,4,4,Positive,Positive
5630,Positive,Positive,5,5,Positive,Positive
5631,Positive,Positive,5,5,Positive,Positive
5632,Positive,Positive,4,4,Positive,Positive
5633,Positive,Positive,4,4,Positive,Positive
5634,Positive,Positive,3,3,Neutral,Neutral
5635,Negative,Negative,1,1,Negative,Negative
5636,Positive,Positive,5,5,Positive,Positive
5637,Positive,Positive,3,3,Neutral,Neutral
5638,Positive,Positive,4,4,Positive,Positive
5639,Positive,Positive,4,4,Positive,Positive
5640,Positive,Positive,4,4,Positive,Positive
5641,Positive,Positive,3,3,Neutral,Neutral
5642,Positive,Positive,4,4,Positive,Positive
5643,Positive,Positive,1,1,Negative,Negative
5644,Negative,Negative,2,2,Negative,Negative
5645,Positive,Positive,4,4,Positive,Positive
5646,Positive,Negative,2,1,Negative,Negative
5647,Positive,Positive,5,5,Positive,Positive
5648,Positive,Positive,2,2,Negative,Negative
5649,Positive,Positive,3,3,Neutral,Neutral
5650,Negative,Negative,3,3,Neutral,Neutral
5651,Positive,Positive,3,3,Neutral,Neutral
5652,Negative,Negative,1,1,Negative,Negative
5653,Positive,Positive,4,4,Positive,Positive
5654,Positive,Positive,4,4,Positive,Positive
5655,Positive,Positive,5,5,Positive,Positive
5656,Negative,Negative,1,1,Negative,Negative
5657,Positive,Positive,5,5,Positive,Positive
5658,Positive,Positive,4,4,Positive,Positive
5659,Positive,Positive,4,4,Positive,Positive
5660,Positive,Positive,2,3,Negative,Neutral
5661,Positive,Positive,5,5,Positive,Positive
5662,Positive,Positive,4,4,Positive,Positive
5663,Negative,Negative,1,1,Negative,Negative
5664,Negative,Negative,2,2,Negative,Negative
5665,Positive,Positive,5,5,Positive,Positive
5666,Positive,Positive,5,5,Positive,Positive
5667,Positive,Positive,5,5,Positive,Positive
5668,Positive,Positive,4,5,Positive,Positive
5669,Positive,Positive,3,3,Neutral,Neutral
5670,Positive,Positive,5,5,Positive,Positive
5671,Positive,Positive,4,4,Positive,Positive
5672,Positive,Positive,4,4,Positive,Positive
5673,Negative,Negative,2,2,Negative,Negative
5674,Positive,Positive,5,5,Positive,Positive
5675,Positive,Positive,5,5,Positive,Positive
5676,Positive,Positive,1,1,Negative,Negative
5677,Positive,Positive,4,4,Positive,Positive
5678,Positive,Positive,5,5,Positive,Positive
5679,Positive,Positive,4,4,Positive,Positive
5680,Neutral,Neutral,2,2,Negative,Negative
5681,Positive,Positive,4,4,Positive,Positive
5682,Positive,Positive,5,5,Positive,Positive
5683,Negative,Negative,5,5,Positive,Positive
5684,Positive,Positive,5,5,Positive,Positive
5685,Positive,Positive,4,4,Positive,Positive
5686,Positive,Positive,5,5,Positive,Positive
5687,Positive,Positive,5,5,Positive,Positive
5688,Positive,Positive,4,4,Positive,Positive
5689,Positive,Positive,5,5,Positive,Positive
5690,Positive,Positive,4,4,Positive,Positive
5691,Positive,Positive,4,4,Positive,Positive
5692,Positive,Positive,3,3,Neutral,Neutral
5693,Positive,Positive,5,5,Positive,Positive
5694,Positive,Positive,5,5,Positive,Positive
5695,Positive,Positive,4,4,Positive,Positive
5696,Positive,Positive,4,4,Positive,Positive
5697,Positive,Positive,4,4,Positive,Positive
5698,Positive,Positive,4,4,Positive,Positive
5699,Positive,Positive,4,4,Positive,Positive
5700,Positive,Positive,5,5,Positive,Positive
5701,Positive,Positive,4,4,Positive,Positive
5702,Positive,Positive,4,4,Positive,Positive
5703,Positive,Positive,5,5,Positive,Positive
5704,Positive,Positive,4,4,Positive,Positive
5705,Positive,Positive,5,5,Positive,Positive
5706,Negative,Negative,4,4,Positive,Positive
5707,Positive,Negative,3,1,Neutral,Negative
5708,Positive,Positive,1,1,Negative,Negative
5709,Positive,Positive,5,5,Positive,Positive
5710,Positive,Positive,5,5,Positive,Positive
5711,Positive,Positive,5,5,Positive,Positive
5712,Positive,Positive,4,4,Positive,Positive
5713,Negative,Negative,1,1,Negative,Negative
5714,Positive,Positive,3,3,Neutral,Neutral
5715,Positive,Positive,5,5,Positive,Positive
5716,Positive,Negative,1,1,Negative,Negative
5717,Positive,Positive,4,4,Positive,Positive
5718,Negative,Negative,3,3,Neutral,Neutral
5719,Positive,Positive,5,5,Positive,Positive
5720,Negative,Positive,2,2,Negative,Negative
5721,Positive,Positive,4,4,Positive,Positive
5722,Positive,Positive,5,5,Positive,Positive
5723,Positive,Positive,5,5,Positive,Positive
5724,Positive,Positive,5,5,Positive,Positive
5725,Positive,Positive,4,4,Positive,Positive
5726,Positive,Positive,4,4,Positive,Positive
5727,Positive,Positive,5,5,Positive,Positive
5728,Positive,Positive,3,3,Neutral,Neutral
5729,Positive,Positive,5,5,Positive,Positive
5730,Neutral,Neutral,5,5,Positive,Positive
5731,Negative,Negative,5,5,Positive,Positive
5732,Positive,Positive,5,5,Positive,Positive
5733,Positive,Positive,5,5,Positive,Positive
5734,Positive,Positive,5,5,Positive,Positive
5735,Positive,Positive,3,3,Neutral,Neutral
5736,Positive,Positive,5,5,Positive,Positive
5737,Positive,Positive,2,2,Negative,Negative
5738,Neutral,Neutral,1,1,Negative,Negative
5739,Positive,Positive,4,4,Positive,Positive
5740,Neutral,Neutral,2,2,Negative,Negative
5741,Positive,Positive,4,4,Positive,Positive
5742,Positive,Positive,4,4,Positive,Positive
5743,Positive,Positive,3,3,Neutral,Neutral
5744,Positive,Positive,5,5,Positive,Positive
5745,Positive,Positive,4,4,Positive,Positive
5746,Positive,Positive,5,5,Positive,Positive
5747,Positive,Positive,4,4,Positive,Positive
5748,Positive,Positive,5,5,Positive,Positive
5749,Positive,Positive,5,5,Positive,Positive
5750,Positive,Positive,4,4,Positive,Positive
5751,Positive,Positive,4,4,Positive,Positive
5752,Negative,Negative,3,3,Neutral,Neutral
5753,Positive,Positive,4,4,Positive,Positive
5754,Positive,Positive,4,4,Positive,Positive
5755,Negative,Negative,5,5,Positive,Positive
5756,Neutral,Neutral,5,5,Positive,Positive
5757,Positive,Positive,4,4,Positive,Positive
5758,Positive,Positive,5,5,Positive,Positive
5759,Positive,Positive,4,4,Positive,Positive
5760,Positive,Positive,3,3,Neutral,Neutral
5761,Positive,Positive,4,4,Positive,Positive
5762,Positive,Positive,5,5,Positive,Positive
5763,Positive,Positive,5,5,Positive,Positive
5764,Positive,Positive,5,5,Positive,Positive
5765,Positive,Positive,5,5,Positive,Positive
5766,Positive,Positive,5,5,Positive,Positive
5767,Positive,Positive,5,5,Positive,Positive
5768,Positive,Positive,4,4,Positive,Positive
5769,Positive,Positive,2,2,Negative,Negative
5770,Positive,Positive,5,5,Positive,Positive
5771,Positive,Positive,4,4,Positive,Positive
5772,Positive,Positive,5,5,Positive,Positive
5773,Positive,Negative,4,4,Positive,Positive
5774,Positive,Positive,4,4,Positive,Positive
5775,Positive,Positive,3,3,Neutral,Neutral
5776,Neutral,Neutral,5,5,Positive,Positive
5777,Positive,Positive,3,3,Neutral,Neutral
5778,Positive,Positive,5,5,Positive,Positive
5779,Positive,Positive,4,4,Positive,Positive
5780,Positive,Positive,2,2,Negative,Negative
5781,Positive,Positive,5,5,Positive,Positive
5782,Positive,Positive,4,4,Positive,Positive
5783,Positive,Positive,5,5,Positive,Positive
5784,Positive,Positive,4,4,Positive,Positive
5785,Positive,Positive,5,5,Positive,Positive
5786,Positive,Positive,5,5,Positive,Positive
5787,Neutral,Neutral,3,3,Neutral,Neutral
5788,Negative,Negative,3,3,Neutral,Neutral
5789,Positive,Positive,4,4,Positive,Positive
5790,Negative,Negative,1,1,Negative,Negative
5791,Negative,Negative,2,2,Negative,Negative
5792,Positive,Positive,5,5,Positive,Positive
5793,Positive,Positive,4,4,Positive,Positive
5794,Positive,Positive,5,5,Positive,Positive
5795,Negative,Negative,5,5,Positive,Positive
5796,Positive,Positive,3,3,Neutral,Neutral
5797,Positive,Positive,5,5,Positive,Positive
5798,Positive,Positive,5,5,Positive,Positive
5799,Positive,Positive,4,3,Positive,Neutral
5800,Negative,Negative,1,1,Negative,Negative
5801,Positive,Positive,5,5,Positive,Positive
5802,Positive,Positive,5,5,Positive,Positive
5803,Positive,Positive,5,5,Positive,Positive
5804,Positive,Positive,5,5,Positive,Positive
5805,Positive,Positive,4,4,Positive,Positive
5806,Positive,Positive,5,5,Positive,Positive
5807,Positive,Positive,2,2,Negative,Negative
5808,Negative,Negative,4,4,Positive,Positive
5809,Positive,Positive,5,5,Positive,Positive
5810,Negative,Negative,3,3,Neutral,Neutral
5811,Positive,Positive,5,5,Positive,Positive
5812,Positive,Positive,5,5,Positive,Positive
5813,Positive,Positive,5,5,Positive,Positive
5814,Positive,Positive,4,4,Positive,Positive
5815,Negative,Negative,4,4,Positive,Positive
5816,Positive,Positive,5,5,Positive,Positive
5817,Negative,Negative,3,3,Neutral,Neutral
5818,Positive,Positive,5,5,Positive,Positive
5819,Positive,Positive,4,4,Positive,Positive
5820,Positive,Positive,4,4,Positive,Positive
5821,Neutral,Neutral,5,5,Positive,Positive
5822,Negative,Negative,2,2,Negative,Negative
5823,Positive,Positive,5,5,Positive,Positive
5824,Positive,Positive,5,4,Positive,Positive
5825,Positive,Positive,5,5,Positive,Positive
5826,Positive,Positive,4,4,Positive,Positive
5827,Positive,Positive,3,3,Neutral,Neutral
5828,Positive,Positive,1,1,Negative,Negative
5829,Negative,Negative,1,1,Negative,Negative
5830,Positive,Positive,2,2,Negative,Negative
5831,Positive,Positive,4,4,Positive,Positive
5832,Positive,Positive,4,4,Positive,Positive
5833,Positive,Positive,4,4,Positive,Positive
5834,Positive,Positive,4,4,Positive,Positive
5835,Positive,Positive,5,5,Positive,Positive
5836,Positive,Positive,5,5,Positive,Positive
5837,Positive,Negative,2,2,Negative,Negative
5838,Positive,Positive,5,5,Positive,Positive
5839,Positive,Positive,5,5,Positive,Positive
5840,Positive,Positive,5,5,Positive,Positive
5841,Positive,Positive,4,4,Positive,Positive
5842,Neutral,Neutral,5,5,Positive,Positive
5843,Positive,Positive,4,4,Positive,Positive
5844,Positive,Positive,4,4,Positive,Positive
5845,Negative,Negative,3,3,Neutral,Neutral
5846,Positive,Positive,4,4,Positive,Positive
5847,Positive,Positive,4,4,Positive,Positive
5848,Positive,Positive,4,4,Positive,Positive
5849,Negative,Negative,3,3,Neutral,Neutral
5850,Positive,Positive,5,5,Positive,Positive
5851,Positive,Positive,4,4,Positive,Positive
5852,Positive,Positive,5,5,Positive,Positive
5853,Positive,Positive,4,4,Positive,Positive
5854,Negative,Negative,3,4,Neutral,Positive
5855,Positive,Positive,4,4,Positive,Positive
5856,Positive,Positive,4,5,Positive,Positive
5857,Positive,Positive,5,5,Positive,Positive
5858,Positive,Positive,5,5,Positive,Positive
5859,Positive,Positive,5,5,Positive,Positive
5860,Positive,Positive,4,4,Positive,Positive
5861,Positive,Positive,4,4,Positive,Positive
5862,Negative,Negative,3,3,Neutral,Neutral
5863,Positive,Positive,5,5,Positive,Positive
5864,Positive,Positive,4,3,Positive,Neutral
5865,Positive,Positive,5,5,Positive,Positive
5866,Positive,Positive,5,5,Positive,Positive
5867,Negative,Negative,4,4,Positive,Positive
5868,Neutral,Neutral,5,5,Positive,Positive
5869,Positive,Positive,5,5,Positive,Positive
5870,Negative,Negative,5,5,Positive,Positive
5871,Positive,Positive,1,1,Negative,Negative
5872,Negative,Negative,5,5,Positive,Positive
5873,Negative,Negative,1,1,Negative,Negative
5874,Positive,Positive,3,3,Neutral,Neutral
5875,Positive,Positive,4,4,Positive,Positive
5876,Positive,Positive,3,3,Neutral,Neutral
5877,Positive,Positive,4,5,Positive,Positive
5878,Positive,Positive,4,4,Positive,Positive
5879,Positive,Positive,5,5,Positive,Positive
5880,Negative,Negative,4,4,Positive,Positive
5881,Negative,Negative,4,4,Positive,Positive
5882,Negative,Negative,3,3,Neutral,Neutral
5883,Positive,Positive,5,5,Positive,Positive
5884,Negative,Negative,3,3,Neutral,Neutral
5885,Positive,Positive,5,5,Positive,Positive
5886,Negative,Negative,1,1,Negative,Negative
5887,Positive,Positive,4,4,Positive,Positive
5888,Positive,Positive,3,3,Neutral,Neutral
5889,Positive,Positive,4,4,Positive,Positive
5890,Positive,Positive,5,5,Positive,Positive
5891,Negative,Positive,2,5,Negative,Positive
5892,Positive,Positive,5,5,Positive,Positive
5893,Positive,Positive,5,5,Positive,Positive
5894,Positive,Positive,5,5,Positive,Positive
5895,Positive,Positive,5,5,Positive,Positive
5896,Positive,Positive,4,4,Positive,Positive
5897,Positive,Positive,4,4,Positive,Positive
5898,Positive,Positive,4,4,Positive,Positive
5899,Positive,Positive,5,5,Positive,Positive
5900,Positive,Positive,5,5,Positive,Positive
5901,Negative,Positive,2,2,Negative,Negative
5902,Positive,Positive,5,5,Positive,Positive
5903,Negative,Negative,1,1,Negative,Negative
5904,Neutral,Neutral,4,4,Positive,Positive
5905,Negative,Negative,4,4,Positive,Positive
5906,Neutral,Neutral,5,5,Positive,Positive
5907,Positive,Positive,5,5,Positive,Positive
5908,Positive,Positive,5,5,Positive,Positive
5909,Negative,Negative,5,5,Positive,Positive
5910,Positive,Positive,5,5,Positive,Positive
5911,Positive,Positive,5,5,Positive,Positive
5912,Positive,Positive,4,4,Positive,Positive
5913,Positive,Positive,5,5,Positive,Positive
5914,Positive,Positive,5,5,Positive,Positive
5915,Positive,Positive,4,4,Positive,Positive
5916,Positive,Positive,5,5,Positive,Positive
5917,Positive,Positive,4,4,Positive,Positive
5918,Positive,Positive,4,4,Positive,Positive
5919,Positive,Positive,5,5,Positive,Positive
5920,Positive,Positive,4,4,Positive,Positive
5921,Positive,Positive,5,5,Positive,Positive
5922,Positive,Positive,3,3,Neutral,Neutral
5923,Neutral,Neutral,5,5,Positive,Positive
5924,Positive,Positive,5,5,Positive,Positive
5925,Positive,Positive,3,3,Neutral,Neutral
5926,Positive,Positive,5,5,Positive,Positive
5927,Positive,Positive,5,5,Positive,Positive
5928,Positive,Positive,4,4,Positive,Positive
5929,Negative,Positive,4,5,Positive,Positive
5930,Positive,Positive,5,5,Positive,Positive
5931,Positive,Positive,4,4,Positive,Positive
5932,Positive,Positive,4,4,Positive,Positive
5933,Positive,Positive,5,5,Positive,Positive
5934,Positive,Positive,3,3,Neutral,Neutral
5935,Positive,Positive,5,5,Positive,Positive
5936,Positive,Positive,5,5,Positive,Positive
5937,Positive,Positive,5,5,Positive,Positive
5938,Negative,Negative,4,4,Positive,Positive
5939,Positive,Positive,3,3,Neutral,Neutral
5940,Neutral,Neutral,1,1,Negative,Negative
5941,Positive,Positive,4,4,Positive,Positive
5942,Positive,Positive,5,5,Positive,Positive
5943,Positive,Positive,5,5,Positive,Positive
5944,Positive,Positive,5,5,Positive,Positive
5945,Positive,Positive,3,3,Neutral,Neutral
5946,Positive,Positive,4,4,Positive,Positive
5947,Positive,Positive,3,3,Neutral,Neutral
5948,Positive,Positive,2,3,Negative,Neutral
5949,Positive,Positive,4,4,Positive,Positive
5950,Positive,Positive,4,4,Positive,Positive
5951,Positive,Positive,5,5,Positive,Positive
5952,Positive,Positive,5,4,Positive,Positive
5953,Positive,Positive,4,4,Positive,Positive
5954,Positive,Positive,1,1,Negative,Negative
5955,Positive,Positive,4,4,Positive,Positive
5956,Positive,Positive,3,4,Neutral,Positive
5957,Positive,Positive,5,5,Positive,Positive
5958,Positive,Positive,5,2,Positive,Negative
5959,Positive,Positive,4,4,Positive,Positive
5960,Negative,Negative,3,3,Neutral,Neutral
5961,Positive,Positive,5,5,Positive,Positive
5962,Positive,Positive,5,5,Positive,Positive
5963,Positive,Positive,3,3,Neutral,Neutral
5964,Positive,Positive,5,5,Positive,Positive
5965,Positive,Positive,4,4,Positive,Positive
5966,Positive,Positive,5,5,Positive,Positive
5967,Positive,Positive,4,4,Positive,Positive
5968,Positive,Positive,5,5,Positive,Positive
5969,Positive,Positive,4,5,Positive,Positive
5970,Positive,Positive,5,5,Positive,Positive
5971,Neutral,Neutral,5,5,Positive,Positive
5972,Positive,Positive,5,5,Positive,Positive
5973,Positive,Positive,1,1,Negative,Negative
5974,Positive,Positive,5,5,Positive,Positive
5975,Positive,Positive,5,5,Positive,Positive
5976,Negative,Negative,5,5,Positive,Positive
5977,Positive,Positive,4,4,Positive,Positive
5978,Positive,Positive,5,5,Positive,Positive
5979,Positive,Positive,5,5,Positive,Positive
5980,Positive,Positive,5,5,Positive,Positive
5981,Positive,Positive,5,5,Positive,Positive
5982,Positive,Positive,4,4,Positive,Positive
5983,Positive,Positive,5,5,Positive,Positive
5984,Positive,Positive,4,4,Positive,Positive
5985,Positive,Positive,4,4,Positive,Positive
5986,Positive,Positive,4,4,Positive,Positive
5987,Positive,Positive,4,4,Positive,Positive
5988,Positive,Positive,5,5,Positive,Positive
5989,Positive,Positive,4,4,Positive,Positive
5990,Positive,Positive,5,5,Positive,Positive
5991,Negative,Negative,2,2,Negative,Negative
5992,Positive,Positive,5,5,Positive,Positive
5993,Positive,Positive,5,5,Positive,Positive
5994,Positive,Positive,5,5,Positive,Positive
5995,Positive,Positive,4,4,Positive,Positive
5996,Positive,Positive,4,4,Positive,Positive
5997,Positive,Positive,5,5,Positive,Positive
5998,Negative,Negative,3,3,Neutral,Neutral
5999,Neutral,Neutral,4,4,Positive,Positive
6000,Positive,Positive,4,4,Positive,Positive
6001,Positive,Positive,5,5,Positive,Positive
6002,Positive,Positive,5,5,Positive,Positive
6003,Positive,Positive,5,5,Positive,Positive
6004,Positive,Positive,5,5,Positive,Positive
6005,Positive,Positive,4,4,Positive,Positive
6006,Positive,Positive,5,5,Positive,Positive
6007,Positive,Positive,4,4,Positive,Positive
6008,Positive,Positive,4,4,Positive,Positive
6009,Positive,Positive,3,3,Neutral,Neutral
6010,Positive,Positive,4,4,Positive,Positive
6011,Positive,Positive,5,4,Positive,Positive
6012,Negative,Negative,2,2,Negative,Negative
6013,Negative,Negative,1,1,Negative,Negative
6014,Positive,Positive,4,4,Positive,Positive
6015,Positive,Positive,3,3,Neutral,Neutral
6016,Positive,Positive,4,4,Positive,Positive
6017,Positive,Positive,4,4,Positive,Positive
6018,Negative,Negative,5,5,Positive,Positive
6019,Positive,Positive,5,5,Positive,Positive
6020,Positive,Positive,3,3,Neutral,Neutral
6021,Neutral,Neutral,4,4,Positive,Positive
6022,Negative,Negative,1,1,Negative,Negative
6023,Positive,Positive,4,4,Positive,Positive
6024,Positive,Positive,3,3,Neutral,Neutral
6025,Positive,Positive,4,4,Positive,Positive
6026,Positive,Positive,4,4,Positive,Positive
6027,Positive,Positive,5,5,Positive,Positive
6028,Positive,Positive,3,3,Neutral,Neutral
6029,Negative,Negative,2,2,Negative,Negative
6030,Positive,Positive,5,5,Positive,Positive
6031,Positive,Positive,4,4,Positive,Positive
6032,Positive,Positive,2,2,Negative,Negative
6033,Negative,Negative,4,4,Positive,Positive
6034,Positive,Positive,4,4,Positive,Positive
6035,Positive,Positive,3,3,Neutral,Neutral
6036,Negative,Negative,5,5,Positive,Positive
6037,Negative,Negative,4,4,Positive,Positive
6038,Positive,Positive,4,4,Positive,Positive
6039,Positive,Positive,5,5,Positive,Positive
6040,Neutral,Neutral,5,5,Positive,Positive
6041,Positive,Positive,4,4,Positive,Positive
6042,Positive,Positive,5,5,Positive,Positive
6043,Positive,Positive,5,5,Positive,Positive
6044,Positive,Positive,4,4,Positive,Positive
6045,Positive,Positive,4,4,Positive,Positive
6046,Positive,Positive,5,5,Positive,Positive
6047,Positive,Positive,4,4,Positive,Positive
6048,Positive,Positive,4,4,Positive,Positive
6049,Positive,Positive,4,4,Positive,Positive
6050,Positive,Positive,5,5,Positive,Positive
6051,Positive,Positive,5,5,Positive,Positive
6052,Positive,Positive,2,2,Negative,Negative
6053,Positive,Positive,5,5,Positive,Positive
6054,Positive,Positive,5,5,Positive,Positive
6055,Positive,Positive,5,5,Positive,Positive
6056,Negative,Negative,3,3,Neutral,Neutral
6057,Negative,Negative,1,1,Negative,Negative
6058,Positive,Positive,5,5,Positive,Positive
6059,Positive,Positive,3,3,Neutral,Neutral
6060,Negative,Negative,2,2,Negative,Negative
6061,Neutral,Neutral,2,2,Negative,Negative
6062,Positive,Positive,4,4,Positive,Positive
6063,Negative,Negative,1,1,Negative,Negative
6064,Positive,Positive,3,3,Neutral,Neutral
6065,Positive,Positive,4,4,Positive,Positive
6066,Positive,Positive,5,2,Positive,Negative
6067,Negative,Negative,3,3,Neutral,Neutral
6068,Positive,Positive,5,5,Positive,Positive
6069,Positive,Positive,4,4,Positive,Positive
6070,Positive,Positive,4,4,Positive,Positive
6071,Positive,Positive,4,4,Positive,Positive
6072,Positive,Positive,5,5,Positive,Positive
6073,Negative,Negative,1,1,Negative,Negative
6074,Negative,Negative,4,4,Positive,Positive
6075,Positive,Neutral,5,5,Positive,Positive
6076,Positive,Positive,5,5,Positive,Positive
6077,Positive,Positive,4,4,Positive,Positive
6078,Positive,Positive,5,5,Positive,Positive
6079,Positive,Positive,5,5,Positive,Positive
6080,Positive,Positive,4,4,Positive,Positive
6081,Positive,Positive,5,5,Positive,Positive
6082,Neutral,Neutral,4,4,Positive,Positive
6083,Positive,Positive,5,5,Positive,Positive
6084,Positive,Positive,5,5,Positive,Positive
6085,Positive,Positive,5,5,Positive,Positive
6086,Positive,Positive,4,4,Positive,Positive
6087,Positive,Positive,3,2,Neutral,Negative
6088,Positive,Positive,4,4,Positive,Positive
6089,Positive,Positive,5,5,Positive,Positive
6090,Positive,Positive,5,4,Positive,Positive
6091,Positive,Positive,4,4,Positive,Positive
6092,Negative,Negative,2,2,Negative,Negative
6093,Positive,Positive,3,3,Neutral,Neutral
6094,Negative,Negative,5,5,Positive,Positive
6095,Positive,Positive,5,5,Positive,Positive
6096,Positive,Positive,4,4,Positive,Positive
6097,Positive,Neutral,5,4,Positive,Positive
6098,Neutral,Neutral,5,5,Positive,Positive
6099,Neutral,Neutral,5,5,Positive,Positive
6100,Positive,Positive,4,4,Positive,Positive
6101,Positive,Positive,5,5,Positive,Positive
6102,Positive,Positive,3,3,Neutral,Neutral
6103,Positive,Positive,4,4,Positive,Positive
6104,Positive,Positive,4,4,Positive,Positive
6105,Positive,Positive,2,3,Negative,Neutral
6106,Neutral,Neutral,4,4,Positive,Positive
6107,Positive,Positive,4,4,Positive,Positive
6108,Positive,Positive,5,5,Positive,Positive
6109,Positive,Positive,5,5,Positive,Positive
6110,Positive,Positive,5,5,Positive,Positive
6111,Positive,Positive,5,5,Positive,Positive
6112,Positive,Positive,5,5,Positive,Positive
6113,Negative,Positive,1,1,Negative,Negative
6114,Positive,Positive,4,4,Positive,Positive
6115,Positive,Positive,5,5,Positive,Positive
6116,Positive,Positive,4,3,Positive,Neutral
6117,Neutral,Neutral,4,4,Positive,Positive
6118,Positive,Positive,4,4,Positive,Positive
6119,Negative,Negative,4,4,Positive,Positive
6120,Positive,Positive,5,5,Positive,Positive
6121,Positive,Positive,3,3,Neutral,Neutral
6122,Positive,Positive,2,2,Negative,Negative
6123,Negative,Negative,2,2,Negative,Negative
6124,Positive,Positive,1,1,Negative,Negative
6125,Positive,Positive,5,5,Positive,Positive
6126,Positive,Positive,5,5,Positive,Positive
6127,Positive,Positive,4,4,Positive,Positive
6128,Positive,Positive,4,4,Positive,Positive
6129,Positive,Positive,5,5,Positive,Positive
6130,Positive,Positive,5,5,Positive,Positive
6131,Positive,Negative,4,3,Positive,Neutral
6132,Positive,Positive,4,4,Positive,Positive
6133,Positive,Positive,5,5,Positive,Positive
6134,Positive,Positive,4,4,Positive,Positive
6135,Positive,Positive,4,4,Positive,Positive
6136,Negative,Negative,5,5,Positive,Positive
6137,Positive,Positive,5,5,Positive,Positive
6138,Positive,Positive,5,5,Positive,Positive
6139,Neutral,Neutral,2,2,Negative,Negative
6140,Positive,Positive,2,2,Negative,Negative
6141,Negative,Negative,4,4,Positive,Positive
6142,Negative,Negative,2,3,Negative,Neutral
6143,Negative,Negative,2,2,Negative,Negative
6144,Positive,Positive,4,4,Positive,Positive
6145,Positive,Positive,4,4,Positive,Positive
6146,Positive,Positive,4,4,Positive,Positive
6147,Positive,Positive,5,5,Positive,Positive
6148,Positive,Positive,5,5,Positive,Positive
6149,Positive,Positive,5,5,Positive,Positive
6150,Positive,Positive,5,5,Positive,Positive
6151,Positive,Positive,4,5,Positive,Positive
6152,Positive,Positive,4,4,Positive,Positive
6153,Positive,Positive,5,5,Positive,Positive
6154,Positive,Positive,4,4,Positive,Positive
6155,Positive,Positive,4,4,Positive,Positive
6156,Positive,Positive,5,5,Positive,Positive
6157,Negative,Negative,4,3,Positive,Neutral
6158,Positive,Positive,5,5,Positive,Positive
6159,Positive,Positive,5,5,Positive,Positive
6160,Positive,Positive,4,4,Positive,Positive
6161,Positive,Negative,2,2,Negative,Negative
6162,Positive,Neutral,5,5,Positive,Positive
6163,Positive,Positive,4,4,Positive,Positive
6164,Negative,Negative,2,5,Negative,Positive
6165,Positive,Negative,4,4,Positive,Positive
6166,Negative,Negative,2,2,Negative,Negative
6167,Negative,Negative,4,4,Positive,Positive
6168,Neutral,Neutral,4,4,Positive,Positive
6169,Positive,Positive,5,5,Positive,Positive
6170,Positive,Positive,5,5,Positive,Positive
6171,Negative,Negative,5,5,Positive,Positive
6172,Positive,Positive,5,5,Positive,Positive
6173,Positive,Positive,5,5,Positive,Positive
6174,Positive,Positive,4,4,Positive,Positive
6175,Neutral,Negative,2,4,Negative,Positive
6176,Negative,Negative,1,1,Negative,Negative
6177,Positive,Positive,5,5,Positive,Positive
6178,Negative,Negative,3,3,Neutral,Neutral
6179,Positive,Positive,5,5,Positive,Positive
6180,Positive,Positive,4,4,Positive,Positive
6181,Positive,Positive,5,5,Positive,Positive
6182,Positive,Positive,5,5,Positive,Positive
6183,Positive,Positive,5,5,Positive,Positive
6184,Negative,Negative,2,3,Negative,Neutral
6185,Positive,Positive,5,2,Positive,Negative
6186,Negative,Negative,2,2,Negative,Negative
6187,Positive,Positive,4,4,Positive,Positive
6188,Negative,Negative,2,2,Negative,Negative
6189,Positive,Positive,5,5,Positive,Positive
6190,Positive,Positive,5,5,Positive,Positive
6191,Positive,Positive,2,2,Negative,Negative
6192,Positive,Positive,5,5,Positive,Positive
6193,Negative,Negative,2,2,Negative,Negative
6194,Positive,Positive,4,4,Positive,Positive
6195,Positive,Positive,4,4,Positive,Positive
6196,Positive,Positive,4,4,Positive,Positive
6197,Positive,Positive,5,5,Positive,Positive
6198,Positive,Positive,5,5,Positive,Positive
6199,Positive,Positive,5,5,Positive,Positive
6200,Positive,Positive,4,4,Positive,Positive
6201,Positive,Positive,5,5,Positive,Positive
6202,Positive,Positive,5,4,Positive,Positive
6203,Negative,Negative,2,2,Negative,Negative
6204,Positive,Negative,3,3,Neutral,Neutral
6205,Positive,Positive,3,3,Neutral,Neutral
6206,Positive,Positive,5,5,Positive,Positive
6207,Positive,Positive,5,5,Positive,Positive
6208,Negative,Positive,2,5,Negative,Positive
6209,Positive,Positive,1,2,Negative,Negative
6210,Positive,Positive,4,4,Positive,Positive
6211,Positive,Positive,4,4,Positive,Positive
6212,Negative,Positive,4,4,Positive,Positive
6213,Positive,Positive,4,4,Positive,Positive
6214,Positive,Positive,4,4,Positive,Positive
6215,Positive,Negative,2,1,Negative,Negative
6216,Positive,Positive,5,5,Positive,Positive
6217,Negative,Negative,2,2,Negative,Negative
6218,Positive,Positive,4,4,Positive,Positive
6219,Positive,Positive,1,1,Negative,Negative
6220,Positive,Positive,5,5,Positive,Positive
6221,Positive,Positive,5,5,Positive,Positive
6222,Negative,Negative,2,2,Negative,Negative
6223,Positive,Positive,5,4,Positive,Positive
6224,Positive,Positive,5,5,Positive,Positive
6225,Positive,Positive,3,3,Neutral,Neutral
6226,Positive,Positive,4,4,Positive,Positive
6227,Negative,Negative,3,3,Neutral,Neutral
6228,Positive,Neutral,2,4,Negative,Positive
6229,Positive,Positive,4,4,Positive,Positive
6230,Positive,Positive,5,5,Positive,Positive
6231,Positive,Positive,5,5,Positive,Positive
6232,Neutral,Neutral,4,4,Positive,Positive
6233,Positive,Positive,2,1,Negative,Negative
6234,Positive,Positive,5,5,Positive,Positive
6235,Positive,Positive,4,4,Positive,Positive
6236,Positive,Positive,5,5,Positive,Positive
6237,Positive,Positive,5,5,Positive,Positive
6238,Positive,Positive,5,5,Positive,Positive
6239,Positive,Positive,4,4,Positive,Positive
6240,Positive,Positive,4,2,Positive,Negative
6241,Positive,Positive,5,5,Positive,Positive
6242,Positive,Positive,4,5,Positive,Positive
6243,Negative,Negative,2,2,Negative,Negative
6244,Positive,Positive,4,4,Positive,Positive
6245,Negative,Negative,1,1,Negative,Negative
6246,Positive,Positive,4,4,Positive,Positive
6247,Positive,Positive,5,5,Positive,Positive
6248,Positive,Positive,3,3,Neutral,Neutral
6249,Positive,Positive,5,5,Positive,Positive
6250,Positive,Positive,5,5,Positive,Positive
6251,Positive,Positive,4,4,Positive,Positive
6252,Positive,Positive,5,5,Positive,Positive
6253,Positive,Positive,5,5,Positive,Positive
6254,Positive,Positive,5,5,Positive,Positive
6255,Positive,Positive,2,2,Negative,Negative
6256,Positive,Positive,2,2,Negative,Negative
6257,Negative,Negative,2,2,Negative,Negative
6258,Positive,Positive,5,5,Positive,Positive
6259,Positive,Positive,4,4,Positive,Positive
6260,Positive,Positive,5,5,Positive,Positive
6261,Positive,Positive,4,4,Positive,Positive
6262,Positive,Positive,4,4,Positive,Positive
6263,Positive,Positive,4,4,Positive,Positive
6264,Positive,Positive,5,4,Positive,Positive
6265,Positive,Positive,4,4,Positive,Positive
6266,Negative,Negative,1,1,Negative,Negative
6267,Positive,Positive,5,5,Positive,Positive
6268,Positive,Positive,5,5,Positive,Positive
6269,Positive,Positive,4,4,Positive,Positive
6270,Positive,Positive,4,3,Positive,Neutral
6271,Positive,Positive,5,5,Positive,Positive
6272,Negative,Negative,5,5,Positive,Positive
6273,Negative,Negative,1,1,Negative,Negative
6274,Positive,Positive,5,5,Positive,Positive
6275,Positive,Positive,2,2,Negative,Negative
6276,Positive,Positive,5,5,Positive,Positive
6277,Positive,Positive,4,4,Positive,Positive
6278,Neutral,Neutral,4,4,Positive,Positive
6279,Positive,Positive,3,3,Neutral,Neutral
6280,Negative,Negative,5,5,Positive,Positive
6281,Negative,Negative,5,5,Positive,Positive
6282,Positive,Positive,4,4,Positive,Positive
6283,Positive,Positive,4,2,Positive,Negative
6284,Negative,Positive,4,3,Positive,Neutral
6285,Positive,Positive,5,5,Positive,Positive
6286,Positive,Positive,3,3,Neutral,Neutral
6287,Positive,Positive,4,4,Positive,Positive
6288,Negative,Negative,2,2,Negative,Negative
6289,Positive,Positive,2,2,Negative,Negative
6290,Positive,Positive,5,5,Positive,Positive
6291,Positive,Positive,4,4,Positive,Positive
6292,Positive,Positive,4,4,Positive,Positive
6293,Positive,Positive,4,4,Positive,Positive
6294,Positive,Positive,4,4,Positive,Positive
6295,Positive,Positive,4,4,Positive,Positive
6296,Positive,Positive,4,4,Positive,Positive
6297,Positive,Positive,4,4,Positive,Positive
6298,Positive,Positive,5,5,Positive,Positive
6299,Positive,Positive,4,4,Positive,Positive
6300,Positive,Positive,4,4,Positive,Positive
6301,Positive,Positive,3,3,Neutral,Neutral
6302,Positive,Positive,4,4,Positive,Positive
6303,Positive,Positive,5,5,Positive,Positive
6304,Positive,Positive,4,2,Positive,Negative
6305,Negative,Negative,3,3,Neutral,Neutral
6306,Negative,Negative,1,1,Negative,Negative
6307,Positive,Positive,4,4,Positive,Positive
6308,Positive,Positive,4,4,Positive,Positive
6309,Positive,Positive,5,5,Positive,Positive
6310,Positive,Positive,4,4,Positive,Positive
6311,Negative,Positive,4,3,Positive,Neutral
6312,Positive,Positive,5,5,Positive,Positive
6313,Positive,Positive,5,5,Positive,Positive
6314,Positive,Positive,4,4,Positive,Positive
6315,Positive,Positive,4,4,Positive,Positive
6316,Positive,Positive,3,3,Neutral,Neutral
6317,Positive,Positive,4,4,Positive,Positive
6318,Positive,Positive,4,2,Positive,Negative
6319,Positive,Positive,3,3,Neutral,Neutral
6320,Negative,Positive,3,3,Neutral,Neutral
6321,Positive,Positive,4,4,Positive,Positive
6322,Positive,Positive,3,2,Neutral,Negative
6323,Positive,Positive,4,4,Positive,Positive
6324,Positive,Positive,4,2,Positive,Negative
6325,Positive,Positive,4,4,Positive,Positive
6326,Positive,Positive,5,5,Positive,Positive
6327,Positive,Positive,5,5,Positive,Positive
6328,Negative,Negative,1,1,Negative,Negative
6329,Positive,Positive,5,5,Positive,Positive
6330,Positive,Positive,5,5,Positive,Positive
6331,Positive,Positive,1,1,Negative,Negative
6332,Positive,Negative,5,5,Positive,Positive
6333,Positive,Positive,5,5,Positive,Positive
6334,Positive,Positive,2,2,Negative,Negative
6335,Positive,Positive,2,2,Negative,Negative
6336,Positive,Positive,4,4,Positive,Positive
6337,Positive,Positive,4,4,Positive,Positive
6338,Positive,Positive,4,4,Positive,Positive
6339,Positive,Positive,5,5,Positive,Positive
6340,Positive,Positive,5,5,Positive,Positive
6341,Positive,Positive,3,2,Neutral,Negative
6342,Positive,Positive,4,4,Positive,Positive
6343,Positive,Positive,5,5,Positive,Positive
6344,Positive,Positive,5,5,Positive,Positive
6345,Positive,Positive,5,4,Positive,Positive
6346,Positive,Positive,4,4,Positive,Positive
6347,Positive,Positive,5,5,Positive,Positive
6348,Positive,Positive,5,5,Positive,Positive
6349,Positive,Positive,5,5,Positive,Positive
6350,Positive,Positive,5,5,Positive,Positive
6351,Positive,Positive,5,5,Positive,Positive
6352,Positive,Positive,5,5,Positive,Positive
6353,Positive,Negative,4,2,Positive,Negative
6354,Positive,Positive,4,3,Positive,Neutral
6355,Positive,Positive,2,2,Negative,Negative
6356,Positive,Positive,5,5,Positive,Positive
6357,Positive,Positive,4,4,Positive,Positive
6358,Positive,Positive,3,3,Neutral,Neutral
6359,Positive,Positive,5,3,Positive,Neutral
6360,Positive,Positive,4,4,Positive,Positive
6361,Positive,Positive,5,5,Positive,Positive
6362,Positive,Positive,4,4,Positive,Positive
6363,Positive,Positive,2,3,Negative,Neutral
6364,Positive,Positive,1,1,Negative,Negative
6365,Positive,Positive,5,5,Positive,Positive
6366,Negative,Negative,5,5,Positive,Positive
6367,Positive,Positive,5,5,Positive,Positive
6368,Positive,Positive,5,5,Positive,Positive
6369,Negative,Negative,4,4,Positive,Positive
6370,Positive,Positive,5,5,Positive,Positive
6371,Negative,Negative,5,5,Positive,Positive
6372,Positive,Positive,4,4,Positive,Positive
6373,Positive,Positive,5,5,Positive,Positive
6374,Positive,Positive,5,5,Positive,Positive
6375,Positive,Positive,5,5,Positive,Positive
6376,Positive,Positive,4,4,Positive,Positive
6377,Positive,Positive,3,3,Neutral,Neutral
6378,Positive,Positive,5,5,Positive,Positive
6379,Positive,Positive,5,5,Positive,Positive
6380,Positive,Positive,5,5,Positive,Positive
6381,Positive,Positive,4,5,Positive,Positive
6382,Positive,Positive,2,2,Negative,Negative
6383,Positive,Positive,5,5,Positive,Positive
6384,Positive,Positive,5,5,Positive,Positive
6385,Negative,Negative,2,2,Negative,Negative
6386,Positive,Positive,5,5,Positive,Positive
6387,Positive,Positive,4,4,Positive,Positive
6388,Positive,Positive,5,5,Positive,Positive
6389,Positive,Positive,5,5,Positive,Positive
6390,Positive,Positive,5,5,Positive,Positive
6391,Positive,Positive,4,4,Positive,Positive
6392,Positive,Positive,4,4,Positive,Positive
6393,Positive,Positive,4,4,Positive,Positive
6394,Negative,Negative,3,3,Neutral,Neutral
6395,Positive,Positive,5,5,Positive,Positive
6396,Positive,Positive,5,5,Positive,Positive
6397,Positive,Positive,2,2,Negative,Negative
6398,Positive,Positive,4,4,Positive,Positive
6399,Neutral,Neutral,1,1,Negative,Negative
6400,Negative,Negative,3,3,Neutral,Neutral
6401,Positive,Positive,5,5,Positive,Positive
6402,Positive,Positive,5,5,Positive,Positive
6403,Positive,Neutral,3,3,Neutral,Neutral
6404,Positive,Positive,5,5,Positive,Positive
6405,Positive,Positive,1,2,Negative,Negative
6406,Positive,Positive,5,5,Positive,Positive
6407,Positive,Positive,1,1,Negative,Negative
6408,Positive,Positive,4,4,Positive,Positive
6409,Positive,Positive,4,4,Positive,Positive
6410,Positive,Positive,5,5,Positive,Positive
6411,Positive,Positive,5,5,Positive,Positive
6412,Positive,Positive,3,4,Neutral,Positive
6413,Positive,Positive,5,5,Positive,Positive
6414,Positive,Positive,5,5,Positive,Positive
6415,Positive,Positive,5,5,Positive,Positive
6416,Positive,Positive,3,3,Neutral,Neutral
6417,Negative,Negative,1,1,Negative,Negative
6418,Positive,Positive,3,3,Neutral,Neutral
6419,Positive,Positive,4,4,Positive,Positive
6420,Positive,Positive,5,5,Positive,Positive
6421,Positive,Positive,5,5,Positive,Positive
6422,Negative,Negative,4,4,Positive,Positive
6423,Positive,Positive,3,3,Neutral,Neutral
6424,Positive,Positive,5,5,Positive,Positive
6425,Positive,Positive,2,2,Negative,Negative
6426,Negative,Negative,1,1,Negative,Negative
6427,Negative,Negative,5,5,Positive,Positive
6428,Positive,Positive,5,5,Positive,Positive
6429,Negative,Positive,1,1,Negative,Negative
6430,Positive,Positive,5,5,Positive,Positive
6431,Positive,Positive,5,5,Positive,Positive
6432,Positive,Positive,5,5,Positive,Positive
6433,Positive,Positive,5,5,Positive,Positive
6434,Neutral,Neutral,5,5,Positive,Positive
6435,Positive,Positive,4,4,Positive,Positive
6436,Positive,Positive,5,5,Positive,Positive
6437,Negative,Negative,3,3,Neutral,Neutral
6438,Positive,Positive,5,5,Positive,Positive
6439,Positive,Positive,5,5,Positive,Positive
6440,Positive,Positive,4,4,Positive,Positive
6441,Positive,Positive,5,5,Positive,Positive
6442,Negative,Negative,2,2,Negative,Negative
6443,Negative,Negative,4,4,Positive,Positive
6444,Positive,Positive,5,5,Positive,Positive
6445,Positive,Positive,5,5,Positive,Positive
6446,Negative,Negative,3,3,Neutral,Neutral
6447,Positive,Positive,5,5,Positive,Positive
6448,Positive,Positive,4,5,Positive,Positive
6449,Negative,Negative,3,4,Neutral,Positive
6450,Positive,Positive,5,5,Positive,Positive
6451,Positive,Positive,4,4,Positive,Positive
6452,Positive,Positive,3,3,Neutral,Neutral
6453,Positive,Positive,5,5,Positive,Positive
6454,Positive,Positive,5,5,Positive,Positive
6455,Positive,Positive,3,4,Neutral,Positive
6456,Neutral,Neutral,4,4,Positive,Positive
6457,Positive,Positive,1,1,Negative,Negative
6458,Positive,Positive,3,3,Neutral,Neutral
6459,Negative,Negative,3,3,Neutral,Neutral
6460,Positive,Positive,4,4,Positive,Positive
6461,Positive,Positive,4,4,Positive,Positive
6462,Positive,Positive,5,5,Positive,Positive
6463,Positive,Positive,5,5,Positive,Positive
6464,Positive,Positive,4,4,Positive,Positive
6465,Positive,Positive,5,5,Positive,Positive
6466,Positive,Positive,5,5,Positive,Positive
6467,Positive,Positive,5,5,Positive,Positive
6468,Positive,Positive,5,5,Positive,Positive
6469,Positive,Positive,5,5,Positive,Positive
6470,Negative,Negative,2,2,Negative,Negative
6471,Positive,Positive,5,5,Positive,Positive
6472,Negative,Negative,4,4,Positive,Positive
6473,Positive,Positive,5,5,Positive,Positive
6474,Positive,Positive,4,4,Positive,Positive
6475,Positive,Positive,2,2,Negative,Negative
6476,Positive,Positive,5,5,Positive,Positive
6477,Positive,Positive,5,5,Positive,Positive
6478,Positive,Positive,5,5,Positive,Positive
6479,Negative,Negative,3,3,Neutral,Neutral
6480,Positive,Positive,5,5,Positive,Positive
6481,Positive,Positive,4,4,Positive,Positive
6482,Positive,Positive,5,4,Positive,Positive
6483,Positive,Positive,5,5,Positive,Positive
6484,Positive,Positive,3,3,Neutral,Neutral
6485,Positive,Positive,4,4,Positive,Positive
6486,Positive,Positive,5,5,Positive,Positive
6487,Negative,Negative,5,5,Positive,Positive
6488,Positive,Positive,2,2,Negative,Negative
6489,Positive,Positive,5,5,Positive,Positive
6490,Positive,Positive,5,5,Positive,Positive
6491,Negative,Negative,2,2,Negative,Negative
6492,Positive,Positive,3,2,Neutral,Negative
6493,Negative,Negative,1,1,Negative,Negative
6494,Positive,Positive,5,5,Positive,Positive
6495,Negative,Negative,5,5,Positive,Positive
6496,Positive,Positive,5,5,Positive,Positive
6497,Positive,Positive,5,5,Positive,Positive
6498,Positive,Positive,5,5,Positive,Positive
6499,Negative,Negative,2,2,Negative,Negative
6500,Positive,Negative,5,4,Positive,Positive
6501,Positive,Positive,5,5,Positive,Positive
6502,Positive,Positive,4,4,Positive,Positive
6503,Positive,Positive,5,5,Positive,Positive
6504,Negative,Negative,4,4,Positive,Positive
6505,Positive,Negative,4,2,Positive,Negative
6506,Positive,Positive,5,5,Positive,Positive
6507,Positive,Positive,5,5,Positive,Positive
6508,Positive,Positive,5,5,Positive,Positive
6509,Negative,Negative,2,2,Negative,Negative
6510,Positive,Positive,5,5,Positive,Positive
6511,Neutral,Negative,5,5,Positive,Positive
6512,Positive,Positive,4,4,Positive,Positive
6513,Positive,Positive,5,5,Positive,Positive
6514,Positive,Positive,4,4,Positive,Positive
6515,Positive,Positive,4,4,Positive,Positive
6516,Positive,Positive,3,3,Neutral,Neutral
6517,Positive,Negative,4,1,Positive,Negative
6518,Positive,Positive,5,4,Positive,Positive
6519,Positive,Positive,4,4,Positive,Positive
6520,Positive,Positive,4,4,Positive,Positive
6521,Negative,Negative,4,4,Positive,Positive
6522,Positive,Positive,4,4,Positive,Positive
6523,Positive,Positive,4,4,Positive,Positive
6524,Negative,Negative,3,3,Neutral,Neutral
6525,Positive,Positive,1,1,Negative,Negative
6526,Negative,Positive,1,1,Negative,Negative
6527,Positive,Positive,5,5,Positive,Positive
6528,Positive,Positive,3,3,Neutral,Neutral
6529,Positive,Positive,4,4,Positive,Positive
6530,Positive,Positive,4,4,Positive,Positive
6531,Positive,Positive,3,3,Neutral,Neutral
6532,Positive,Positive,4,4,Positive,Positive
6533,Positive,Positive,2,2,Negative,Negative
6534,Positive,Positive,4,4,Positive,Positive
6535,Negative,Negative,5,5,Positive,Positive
6536,Positive,Positive,4,4,Positive,Positive
6537,Negative,Negative,5,5,Positive,Positive
6538,Negative,Negative,4,4,Positive,Positive
6539,Negative,Negative,5,5,Positive,Positive
6540,Positive,Positive,5,5,Positive,Positive
6541,Positive,Positive,4,4,Positive,Positive
6542,Positive,Positive,3,3,Neutral,Neutral
6543,Positive,Positive,4,5,Positive,Positive
6544,Positive,Positive,3,3,Neutral,Neutral
6545,Negative,Negative,4,4,Positive,Positive
6546,Positive,Positive,4,4,Positive,Positive
6547,Positive,Positive,3,3,Neutral,Neutral
6548,Positive,Positive,5,5,Positive,Positive
6549,Positive,Positive,4,4,Positive,Positive
6550,Positive,Positive,4,4,Positive,Positive
6551,Positive,Positive,5,5,Positive,Positive
6552,Positive,Positive,5,5,Positive,Positive
6553,Positive,Positive,4,4,Positive,Positive
6554,Positive,Positive,5,5,Positive,Positive
6555,Positive,Positive,5,5,Positive,Positive
6556,Positive,Positive,3,5,Neutral,Positive
6557,Positive,Positive,3,3,Neutral,Neutral
6558,Positive,Positive,4,4,Positive,Positive
6559,Positive,Positive,5,5,Positive,Positive
6560,Positive,Positive,4,4,Positive,Positive
6561,Positive,Positive,2,2,Negative,Negative
6562,Positive,Positive,5,5,Positive,Positive
6563,Positive,Positive,5,5,Positive,Positive
6564,Neutral,Neutral,1,1,Negative,Negative
6565,Positive,Positive,5,5,Positive,Positive
6566,Positive,Positive,4,4,Positive,Positive
6567,Neutral,Neutral,4,4,Positive,Positive
6568,Positive,Positive,3,3,Neutral,Neutral
6569,Positive,Positive,4,4,Positive,Positive
6570,Positive,Negative,4,3,Positive,Neutral
6571,Positive,Negative,4,3,Positive,Neutral
6572,Positive,Positive,4,4,Positive,Positive
6573,Positive,Positive,5,5,Positive,Positive
6574,Positive,Positive,5,5,Positive,Positive
6575,Positive,Positive,4,4,Positive,Positive
6576,Positive,Positive,5,5,Positive,Positive
6577,Positive,Positive,5,5,Positive,Positive
6578,Positive,Positive,3,3,Neutral,Neutral
6579,Positive,Positive,5,5,Positive,Positive
6580,Positive,Positive,4,4,Positive,Positive
6581,Positive,Positive,2,2,Negative,Negative
6582,Positive,Positive,3,3,Neutral,Neutral
6583,Positive,Positive,5,5,Positive,Positive
6584,Negative,Negative,4,4,Positive,Positive
6585,Positive,Positive,5,5,Positive,Positive
6586,Positive,Positive,4,2,Positive,Negative
6587,Positive,Positive,2,4,Negative,Positive
6588,Negative,Negative,3,3,Neutral,Neutral
6589,Positive,Positive,2,2,Negative,Negative
6590,Positive,Positive,5,5,Positive,Positive
6591,Positive,Positive,4,4,Positive,Positive
6592,Positive,Positive,5,5,Positive,Positive
6593,Positive,Positive,5,5,Positive,Positive
6594,Positive,Positive,4,4,Positive,Positive
6595,Negative,Negative,4,4,Positive,Positive
6596,Positive,Positive,5,5,Positive,Positive
6597,Positive,Positive,4,4,Positive,Positive
6598,Positive,Positive,4,4,Positive,Positive
6599,Positive,Positive,4,4,Positive,Positive
6600,Positive,Positive,4,4,Positive,Positive
6601,Negative,Negative,3,3,Neutral,Neutral
6602,Neutral,Neutral,3,3,Neutral,Neutral
6603,Positive,Positive,4,4,Positive,Positive
6604,Positive,Positive,5,5,Positive,Positive
6605,Positive,Positive,5,5,Positive,Positive
6606,Positive,Positive,5,5,Positive,Positive
6607,Negative,Negative,1,1,Negative,Negative
6608,Positive,Positive,1,5,Negative,Positive
6609,Positive,Positive,3,3,Neutral,Neutral
6610,Positive,Positive,5,5,Positive,Positive
6611,Positive,Positive,5,5,Positive,Positive
6612,Negative,Negative,1,1,Negative,Negative
6613,Negative,Negative,4,4,Positive,Positive
6614,Positive,Positive,5,5,Positive,Positive
6615,Positive,Positive,2,2,Negative,Negative
6616,Positive,Positive,4,2,Positive,Negative
6617,Positive,Positive,4,4,Positive,Positive
6618,Positive,Positive,4,4,Positive,Positive
6619,Negative,Negative,2,2,Negative,Negative
6620,Positive,Positive,5,5,Positive,Positive
6621,Positive,Positive,5,5,Positive,Positive
6622,Positive,Positive,5,5,Positive,Positive
6623,Positive,Positive,4,4,Positive,Positive
6624,Positive,Positive,4,4,Positive,Positive
6625,Positive,Positive,4,4,Positive,Positive
6626,Positive,Positive,5,5,Positive,Positive
6627,Positive,Positive,5,5,Positive,Positive
6628,Positive,Positive,4,4,Positive,Positive
6629,Positive,Positive,4,4,Positive,Positive
6630,Positive,Positive,5,5,Positive,Positive
6631,Positive,Positive,4,4,Positive,Positive
6632,Negative,Negative,1,1,Negative,Negative
6633,Positive,Positive,5,5,Positive,Positive
6634,Positive,Positive,4,4,Positive,Positive
6635,Positive,Positive,4,1,Positive,Negative
6636,Positive,Positive,4,4,Positive,Positive
6637,Positive,Positive,2,2,Negative,Negative
6638,Positive,Positive,5,5,Positive,Positive
6639,Positive,Positive,4,4,Positive,Positive
6640,Positive,Positive,3,3,Neutral,Neutral
6641,Positive,Positive,5,5,Positive,Positive
6642,Positive,Positive,3,3,Neutral,Neutral
6643,Positive,Positive,3,3,Neutral,Neutral
6644,Negative,Negative,2,2,Negative,Negative
6645,Positive,Positive,4,4,Positive,Positive
6646,Positive,Positive,5,5,Positive,Positive
6647,Positive,Positive,5,5,Positive,Positive
6648,Positive,Positive,5,5,Positive,Positive
6649,Positive,Positive,5,5,Positive,Positive
6650,Positive,Positive,5,5,Positive,Positive
6651,Positive,Positive,5,5,Positive,Positive
6652,Positive,Negative,4,4,Positive,Positive
6653,Negative,Negative,2,2,Negative,Negative
6654,Positive,Positive,5,2,Positive,Negative
6655,Positive,Positive,5,5,Positive,Positive
6656,Positive,Positive,5,5,Positive,Positive
6657,Positive,Positive,5,5,Positive,Positive
6658,Positive,Positive,4,4,Positive,Positive
6659,Positive,Positive,5,5,Positive,Positive
6660,Positive,Positive,5,5,Positive,Positive
6661,Negative,Negative,1,1,Negative,Negative
6662,Negative,Negative,4,4,Positive,Positive
6663,Positive,Positive,5,5,Positive,Positive
6664,Positive,Positive,4,4,Positive,Positive
6665,Positive,Positive,4,4,Positive,Positive
6666,Positive,Positive,4,4,Positive,Positive
6667,Positive,Positive,5,2,Positive,Negative
6668,Positive,Positive,5,5,Positive,Positive
6669,Positive,Positive,5,5,Positive,Positive
6670,Positive,Positive,4,4,Positive,Positive
6671,Positive,Positive,4,4,Positive,Positive
6672,Negative,Negative,1,1,Negative,Negative
6673,Positive,Positive,4,4,Positive,Positive
6674,Negative,Negative,3,3,Neutral,Neutral
6675,Positive,Negative,2,2,Negative,Negative
6676,Positive,Positive,5,5,Positive,Positive
6677,Positive,Positive,4,4,Positive,Positive
6678,Positive,Positive,5,5,Positive,Positive
6679,Positive,Positive,5,5,Positive,Positive
6680,Positive,Positive,5,5,Positive,Positive
6681,Positive,Positive,5,5,Positive,Positive
6682,Positive,Positive,4,4,Positive,Positive
6683,Positive,Positive,4,4,Positive,Positive
6684,Negative,Negative,1,1,Negative,Negative
6685,Positive,Positive,5,5,Positive,Positive
6686,Positive,Positive,4,4,Positive,Positive
6687,Positive,Positive,4,4,Positive,Positive
6688,Negative,Negative,1,1,Negative,Negative
6689,Positive,Positive,5,5,Positive,Positive
6690,Positive,Positive,5,5,Positive,Positive
6691,Positive,Positive,4,4,Positive,Positive
6692,Positive,Positive,4,4,Positive,Positive
6693,Negative,Negative,1,1,Negative,Negative
6694,Positive,Positive,2,2,Negative,Negative
6695,Positive,Positive,5,5,Positive,Positive
6696,Neutral,Neutral,5,5,Positive,Positive
6697,Positive,Positive,4,4,Positive,Positive
6698,Positive,Positive,5,5,Positive,Positive
6699,Positive,Positive,4,4,Positive,Positive
6700,Positive,Positive,4,4,Positive,Positive
6701,Positive,Positive,5,5,Positive,Positive
6702,Negative,Negative,2,2,Negative,Negative
6703,Neutral,Neutral,4,4,Positive,Positive
6704,Positive,Positive,4,4,Positive,Positive
6705,Positive,Positive,4,4,Positive,Positive
6706,Positive,Positive,4,4,Positive,Positive
6707,Positive,Positive,5,5,Positive,Positive
6708,Positive,Positive,4,2,Positive,Negative
6709,Positive,Positive,4,4,Positive,Positive
6710,Positive,Positive,5,5,Positive,Positive
6711,Negative,Negative,2,2,Negative,Negative
6712,Positive,Positive,4,4,Positive,Positive
6713,Positive,Positive,2,2,Negative,Negative
6714,Positive,Positive,3,3,Neutral,Neutral
6715,Positive,Positive,5,5,Positive,Positive
6716,Positive,Positive,4,4,Positive,Positive
6717,Positive,Positive,4,4,Positive,Positive
6718,Positive,Positive,3,3,Neutral,Neutral
6719,Positive,Positive,4,4,Positive,Positive
6720,Positive,Positive,5,5,Positive,Positive
6721,Positive,Positive,5,5,Positive,Positive
6722,Positive,Positive,5,5,Positive,Positive
6723,Positive,Positive,4,4,Positive,Positive
6724,Positive,Positive,4,4,Positive,Positive
6725,Positive,Positive,5,5,Positive,Positive
6726,Positive,Positive,4,4,Positive,Positive
6727,Positive,Positive,5,5,Positive,Positive
6728,Positive,Positive,5,5,Positive,Positive
6729,Positive,Positive,5,5,Positive,Positive
6730,Positive,Positive,5,5,Positive,Positive
6731,Positive,Positive,4,4,Positive,Positive
6732,Positive,Positive,3,3,Neutral,Neutral
6733,Positive,Positive,4,4,Positive,Positive
6734,Positive,Positive,4,5,Positive,Positive
6735,Negative,Negative,3,3,Neutral,Neutral
6736,Positive,Positive,5,5,Positive,Positive
6737,Positive,Positive,4,4,Positive,Positive
6738,Positive,Positive,5,5,Positive,Positive
6739,Positive,Positive,4,4,Positive,Positive
6740,Positive,Positive,5,5,Positive,Positive
6741,Positive,Positive,1,1,Negative,Negative
6742,Negative,Positive,2,2,Negative,Negative
6743,Positive,Positive,4,4,Positive,Positive
6744,Positive,Positive,4,4,Positive,Positive
6745,Positive,Positive,4,4,Positive,Positive
6746,Positive,Positive,5,5,Positive,Positive
6747,Positive,Positive,4,4,Positive,Positive
6748,Positive,Positive,3,3,Neutral,Neutral
6749,Positive,Positive,5,5,Positive,Positive
6750,Positive,Positive,4,4,Positive,Positive
6751,Positive,Positive,3,3,Neutral,Neutral
6752,Neutral,Neutral,5,5,Positive,Positive
6753,Positive,Positive,3,3,Neutral,Neutral
6754,Positive,Positive,4,4,Positive,Positive
6755,Positive,Positive,4,4,Positive,Positive
6756,Positive,Positive,3,3,Neutral,Neutral
6757,Negative,Negative,1,1,Negative,Negative
6758,Positive,Negative,4,4,Positive,Positive
6759,Negative,Negative,2,2,Negative,Negative
6760,Positive,Positive,5,5,Positive,Positive
6761,Positive,Positive,5,5,Positive,Positive
6762,Positive,Positive,2,2,Negative,Negative
6763,Positive,Positive,4,4,Positive,Positive
6764,Positive,Positive,5,5,Positive,Positive
6765,Positive,Positive,4,4,Positive,Positive
6766,Positive,Positive,4,5,Positive,Positive
6767,Negative,Negative,3,3,Neutral,Neutral
6768,Positive,Positive,4,4,Positive,Positive
6769,Negative,Negative,2,2,Negative,Negative
6770,Negative,Negative,3,3,Neutral,Neutral
6771,Positive,Positive,4,4,Positive,Positive
6772,Negative,Negative,1,1,Negative,Negative
6773,Positive,Positive,5,5,Positive,Positive
6774,Positive,Positive,4,4,Positive,Positive
6775,Positive,Positive,4,4,Positive,Positive
6776,Positive,Positive,5,5,Positive,Positive
6777,Positive,Positive,5,5,Positive,Positive
6778,Negative,Negative,1,1,Negative,Negative
6779,Negative,Negative,2,2,Negative,Negative
6780,Negative,Negative,5,5,Positive,Positive
6781,Positive,Positive,5,5,Positive,Positive
6782,Positive,Positive,5,5,Positive,Positive
6783,Positive,Positive,4,4,Positive,Positive
6784,Neutral,Neutral,3,3,Neutral,Neutral
6785,Positive,Positive,4,4,Positive,Positive
6786,Positive,Positive,4,4,Positive,Positive
6787,Positive,Positive,5,5,Positive,Positive
6788,Positive,Positive,4,4,Positive,Positive
6789,Positive,Positive,5,5,Positive,Positive
6790,Positive,Negative,2,1,Negative,Negative
6791,Positive,Positive,4,4,Positive,Positive
6792,Positive,Positive,5,5,Positive,Positive
6793,Positive,Positive,5,5,Positive,Positive
6794,Positive,Positive,5,5,Positive,Positive
6795,Positive,Positive,3,3,Neutral,Neutral
6796,Positive,Positive,2,2,Negative,Negative
6797,Positive,Positive,3,3,Neutral,Neutral
6798,Positive,Positive,5,5,Positive,Positive
6799,Positive,Positive,4,4,Positive,Positive
6800,Positive,Positive,3,3,Neutral,Neutral
6801,Positive,Positive,4,4,Positive,Positive
6802,Positive,Positive,5,5,Positive,Positive
6803,Positive,Positive,4,4,Positive,Positive
6804,Positive,Positive,5,5,Positive,Positive
6805,Positive,Positive,5,5,Positive,Positive
6806,Positive,Positive,4,4,Positive,Positive
6807,Positive,Positive,4,4,Positive,Positive
6808,Positive,Positive,2,2,Negative,Negative
6809,Negative,Negative,2,2,Negative,Negative
6810,Positive,Positive,5,5,Positive,Positive
6811,Positive,Positive,3,5,Neutral,Positive
6812,Positive,Positive,4,4,Positive,Positive
6813,Negative,Negative,5,5,Positive,Positive
6814,Negative,Negative,4,4,Positive,Positive
6815,Positive,Positive,2,2,Negative,Negative
6816,Positive,Positive,5,5,Positive,Positive
6817,Positive,Positive,5,5,Positive,Positive
6818,Positive,Positive,2,4,Negative,Positive
6819,Negative,Negative,4,5,Positive,Positive
6820,Positive,Positive,3,3,Neutral,Neutral
6821,Negative,Negative,5,5,Positive,Positive
6822,Positive,Positive,3,3,Neutral,Neutral
6823,Positive,Positive,5,5,Positive,Positive
6824,Positive,Positive,3,3,Neutral,Neutral
6825,Positive,Positive,4,4,Positive,Positive
6826,Negative,Negative,3,3,Neutral,Neutral
6827,Positive,Positive,5,5,Positive,Positive
6828,Positive,Positive,5,5,Positive,Positive
6829,Positive,Positive,5,5,Positive,Positive
6830,Positive,Positive,3,3,Neutral,Neutral
6831,Positive,Positive,5,5,Positive,Positive
6832,Neutral,Neutral,1,1,Negative,Negative
6833,Positive,Positive,3,3,Neutral,Neutral
6834,Positive,Positive,4,4,Positive,Positive
6835,Positive,Positive,5,5,Positive,Positive
6836,Neutral,Neutral,3,3,Neutral,Neutral
6837,Positive,Positive,4,4,Positive,Positive
6838,Positive,Positive,1,1,Negative,Negative
6839,Positive,Positive,5,5,Positive,Positive
6840,Positive,Positive,4,4,Positive,Positive
6841,Positive,Positive,5,5,Positive,Positive
6842,Negative,Negative,1,1,Negative,Negative
6843,Positive,Positive,4,4,Positive,Positive
6844,Positive,Positive,5,5,Positive,Positive
6845,Negative,Negative,2,2,Negative,Negative
6846,Positive,Positive,2,3,Negative,Neutral
6847,Positive,Positive,4,4,Positive,Positive
6848,Positive,Positive,1,1,Negative,Negative
6849,Neutral,Neutral,2,2,Negative,Negative
6850,Positive,Positive,4,4,Positive,Positive
6851,Positive,Negative,2,2,Negative,Negative
6852,Positive,Positive,4,4,Positive,Positive
6853,Positive,Positive,5,5,Positive,Positive
6854,Positive,Positive,4,4,Positive,Positive
6855,Positive,Positive,2,2,Negative,Negative
6856,Positive,Positive,4,4,Positive,Positive
6857,Positive,Positive,4,4,Positive,Positive
6858,Negative,Negative,1,1,Negative,Negative
6859,Positive,Positive,4,4,Positive,Positive
6860,Positive,Positive,5,5,Positive,Positive
6861,Negative,Negative,1,1,Negative,Negative
6862,Positive,Negative,4,2,Positive,Negative
6863,Positive,Negative,3,2,Neutral,Negative
6864,Positive,Positive,5,5,Positive,Positive
6865,Positive,Positive,5,5,Positive,Positive
6866,Positive,Positive,5,5,Positive,Positive
6867,Positive,Positive,4,4,Positive,Positive
6868,Neutral,Neutral,5,5,Positive,Positive
6869,Positive,Positive,5,5,Positive,Positive
6870,Positive,Positive,4,4,Positive,Positive
6871,Positive,Positive,5,5,Positive,Positive
6872,Positive,Positive,4,4,Positive,Positive
6873,Positive,Positive,5,5,Positive,Positive
6874,Positive,Positive,3,3,Neutral,Neutral
6875,Positive,Positive,5,5,Positive,Positive
6876,Positive,Positive,4,4,Positive,Positive
6877,Positive,Positive,5,5,Positive,Positive
6878,Positive,Positive,4,4,Positive,Positive
6879,Positive,Positive,5,5,Positive,Positive
6880,Positive,Positive,3,3,Neutral,Neutral
6881,Positive,Positive,5,5,Positive,Positive
6882,Positive,Positive,5,5,Positive,Positive
6883,Positive,Positive,4,4,Positive,Positive
6884,Positive,Positive,4,4,Positive,Positive
6885,Positive,Positive,5,5,Positive,Positive
6886,Positive,Positive,5,5,Positive,Positive
6887,Positive,Positive,4,4,Positive,Positive
6888,Positive,Positive,3,3,Neutral,Neutral
6889,Negative,Negative,5,5,Positive,Positive
6890,Positive,Positive,5,5,Positive,Positive
6891,Positive,Positive,5,5,Positive,Positive
6892,Positive,Positive,4,3,Positive,Neutral
6893,Positive,Positive,4,4,Positive,Positive
6894,Positive,Positive,5,5,Positive,Positive
6895,Positive,Positive,5,5,Positive,Positive
6896,Positive,Positive,4,4,Positive,Positive
6897,Positive,Positive,2,2,Negative,Negative
6898,Positive,Positive,5,5,Positive,Positive
6899,Positive,Positive,4,4,Positive,Positive
6900,Positive,Positive,4,4,Positive,Positive
6901,Positive,Positive,5,5,Positive,Positive
6902,Positive,Positive,5,5,Positive,Positive
6903,Positive,Positive,5,5,Positive,Positive
6904,Negative,Negative,2,2,Negative,Negative
6905,Positive,Positive,4,4,Positive,Positive
6906,Positive,Positive,5,5,Positive,Positive
6907,Positive,Positive,5,5,Positive,Positive
6908,Neutral,Neutral,5,5,Positive,Positive
6909,Positive,Positive,5,5,Positive,Positive
6910,Positive,Positive,4,5,Positive,Positive
6911,Positive,Positive,4,4,Positive,Positive
6912,Negative,Negative,4,4,Positive,Positive
6913,Positive,Positive,4,4,Positive,Positive
6914,Negative,Negative,2,2,Negative,Negative
6915,Positive,Positive,4,4,Positive,Positive
6916,Positive,Positive,5,5,Positive,Positive
6917,Negative,Negative,4,4,Positive,Positive
6918,Negative,Negative,4,3,Positive,Neutral
6919,Positive,Positive,3,4,Neutral,Positive
6920,Positive,Positive,4,4,Positive,Positive
6921,Positive,Positive,4,4,Positive,Positive
6922,Positive,Positive,5,5,Positive,Positive
6923,Positive,Positive,4,4,Positive,Positive
6924,Negative,Negative,3,3,Neutral,Neutral
6925,Positive,Positive,5,5,Positive,Positive
6926,Negative,Negative,2,2,Negative,Negative
6927,Negative,Negative,3,3,Neutral,Neutral
6928,Positive,Positive,5,5,Positive,Positive
6929,Positive,Positive,4,4,Positive,Positive
6930,Negative,Negative,2,2,Negative,Negative
6931,Positive,Positive,4,4,Positive,Positive
6932,Positive,Positive,5,5,Positive,Positive
6933,Positive,Positive,4,4,Positive,Positive
6934,Neutral,Neutral,5,5,Positive,Positive
6935,Negative,Negative,4,4,Positive,Positive
6936,Negative,Negative,1,1,Negative,Negative
6937,Negative,Negative,5,5,Positive,Positive
6938,Positive,Positive,4,4,Positive,Positive
6939,Positive,Positive,5,5,Positive,Positive
6940,Positive,Positive,4,4,Positive,Positive
6941,Positive,Positive,3,3,Neutral,Neutral
6942,Positive,Positive,5,5,Positive,Positive
6943,Positive,Positive,5,5,Positive,Positive
6944,Positive,Positive,5,5,Positive,Positive
6945,Positive,Positive,5,5,Positive,Positive
6946,Neutral,Neutral,4,4,Positive,Positive
6947,Positive,Positive,5,5,Positive,Positive
6948,Positive,Positive,5,5,Positive,Positive
6949,Positive,Positive,4,4,Positive,Positive
6950,Negative,Negative,1,1,Negative,Negative
6951,Positive,Positive,5,5,Positive,Positive
6952,Negative,Negative,5,5,Positive,Positive
6953,Positive,Positive,3,3,Neutral,Neutral
6954,Positive,Positive,4,4,Positive,Positive
6955,Positive,Positive,4,4,Positive,Positive
6956,Positive,Positive,3,3,Neutral,Neutral
6957,Positive,Positive,5,5,Positive,Positive
6958,Positive,Positive,5,5,Positive,Positive
6959,Neutral,Neutral,5,5,Positive,Positive
6960,Positive,Positive,4,4,Positive,Positive
6961,Negative,Negative,5,5,Positive,Positive
6962,Positive,Positive,5,5,Positive,Positive
6963,Positive,Positive,4,4,Positive,Positive
6964,Positive,Positive,4,4,Positive,Positive
6965,Positive,Positive,5,5,Positive,Positive
6966,Positive,Positive,5,5,Positive,Positive
6967,Positive,Positive,4,4,Positive,Positive
6968,Positive,Positive,5,5,Positive,Positive
6969,Positive,Positive,4,4,Positive,Positive
6970,Positive,Positive,3,3,Neutral,Neutral
6971,Positive,Positive,3,3,Neutral,Neutral
6972,Positive,Positive,4,4,Positive,Positive
6973,Positive,Positive,4,4,Positive,Positive
6974,Positive,Positive,5,5,Positive,Positive
6975,Negative,Neutral,4,4,Positive,Positive
6976,Positive,Positive,5,5,Positive,Positive
6977,Positive,Positive,5,5,Positive,Positive
6978,Positive,Neutral,5,4,Positive,Positive
6979,Positive,Positive,5,5,Positive,Positive
6980,Positive,Positive,4,4,Positive,Positive
6981,Negative,Negative,4,4,Positive,Positive
6982,Neutral,Neutral,4,4,Positive,Positive
6983,Negative,Negative,2,2,Negative,Negative
6984,Positive,Positive,5,5,Positive,Positive
6985,Negative,Negative,1,1,Negative,Negative
6986,Positive,Positive,4,3,Positive,Neutral
6987,Positive,Positive,4,4,Positive,Positive
6988,Positive,Positive,4,4,Positive,Positive
6989,Negative,Negative,2,2,Negative,Negative
6990,Positive,Positive,5,5,Positive,Positive
6991,Positive,Positive,3,3,Neutral,Neutral
6992,Negative,Negative,5,5,Positive,Positive
6993,Positive,Positive,5,5,Positive,Positive
6994,Positive,Positive,4,4,Positive,Positive
6995,Negative,Negative,5,5,Positive,Positive
6996,Positive,Positive,4,4,Positive,Positive
6997,Neutral,Neutral,1,1,Negative,Negative
6998,Positive,Positive,2,2,Negative,Negative
6999,Positive,Positive,3,3,Neutral,Neutral
7000,Negative,Negative,4,4,Positive,Positive
7001,Positive,Positive,5,5,Positive,Positive
7002,Negative,Positive,2,2,Negative,Negative
7003,Positive,Positive,5,5,Positive,Positive
7004,Negative,Negative,2,2,Negative,Negative
7005,Positive,Positive,5,5,Positive,Positive
7006,Positive,Positive,4,4,Positive,Positive
7007,Positive,Positive,4,2,Positive,Negative
7008,Positive,Positive,4,4,Positive,Positive
7009,Positive,Positive,5,5,Positive,Positive
7010,Positive,Positive,4,4,Positive,Positive
7011,Positive,Positive,4,4,Positive,Positive
7012,Positive,Positive,4,4,Positive,Positive
7013,Positive,Positive,5,5,Positive,Positive
7014,Positive,Positive,4,4,Positive,Positive
7015,Positive,Positive,5,5,Positive,Positive
7016,Negative,Positive,1,1,Negative,Negative
7017,Neutral,Neutral,5,5,Positive,Positive
7018,Negative,Negative,4,4,Positive,Positive
7019,Positive,Positive,5,5,Positive,Positive
7020,Positive,Positive,2,2,Negative,Negative
7021,Positive,Positive,3,3,Neutral,Neutral
7022,Positive,Positive,5,5,Positive,Positive
7023,Positive,Positive,4,4,Positive,Positive
7024,Positive,Positive,3,3,Neutral,Neutral
7025,Positive,Positive,5,5,Positive,Positive
7026,Positive,Positive,3,3,Neutral,Neutral
7027,Positive,Positive,5,5,Positive,Positive
7028,Positive,Positive,5,5,Positive,Positive
7029,Positive,Positive,5,5,Positive,Positive
7030,Positive,Positive,4,4,Positive,Positive
7031,Negative,Negative,2,2,Negative,Negative
7032,Positive,Positive,4,4,Positive,Positive
7033,Positive,Positive,5,5,Positive,Positive
7034,Negative,Negative,2,2,Negative,Negative
7035,Positive,Positive,5,5,Positive,Positive
7036,Positive,Positive,4,4,Positive,Positive
7037,Positive,Positive,5,5,Positive,Positive
7038,Positive,Positive,4,4,Positive,Positive
7039,Positive,Positive,5,5,Positive,Positive
7040,Positive,Positive,5,5,Positive,Positive
7041,Positive,Positive,2,2,Negative,Negative
7042,Positive,Positive,3,3,Neutral,Neutral
7043,Negative,Negative,2,2,Negative,Negative
7044,Positive,Positive,5,5,Positive,Positive
7045,Negative,Negative,5,5,Positive,Positive
7046,Positive,Positive,4,4,Positive,Positive
7047,Positive,Positive,5,5,Positive,Positive
7048,Negative,Negative,4,4,Positive,Positive
7049,Positive,Positive,5,5,Positive,Positive
7050,Positive,Positive,4,4,Positive,Positive
7051,Positive,Positive,4,4,Positive,Positive
7052,Positive,Positive,1,1,Negative,Negative
7053,Positive,Positive,5,5,Positive,Positive
7054,Positive,Positive,5,5,Positive,Positive
7055,Positive,Positive,1,1,Negative,Negative
7056,Positive,Positive,5,5,Positive,Positive
7057,Positive,Positive,4,4,Positive,Positive
7058,Positive,Positive,4,5,Positive,Positive
7059,Positive,Positive,5,5,Positive,Positive
7060,Positive,Positive,2,2,Negative,Negative
7061,Positive,Positive,5,5,Positive,Positive
7062,Negative,Negative,3,3,Neutral,Neutral
7063,Positive,Positive,4,5,Positive,Positive
7064,Positive,Positive,5,5,Positive,Positive
7065,Positive,Positive,4,4,Positive,Positive
7066,Positive,Positive,2,2,Negative,Negative
7067,Positive,Positive,5,5,Positive,Positive
7068,Negative,Negative,2,2,Negative,Negative
7069,Positive,Positive,5,5,Positive,Positive
7070,Positive,Positive,5,5,Positive,Positive
7071,Negative,Negative,5,5,Positive,Positive
7072,Positive,Positive,3,3,Neutral,Neutral
7073,Positive,Positive,3,3,Neutral,Neutral
7074,Positive,Positive,5,5,Positive,Positive
7075,Positive,Positive,4,4,Positive,Positive
7076,Positive,Positive,4,4,Positive,Positive
7077,Positive,Positive,5,5,Positive,Positive
7078,Positive,Positive,3,3,Neutral,Neutral
7079,Negative,Negative,5,5,Positive,Positive
7080,Positive,Positive,4,4,Positive,Positive
7081,Positive,Positive,4,4,Positive,Positive
7082,Negative,Negative,1,1,Negative,Negative
7083,Positive,Positive,4,4,Positive,Positive
7084,Positive,Positive,4,4,Positive,Positive
7085,Neutral,Neutral,5,5,Positive,Positive
7086,Positive,Positive,3,3,Neutral,Neutral
7087,Positive,Positive,5,5,Positive,Positive
7088,Positive,Positive,5,5,Positive,Positive
7089,Positive,Positive,4,4,Positive,Positive
7090,Neutral,Neutral,1,1,Negative,Negative
7091,Positive,Positive,5,4,Positive,Positive
7092,Positive,Positive,2,2,Negative,Negative
7093,Positive,Positive,4,4,Positive,Positive
7094,Positive,Positive,5,5,Positive,Positive
7095,Positive,Positive,5,4,Positive,Positive
7096,Positive,Positive,4,5,Positive,Positive
7097,Positive,Positive,5,5,Positive,Positive
7098,Positive,Positive,4,4,Positive,Positive
7099,Positive,Positive,4,4,Positive,Positive
7100,Positive,Positive,5,5,Positive,Positive
7101,Negative,Positive,1,1,Negative,Negative
7102,Negative,Negative,3,3,Neutral,Neutral
7103,Negative,Negative,1,1,Negative,Negative
7104,Positive,Positive,5,5,Positive,Positive
7105,Positive,Positive,5,5,Positive,Positive
7106,Positive,Positive,4,4,Positive,Positive
7107,Positive,Positive,5,5,Positive,Positive
7108,Negative,Negative,5,5,Positive,Positive
7109,Positive,Positive,5,5,Positive,Positive
7110,Positive,Positive,2,2,Negative,Negative
7111,Positive,Positive,4,4,Positive,Positive
7112,Positive,Positive,3,3,Neutral,Neutral
7113,Positive,Positive,4,5,Positive,Positive
7114,Positive,Positive,5,4,Positive,Positive
7115,Positive,Positive,2,2,Negative,Negative
7116,Positive,Positive,4,4,Positive,Positive
7117,Positive,Positive,2,2,Negative,Negative
7118,Negative,Negative,2,2,Negative,Negative
7119,Positive,Positive,4,4,Positive,Positive
7120,Positive,Positive,5,5,Positive,Positive
7121,Positive,Positive,4,4,Positive,Positive
7122,Positive,Positive,5,5,Positive,Positive
7123,Negative,Negative,1,1,Negative,Negative
7124,Negative,Negative,2,2,Negative,Negative
7125,Positive,Positive,5,5,Positive,Positive
7126,Positive,Positive,4,4,Positive,Positive
7127,Positive,Positive,4,4,Positive,Positive
7128,Positive,Positive,5,5,Positive,Positive
7129,Positive,Positive,5,4,Positive,Positive
7130,Positive,Positive,4,4,Positive,Positive
7131,Positive,Positive,2,3,Negative,Neutral
7132,Positive,Positive,5,5,Positive,Positive
7133,Positive,Positive,5,5,Positive,Positive
7134,Positive,Positive,2,2,Negative,Negative
7135,Positive,Positive,4,4,Positive,Positive
7136,Positive,Positive,5,5,Positive,Positive
7137,Positive,Positive,5,5,Positive,Positive
7138,Positive,Positive,4,4,Positive,Positive
7139,Positive,Positive,5,5,Positive,Positive
7140,Positive,Positive,3,3,Neutral,Neutral
7141,Negative,Positive,1,5,Negative,Positive
7142,Negative,Positive,4,4,Positive,Positive
7143,Positive,Positive,5,5,Positive,Positive
7144,Positive,Positive,4,4,Positive,Positive
7145,Positive,Negative,4,4,Positive,Positive
7146,Positive,Positive,4,4,Positive,Positive
7147,Neutral,Neutral,4,4,Positive,Positive
7148,Positive,Positive,5,5,Positive,Positive
7149,Positive,Positive,4,4,Positive,Positive
7150,Positive,Positive,4,4,Positive,Positive
7151,Positive,Positive,5,5,Positive,Positive
7152,Positive,Positive,4,4,Positive,Positive
7153,Positive,Positive,5,5,Positive,Positive
7154,Positive,Positive,5,5,Positive,Positive
7155,Negative,Negative,1,1,Negative,Negative
7156,Positive,Positive,4,4,Positive,Positive
7157,Neutral,Neutral,4,4,Positive,Positive
7158,Positive,Positive,5,5,Positive,Positive
7159,Negative,Negative,3,3,Neutral,Neutral
7160,Positive,Positive,5,5,Positive,Positive
7161,Negative,Negative,3,3,Neutral,Neutral
7162,Positive,Positive,5,5,Positive,Positive
7163,Negative,Negative,4,4,Positive,Positive
7164,Positive,Negative,1,2,Negative,Negative
7165,Positive,Positive,3,3,Neutral,Neutral
7166,Positive,Positive,4,4,Positive,Positive
7167,Positive,Positive,4,4,Positive,Positive
7168,Positive,Positive,4,4,Positive,Positive
7169,Positive,Positive,4,4,Positive,Positive
7170,Positive,Negative,4,4,Positive,Positive
7171,Positive,Positive,4,4,Positive,Positive
7172,Positive,Positive,3,3,Neutral,Neutral
7173,Positive,Positive,5,5,Positive,Positive
7174,Positive,Positive,4,4,Positive,Positive
7175,Positive,Positive,5,5,Positive,Positive
7176,Positive,Positive,4,4,Positive,Positive
7177,Positive,Positive,4,4,Positive,Positive
7178,Negative,Negative,2,2,Negative,Negative
7179,Neutral,Neutral,1,1,Negative,Negative
7180,Positive,Positive,3,3,Neutral,Neutral
7181,Positive,Positive,4,4,Positive,Positive
7182,Negative,Negative,1,1,Negative,Negative
7183,Neutral,Neutral,3,3,Neutral,Neutral
7184,Positive,Positive,3,3,Neutral,Neutral
7185,Positive,Positive,4,4,Positive,Positive
7186,Positive,Positive,4,4,Positive,Positive
7187,Positive,Positive,4,4,Positive,Positive
7188,Positive,Positive,4,4,Positive,Positive
7189,Positive,Positive,5,5,Positive,Positive
7190,Positive,Positive,4,4,Positive,Positive
7191,Positive,Positive,4,4,Positive,Positive
7192,Negative,Negative,5,5,Positive,Positive
7193,Negative,Negative,4,4,Positive,Positive
7194,Positive,Positive,2,2,Negative,Negative
7195,Positive,Positive,4,4,Positive,Positive
7196,Positive,Positive,5,5,Positive,Positive
7197,Positive,Positive,4,4,Positive,Positive
7198,Positive,Positive,5,5,Positive,Positive
7199,Positive,Positive,4,4,Positive,Positive
7200,Positive,Positive,5,5,Positive,Positive
7201,Negative,Negative,4,4,Positive,Positive
7202,Positive,Positive,4,4,Positive,Positive
7203,Positive,Positive,5,5,Positive,Positive
7204,Negative,Negative,3,3,Neutral,Neutral
7205,Positive,Positive,5,5,Positive,Positive
7206,Positive,Positive,5,5,Positive,Positive
7207,Positive,Positive,4,4,Positive,Positive
7208,Negative,Negative,4,4,Positive,Positive
7209,Negative,Negative,3,3,Neutral,Neutral
7210,Positive,Positive,5,5,Positive,Positive
7211,Negative,Neutral,2,2,Negative,Negative
7212,Positive,Positive,5,5,Positive,Positive
7213,Positive,Positive,4,4,Positive,Positive
7214,Positive,Positive,5,5,Positive,Positive
7215,Positive,Positive,5,5,Positive,Positive
7216,Positive,Positive,4,4,Positive,Positive
7217,Negative,Negative,4,4,Positive,Positive
7218,Negative,Negative,1,1,Negative,Negative
7219,Positive,Positive,5,5,Positive,Positive
7220,Positive,Positive,4,4,Positive,Positive
7221,Positive,Positive,5,5,Positive,Positive
7222,Positive,Positive,4,4,Positive,Positive
7223,Positive,Positive,4,4,Positive,Positive
7224,Positive,Positive,3,3,Neutral,Neutral
7225,Positive,Positive,5,5,Positive,Positive
7226,Neutral,Neutral,2,2,Negative,Negative
7227,Positive,Positive,4,4,Positive,Positive
7228,Positive,Positive,5,5,Positive,Positive
7229,Positive,Positive,5,5,Positive,Positive
7230,Positive,Positive,5,5,Positive,Positive
7231,Positive,Positive,5,5,Positive,Positive
7232,Positive,Positive,3,3,Neutral,Neutral
7233,Positive,Positive,3,3,Neutral,Neutral
7234,Positive,Positive,5,5,Positive,Positive
7235,Positive,Positive,5,5,Positive,Positive
7236,Positive,Positive,5,5,Positive,Positive
7237,Positive,Positive,4,5,Positive,Positive
7238,Positive,Positive,4,4,Positive,Positive
7239,Negative,Negative,3,3,Neutral,Neutral
7240,Neutral,Neutral,4,4,Positive,Positive
7241,Negative,Negative,3,3,Neutral,Neutral
7242,Positive,Positive,5,5,Positive,Positive
7243,Neutral,Neutral,5,5,Positive,Positive
7244,Positive,Positive,4,4,Positive,Positive
7245,Positive,Positive,4,4,Positive,Positive
7246,Positive,Positive,4,4,Positive,Positive
7247,Positive,Positive,2,2,Negative,Negative
7248,Negative,Negative,4,4,Positive,Positive
7249,Positive,Positive,3,3,Neutral,Neutral
7250,Positive,Positive,4,4,Positive,Positive
7251,Positive,Positive,4,4,Positive,Positive
7252,Positive,Positive,4,4,Positive,Positive
7253,Positive,Positive,4,2,Positive,Negative
7254,Positive,Positive,4,4,Positive,Positive
7255,Positive,Positive,4,4,Positive,Positive
7256,Negative,Positive,1,1,Negative,Negative
7257,Positive,Positive,5,5,Positive,Positive
7258,Positive,Positive,4,4,Positive,Positive
7259,Positive,Positive,5,5,Positive,Positive
7260,Positive,Positive,2,2,Negative,Negative
7261,Positive,Negative,3,3,Neutral,Neutral
7262,Positive,Positive,3,3,Neutral,Neutral
7263,Positive,Positive,4,4,Positive,Positive
7264,Positive,Positive,5,5,Positive,Positive
7265,Positive,Positive,5,5,Positive,Positive
7266,Positive,Positive,5,5,Positive,Positive
7267,Positive,Positive,4,4,Positive,Positive
7268,Positive,Positive,3,2,Neutral,Negative
7269,Positive,Positive,4,4,Positive,Positive
7270,Positive,Positive,5,5,Positive,Positive
7271,Negative,Positive,2,2,Negative,Negative
7272,Negative,Positive,4,4,Positive,Positive
7273,Positive,Negative,5,5,Positive,Positive
7274,Negative,Negative,3,3,Neutral,Neutral
7275,Positive,Positive,4,4,Positive,Positive
7276,Positive,Positive,4,5,Positive,Positive
7277,Positive,Positive,4,3,Positive,Neutral
7278,Positive,Positive,2,2,Negative,Negative
7279,Positive,Positive,4,4,Positive,Positive
7280,Positive,Positive,4,4,Positive,Positive
7281,Positive,Positive,3,3,Neutral,Neutral
7282,Neutral,Neutral,5,5,Positive,Positive
7283,Positive,Negative,2,5,Negative,Positive
7284,Positive,Positive,5,5,Positive,Positive
7285,Positive,Positive,4,4,Positive,Positive
7286,Positive,Positive,5,5,Positive,Positive
7287,Positive,Positive,4,4,Positive,Positive
7288,Positive,Positive,5,5,Positive,Positive
7289,Positive,Positive,4,4,Positive,Positive
7290,Positive,Positive,4,4,Positive,Positive
7291,Positive,Positive,5,5,Positive,Positive
7292,Positive,Positive,5,5,Positive,Positive
7293,Positive,Positive,2,4,Negative,Positive
7294,Positive,Positive,4,4,Positive,Positive
7295,Negative,Negative,1,1,Negative,Negative
7296,Positive,Positive,4,4,Positive,Positive
7297,Positive,Positive,2,2,Negative,Negative
7298,Positive,Positive,4,4,Positive,Positive
7299,Positive,Positive,3,3,Neutral,Neutral
7300,Negative,Negative,4,4,Positive,Positive
7301,Positive,Positive,4,4,Positive,Positive
7302,Positive,Positive,5,5,Positive,Positive
7303,Positive,Positive,5,5,Positive,Positive
7304,Positive,Positive,5,5,Positive,Positive
7305,Positive,Positive,4,4,Positive,Positive
7306,Positive,Positive,5,5,Positive,Positive
7307,Positive,Positive,4,4,Positive,Positive
7308,Positive,Positive,5,5,Positive,Positive
7309,Positive,Positive,5,5,Positive,Positive
7310,Positive,Positive,5,1,Positive,Negative
7311,Positive,Positive,5,2,Positive,Negative
7312,Positive,Positive,5,5,Positive,Positive
7313,Positive,Positive,3,3,Neutral,Neutral
7314,Positive,Positive,4,4,Positive,Positive
7315,Positive,Positive,4,4,Positive,Positive
7316,Positive,Positive,5,5,Positive,Positive
7317,Negative,Negative,3,3,Neutral,Neutral
7318,Positive,Positive,3,3,Neutral,Neutral
7319,Positive,Positive,2,2,Negative,Negative
7320,Negative,Negative,2,2,Negative,Negative
7321,Positive,Positive,2,2,Negative,Negative
7322,Positive,Positive,4,4,Positive,Positive
7323,Positive,Positive,2,2,Negative,Negative
7324,Positive,Positive,4,4,Positive,Positive
7325,Positive,Positive,5,5,Positive,Positive
7326,Positive,Positive,3,3,Neutral,Neutral
7327,Positive,Positive,4,4,Positive,Positive
7328,Positive,Positive,5,5,Positive,Positive
7329,Neutral,Neutral,5,5,Positive,Positive
7330,Positive,Positive,5,5,Positive,Positive
7331,Positive,Positive,2,2,Negative,Negative
7332,Positive,Positive,5,5,Positive,Positive
7333,Neutral,Neutral,5,5,Positive,Positive
7334,Positive,Positive,4,4,Positive,Positive
7335,Positive,Positive,5,5,Positive,Positive
7336,Positive,Positive,5,5,Positive,Positive
7337,Positive,Positive,4,4,Positive,Positive
7338,Negative,Negative,1,1,Negative,Negative
7339,Positive,Positive,4,4,Positive,Positive
7340,Positive,Positive,2,2,Negative,Negative
7341,Positive,Positive,4,4,Positive,Positive
7342,Positive,Positive,5,5,Positive,Positive
7343,Positive,Positive,4,4,Positive,Positive
7344,Positive,Positive,2,2,Negative,Negative
7345,Negative,Negative,2,2,Negative,Negative
7346,Positive,Positive,5,5,Positive,Positive
7347,Negative,Negative,3,3,Neutral,Neutral
7348,Negative,Negative,5,5,Positive,Positive
7349,Negative,Negative,4,4,Positive,Positive
7350,Positive,Positive,4,4,Positive,Positive
7351,Neutral,Neutral,1,1,Negative,Negative
7352,Positive,Positive,5,5,Positive,Positive
7353,Neutral,Neutral,5,5,Positive,Positive
7354,Neutral,Neutral,4,4,Positive,Positive
7355,Positive,Positive,4,4,Positive,Positive
7356,Positive,Positive,5,5,Positive,Positive
7357,Positive,Positive,5,5,Positive,Positive
7358,Positive,Positive,4,4,Positive,Positive
7359,Positive,Positive,4,3,Positive,Neutral
7360,Positive,Positive,5,5,Positive,Positive
7361,Positive,Positive,5,4,Positive,Positive
7362,Positive,Positive,4,4,Positive,Positive
7363,Negative,Negative,2,2,Negative,Negative
7364,Positive,Positive,3,3,Neutral,Neutral
7365,Positive,Positive,5,5,Positive,Positive
7366,Negative,Negative,3,3,Neutral,Neutral
7367,Positive,Positive,3,3,Neutral,Neutral
7368,Neutral,Neutral,5,5,Positive,Positive
7369,Positive,Positive,4,4,Positive,Positive
7370,Positive,Positive,5,5,Positive,Positive
7371,Positive,Positive,4,4,Positive,Positive
7372,Positive,Positive,5,5,Positive,Positive
7373,Positive,Positive,4,4,Positive,Positive
7374,Positive,Positive,4,4,Positive,Positive
7375,Positive,Positive,5,5,Positive,Positive
7376,Positive,Positive,5,5,Positive,Positive
7377,Positive,Positive,5,5,Positive,Positive
7378,Positive,Positive,3,3,Neutral,Neutral
7379,Positive,Positive,4,4,Positive,Positive
7380,Positive,Positive,5,4,Positive,Positive
7381,Positive,Positive,5,5,Positive,Positive
7382,Positive,Positive,2,2,Negative,Negative
7383,Positive,Positive,5,5,Positive,Positive
7384,Positive,Positive,4,4,Positive,Positive
7385,Neutral,Neutral,5,5,Positive,Positive
7386,Positive,Negative,4,4,Positive,Positive
7387,Positive,Positive,2,2,Negative,Negative
7388,Negative,Negative,2,2,Negative,Negative
7389,Negative,Negative,2,2,Negative,Negative
7390,Positive,Positive,3,3,Neutral,Neutral
7391,Positive,Positive,1,1,Negative,Negative
7392,Positive,Positive,4,5,Positive,Positive
7393,Positive,Positive,5,4,Positive,Positive
7394,Positive,Positive,4,4,Positive,Positive
7395,Neutral,Neutral,4,4,Positive,Positive
7396,Positive,Positive,4,4,Positive,Positive
7397,Positive,Positive,2,5,Negative,Positive
7398,Positive,Positive,5,5,Positive,Positive
7399,Positive,Positive,5,5,Positive,Positive
7400,Positive,Positive,2,2,Negative,Negative
7401,Positive,Positive,5,2,Positive,Negative
7402,Positive,Positive,5,5,Positive,Positive
7403,Positive,Positive,4,4,Positive,Positive
7404,Positive,Positive,5,5,Positive,Positive
7405,Positive,Positive,5,5,Positive,Positive
7406,Negative,Negative,1,1,Negative,Negative
7407,Positive,Positive,5,5,Positive,Positive
7408,Neutral,Neutral,5,5,Positive,Positive
7409,Positive,Positive,5,5,Positive,Positive
7410,Negative,Negative,2,2,Negative,Negative
7411,Positive,Positive,4,4,Positive,Positive
7412,Positive,Positive,3,3,Neutral,Neutral
7413,Positive,Positive,4,4,Positive,Positive
7414,Positive,Positive,2,2,Negative,Negative
7415,Positive,Positive,4,4,Positive,Positive
7416,Positive,Positive,4,4,Positive,Positive
7417,Positive,Positive,5,5,Positive,Positive
7418,Positive,Positive,1,1,Negative,Negative
7419,Positive,Positive,4,4,Positive,Positive
7420,Positive,Positive,4,4,Positive,Positive
7421,Positive,Positive,5,5,Positive,Positive
7422,Positive,Positive,4,4,Positive,Positive
7423,Negative,Negative,4,4,Positive,Positive
7424,Positive,Positive,5,5,Positive,Positive
7425,Positive,Positive,2,2,Negative,Negative
7426,Positive,Positive,5,2,Positive,Negative
7427,Positive,Positive,2,2,Negative,Negative
7428,Positive,Positive,4,4,Positive,Positive
7429,Positive,Positive,4,4,Positive,Positive
7430,Positive,Positive,2,2,Negative,Negative
7431,Positive,Positive,2,3,Negative,Neutral
7432,Positive,Positive,5,5,Positive,Positive
7433,Positive,Positive,4,4,Positive,Positive
7434,Positive,Positive,5,5,Positive,Positive
7435,Positive,Negative,3,3,Neutral,Neutral
7436,Neutral,Neutral,5,5,Positive,Positive
7437,Positive,Positive,4,4,Positive,Positive
7438,Positive,Positive,4,5,Positive,Positive
7439,Negative,Negative,4,4,Positive,Positive
7440,Positive,Positive,5,5,Positive,Positive
7441,Negative,Negative,4,4,Positive,Positive
7442,Positive,Positive,4,4,Positive,Positive
7443,Positive,Positive,4,4,Positive,Positive
7444,Negative,Positive,1,1,Negative,Negative
7445,Positive,Positive,4,4,Positive,Positive
7446,Positive,Positive,1,1,Negative,Negative
7447,Positive,Positive,4,4,Positive,Positive
7448,Positive,Positive,5,5,Positive,Positive
7449,Neutral,Neutral,2,2,Negative,Negative
7450,Positive,Positive,4,4,Positive,Positive
7451,Positive,Positive,5,5,Positive,Positive
7452,Positive,Positive,2,2,Negative,Negative
7453,Positive,Positive,2,2,Negative,Negative
7454,Positive,Negative,5,5,Positive,Positive
7455,Positive,Positive,4,4,Positive,Positive
7456,Positive,Positive,3,3,Neutral,Neutral
7457,Positive,Positive,4,3,Positive,Neutral
7458,Positive,Positive,4,4,Positive,Positive
7459,Positive,Positive,4,4,Positive,Positive
7460,Positive,Positive,3,3,Neutral,Neutral
7461,Negative,Negative,1,1,Negative,Negative
7462,Positive,Positive,4,4,Positive,Positive
7463,Positive,Positive,4,4,Positive,Positive
7464,Positive,Positive,5,5,Positive,Positive
7465,Negative,Negative,3,3,Neutral,Neutral
7466,Negative,Negative,5,5,Positive,Positive
7467,Negative,Negative,5,1,Positive,Negative
7468,Negative,Positive,5,5,Positive,Positive
7469,Positive,Positive,5,5,Positive,Positive
7470,Negative,Negative,4,4,Positive,Positive
7471,Positive,Positive,3,3,Neutral,Neutral
7472,Positive,Positive,3,3,Neutral,Neutral
7473,Positive,Positive,1,2,Negative,Negative
7474,Positive,Positive,5,5,Positive,Positive
7475,Positive,Positive,4,4,Positive,Positive
7476,Positive,Positive,4,4,Positive,Positive
7477,Positive,Positive,4,4,Positive,Positive
7478,Positive,Positive,5,5,Positive,Positive
7479,Positive,Positive,4,4,Positive,Positive
7480,Positive,Positive,4,5,Positive,Positive
7481,Positive,Positive,3,3,Neutral,Neutral
7482,Neutral,Neutral,4,4,Positive,Positive
7483,Positive,Positive,4,4,Positive,Positive
7484,Neutral,Neutral,4,4,Positive,Positive
7485,Positive,Positive,4,4,Positive,Positive
7486,Negative,Negative,3,3,Neutral,Neutral
7487,Positive,Positive,4,4,Positive,Positive
7488,Positive,Positive,1,1,Negative,Negative
7489,Positive,Positive,5,5,Positive,Positive
7490,Neutral,Neutral,5,5,Positive,Positive
7491,Positive,Positive,4,4,Positive,Positive
7492,Negative,Negative,4,4,Positive,Positive
7493,Positive,Positive,4,4,Positive,Positive
7494,Positive,Positive,4,4,Positive,Positive
7495,Positive,Positive,5,5,Positive,Positive
7496,Negative,Negative,2,2,Negative,Negative
7497,Positive,Positive,5,5,Positive,Positive
7498,Positive,Positive,5,5,Positive,Positive
7499,Negative,Negative,2,2,Negative,Negative
7500,Positive,Positive,3,3,Neutral,Neutral
7501,Positive,Positive,5,5,Positive,Positive
7502,Positive,Positive,1,2,Negative,Negative
7503,Positive,Positive,5,5,Positive,Positive
7504,Negative,Negative,1,1,Negative,Negative
7505,Negative,Negative,5,5,Positive,Positive
7506,Positive,Positive,4,4,Positive,Positive
7507,Negative,Negative,2,3,Negative,Neutral
7508,Positive,Positive,5,5,Positive,Positive
7509,Positive,Positive,5,5,Positive,Positive
7510,Positive,Positive,2,2,Negative,Negative
7511,Positive,Positive,4,4,Positive,Positive
7512,Negative,Negative,3,3,Neutral,Neutral
7513,Positive,Positive,4,4,Positive,Positive
7514,Positive,Positive,4,4,Positive,Positive
7515,Positive,Negative,4,4,Positive,Positive
7516,Positive,Positive,5,5,Positive,Positive
7517,Neutral,Neutral,3,3,Neutral,Neutral
7518,Positive,Negative,5,2,Positive,Negative
7519,Positive,Positive,5,5,Positive,Positive
7520,Positive,Positive,5,5,Positive,Positive
7521,Negative,Negative,2,2,Negative,Negative
7522,Positive,Positive,5,5,Positive,Positive
7523,Positive,Negative,3,3,Neutral,Neutral
7524,Positive,Positive,5,5,Positive,Positive
7525,Positive,Positive,1,1,Negative,Negative
7526,Positive,Positive,5,5,Positive,Positive
7527,Positive,Positive,5,5,Positive,Positive
7528,Positive,Positive,5,5,Positive,Positive
7529,Positive,Positive,5,5,Positive,Positive
7530,Positive,Positive,4,4,Positive,Positive
7531,Negative,Negative,2,2,Negative,Negative
7532,Positive,Positive,3,3,Neutral,Neutral
7533,Positive,Positive,5,5,Positive,Positive
7534,Positive,Positive,5,5,Positive,Positive
7535,Neutral,Neutral,3,3,Neutral,Neutral
7536,Positive,Positive,5,5,Positive,Positive
7537,Positive,Positive,2,2,Negative,Negative
7538,Positive,Positive,4,4,Positive,Positive
7539,Positive,Positive,5,5,Positive,Positive
7540,Negative,Negative,2,2,Negative,Negative
7541,Positive,Negative,5,5,Positive,Positive
7542,Positive,Positive,4,4,Positive,Positive
7543,Positive,Positive,4,4,Positive,Positive
7544,Negative,Positive,2,3,Negative,Neutral
7545,Neutral,Neutral,5,5,Positive,Positive
7546,Positive,Positive,5,5,Positive,Positive
7547,Positive,Positive,5,5,Positive,Positive
7548,Positive,Positive,5,5,Positive,Positive
7549,Negative,Negative,2,2,Negative,Negative
7550,Negative,Negative,1,1,Negative,Negative
7551,Positive,Positive,5,5,Positive,Positive
7552,Positive,Positive,4,4,Positive,Positive
7553,Positive,Positive,3,3,Neutral,Neutral
7554,Positive,Positive,5,5,Positive,Positive
7555,Positive,Positive,5,5,Positive,Positive
7556,Positive,Positive,4,4,Positive,Positive
7557,Negative,Negative,3,3,Neutral,Neutral
7558,Neutral,Neutral,5,5,Positive,Positive
7559,Positive,Positive,4,4,Positive,Positive
7560,Positive,Positive,2,2,Negative,Negative
7561,Positive,Positive,5,5,Positive,Positive
7562,Positive,Negative,4,2,Positive,Negative
7563,Positive,Positive,4,4,Positive,Positive
7564,Positive,Positive,4,4,Positive,Positive
7565,Positive,Positive,5,5,Positive,Positive
7566,Positive,Positive,5,5,Positive,Positive
7567,Neutral,Neutral,3,3,Neutral,Neutral
7568,Positive,Positive,5,5,Positive,Positive
7569,Positive,Positive,5,5,Positive,Positive
7570,Positive,Positive,5,5,Positive,Positive
7571,Positive,Positive,4,4,Positive,Positive
7572,Positive,Positive,4,4,Positive,Positive
7573,Positive,Positive,4,4,Positive,Positive
7574,Positive,Positive,4,4,Positive,Positive
7575,Positive,Positive,5,1,Positive,Negative
7576,Positive,Positive,2,2,Negative,Negative
7577,Positive,Positive,4,4,Positive,Positive
7578,Positive,Positive,5,5,Positive,Positive
7579,Positive,Positive,1,1,Negative,Negative
7580,Negative,Negative,4,4,Positive,Positive
7581,Positive,Positive,5,5,Positive,Positive
7582,Negative,Negative,2,2,Negative,Negative
7583,Negative,Negative,2,2,Negative,Negative
7584,Positive,Positive,3,3,Neutral,Neutral
7585,Negative,Negative,4,4,Positive,Positive
7586,Negative,Negative,1,1,Negative,Negative
7587,Negative,Negative,2,3,Negative,Neutral
7588,Positive,Positive,4,4,Positive,Positive
7589,Positive,Positive,4,4,Positive,Positive
7590,Positive,Positive,3,3,Neutral,Neutral
7591,Negative,Negative,4,4,Positive,Positive
7592,Positive,Positive,3,3,Neutral,Neutral
7593,Positive,Positive,5,5,Positive,Positive
7594,Positive,Positive,4,4,Positive,Positive
7595,Positive,Positive,4,4,Positive,Positive
7596,Positive,Positive,5,5,Positive,Positive
7597,Positive,Positive,4,4,Positive,Positive
7598,Positive,Positive,4,4,Positive,Positive
7599,Positive,Positive,5,5,Positive,Positive
7600,Positive,Positive,5,5,Positive,Positive
7601,Positive,Positive,5,5,Positive,Positive
7602,Positive,Positive,5,5,Positive,Positive
7603,Negative,Negative,2,2,Negative,Negative
7604,Positive,Positive,5,5,Positive,Positive
7605,Positive,Positive,1,1,Negative,Negative
7606,Positive,Positive,5,5,Positive,Positive
7607,Positive,Positive,5,5,Positive,Positive
7608,Positive,Positive,5,5,Positive,Positive
7609,Positive,Positive,3,3,Neutral,Neutral
7610,Positive,Positive,4,4,Positive,Positive
7611,Positive,Positive,5,5,Positive,Positive
7612,Positive,Positive,5,5,Positive,Positive
7613,Positive,Positive,5,5,Positive,Positive
7614,Positive,Positive,5,5,Positive,Positive
7615,Positive,Positive,4,4,Positive,Positive
7616,Negative,Negative,3,3,Neutral,Neutral
7617,Positive,Positive,4,4,Positive,Positive
7618,Positive,Positive,5,5,Positive,Positive
7619,Positive,Positive,4,4,Positive,Positive
7620,Positive,Positive,5,5,Positive,Positive
7621,Positive,Positive,5,5,Positive,Positive
7622,Positive,Positive,5,5,Positive,Positive
7623,Positive,Positive,5,5,Positive,Positive
7624,Positive,Positive,2,2,Negative,Negative
7625,Positive,Positive,4,4,Positive,Positive
7626,Neutral,Neutral,4,4,Positive,Positive
7627,Positive,Positive,4,4,Positive,Positive
7628,Positive,Negative,4,4,Positive,Positive
7629,Negative,Positive,1,1,Negative,Negative
7630,Negative,Negative,4,4,Positive,Positive
7631,Positive,Positive,3,3,Neutral,Neutral
7632,Negative,Negative,1,1,Negative,Negative
7633,Positive,Positive,2,2,Negative,Negative
7634,Positive,Positive,4,4,Positive,Positive
7635,Positive,Positive,4,4,Positive,Positive
7636,Neutral,Neutral,1,1,Negative,Negative
7637,Positive,Positive,3,3,Neutral,Neutral
7638,Neutral,Neutral,5,5,Positive,Positive
7639,Negative,Negative,2,2,Negative,Negative
7640,Negative,Positive,2,2,Negative,Negative
7641,Positive,Positive,5,5,Positive,Positive
7642,Positive,Positive,4,4,Positive,Positive
7643,Negative,Negative,5,5,Positive,Positive
7644,Positive,Positive,5,5,Positive,Positive
7645,Positive,Positive,4,4,Positive,Positive
7646,Positive,Positive,5,5,Positive,Positive
7647,Positive,Positive,5,5,Positive,Positive
7648,Positive,Positive,3,3,Neutral,Neutral
7649,Positive,Positive,3,3,Neutral,Neutral
7650,Positive,Positive,4,4,Positive,Positive
7651,Positive,Positive,5,5,Positive,Positive
7652,Positive,Positive,2,2,Negative,Negative
7653,Positive,Positive,5,5,Positive,Positive
7654,Positive,Positive,5,5,Positive,Positive
7655,Neutral,Neutral,2,2,Negative,Negative
7656,Positive,Positive,1,1,Negative,Negative
7657,Negative,Negative,4,4,Positive,Positive
7658,Positive,Positive,5,5,Positive,Positive
7659,Positive,Positive,5,5,Positive,Positive
7660,Positive,Positive,4,4,Positive,Positive
7661,Negative,Negative,3,3,Neutral,Neutral
7662,Positive,Positive,2,2,Negative,Negative
7663,Positive,Positive,4,4,Positive,Positive
7664,Positive,Positive,4,4,Positive,Positive
7665,Positive,Positive,4,4,Positive,Positive
7666,Positive,Positive,4,4,Positive,Positive
7667,Positive,Positive,5,5,Positive,Positive
7668,Negative,Negative,4,4,Positive,Positive
7669,Positive,Positive,4,4,Positive,Positive
7670,Positive,Positive,4,4,Positive,Positive
7671,Positive,Positive,5,5,Positive,Positive
7672,Positive,Positive,4,4,Positive,Positive
7673,Positive,Positive,5,5,Positive,Positive
7674,Positive,Positive,5,5,Positive,Positive
7675,Positive,Positive,4,4,Positive,Positive
7676,Positive,Positive,4,4,Positive,Positive
7677,Positive,Positive,5,5,Positive,Positive
7678,Neutral,Neutral,3,3,Neutral,Neutral
7679,Negative,Negative,2,2,Negative,Negative
7680,Positive,Positive,5,4,Positive,Positive
7681,Positive,Negative,2,2,Negative,Negative
7682,Positive,Positive,5,5,Positive,Positive
7683,Positive,Positive,5,5,Positive,Positive
7684,Positive,Positive,3,3,Neutral,Neutral
7685,Positive,Positive,5,4,Positive,Positive
7686,Positive,Positive,5,5,Positive,Positive
7687,Positive,Positive,4,4,Positive,Positive
7688,Positive,Positive,5,5,Positive,Positive
7689,Positive,Positive,4,4,Positive,Positive
7690,Positive,Positive,5,5,Positive,Positive
7691,Positive,Positive,4,4,Positive,Positive
7692,Positive,Positive,5,5,Positive,Positive
7693,Positive,Positive,4,4,Positive,Positive
7694,Positive,Positive,4,5,Positive,Positive
7695,Positive,Positive,4,3,Positive,Neutral
7696,Positive,Positive,4,4,Positive,Positive
7697,Negative,Negative,2,2,Negative,Negative
7698,Positive,Positive,5,5,Positive,Positive
7699,Negative,Negative,2,2,Negative,Negative
7700,Positive,Positive,5,5,Positive,Positive
7701,Positive,Positive,5,5,Positive,Positive
7702,Positive,Positive,4,4,Positive,Positive
7703,Negative,Negative,1,1,Negative,Negative
7704,Negative,Negative,4,4,Positive,Positive
7705,Positive,Positive,5,5,Positive,Positive
7706,Positive,Positive,5,5,Positive,Positive
7707,Negative,Negative,3,3,Neutral,Neutral
7708,Positive,Positive,4,4,Positive,Positive
7709,Positive,Positive,3,3,Neutral,Neutral
7710,Positive,Positive,4,4,Positive,Positive
7711,Positive,Positive,1,1,Negative,Negative
7712,Positive,Positive,5,5,Positive,Positive
7713,Positive,Positive,3,3,Neutral,Neutral
7714,Positive,Positive,4,4,Positive,Positive
7715,Positive,Positive,5,5,Positive,Positive
7716,Positive,Positive,4,4,Positive,Positive
7717,Negative,Negative,3,3,Neutral,Neutral
7718,Positive,Positive,5,5,Positive,Positive
7719,Positive,Positive,4,4,Positive,Positive
7720,Positive,Positive,3,3,Neutral,Neutral
7721,Positive,Positive,1,1,Negative,Negative
7722,Positive,Positive,4,4,Positive,Positive
7723,Positive,Positive,2,2,Negative,Negative
7724,Positive,Positive,5,5,Positive,Positive
7725,Positive,Positive,5,5,Positive,Positive
7726,Negative,Negative,1,1,Negative,Negative
7727,Positive,Positive,2,2,Negative,Negative
7728,Positive,Positive,5,5,Positive,Positive
7729,Positive,Negative,2,2,Negative,Negative
7730,Positive,Positive,5,5,Positive,Positive
7731,Positive,Positive,4,4,Positive,Positive
7732,Positive,Positive,4,4,Positive,Positive
7733,Positive,Positive,4,4,Positive,Positive
7734,Positive,Positive,3,3,Neutral,Neutral
7735,Negative,Negative,1,1,Negative,Negative
7736,Positive,Positive,4,4,Positive,Positive
7737,Negative,Negative,4,4,Positive,Positive
7738,Negative,Negative,4,4,Positive,Positive
7739,Positive,Positive,3,3,Neutral,Neutral
7740,Negative,Positive,2,3,Negative,Neutral
7741,Positive,Positive,5,5,Positive,Positive
7742,Negative,Negative,4,1,Positive,Negative
7743,Positive,Positive,5,2,Positive,Negative
7744,Positive,Negative,2,2,Negative,Negative
7745,Positive,Positive,5,5,Positive,Positive
7746,Negative,Negative,2,2,Negative,Negative
7747,Positive,Positive,4,4,Positive,Positive
7748,Positive,Positive,5,5,Positive,Positive
7749,Positive,Positive,4,4,Positive,Positive
7750,Positive,Positive,3,3,Neutral,Neutral
7751,Positive,Positive,4,4,Positive,Positive
7752,Positive,Positive,3,3,Neutral,Neutral
7753,Positive,Positive,4,5,Positive,Positive
7754,Positive,Positive,3,3,Neutral,Neutral
7755,Negative,Negative,1,1,Negative,Negative
7756,Positive,Neutral,4,4,Positive,Positive
7757,Positive,Positive,4,4,Positive,Positive
7758,Positive,Positive,5,5,Positive,Positive
7759,Positive,Negative,4,1,Positive,Negative
7760,Positive,Positive,5,5,Positive,Positive
7761,Negative,Negative,3,4,Neutral,Positive
7762,Positive,Positive,5,5,Positive,Positive
7763,Positive,Positive,4,3,Positive,Neutral
7764,Positive,Positive,2,3,Negative,Neutral
7765,Positive,Positive,2,2,Negative,Negative
7766,Positive,Positive,5,5,Positive,Positive
7767,Positive,Positive,4,4,Positive,Positive
7768,Negative,Negative,1,1,Negative,Negative
7769,Positive,Positive,4,4,Positive,Positive
7770,Positive,Positive,4,4,Positive,Positive
7771,Positive,Positive,4,4,Positive,Positive
7772,Positive,Positive,1,1,Negative,Negative
7773,Positive,Positive,5,5,Positive,Positive
7774,Positive,Positive,5,5,Positive,Positive
7775,Positive,Positive,5,5,Positive,Positive
7776,Positive,Positive,3,3,Neutral,Neutral
7777,Positive,Positive,3,3,Neutral,Neutral
7778,Positive,Positive,5,5,Positive,Positive
7779,Negative,Negative,2,2,Negative,Negative
7780,Positive,Positive,5,5,Positive,Positive
7781,Neutral,Neutral,5,5,Positive,Positive
7782,Positive,Positive,4,4,Positive,Positive
7783,Negative,Positive,5,5,Positive,Positive
7784,Negative,Negative,1,1,Negative,Negative
7785,Positive,Positive,4,4,Positive,Positive
7786,Positive,Positive,3,3,Neutral,Neutral
7787,Positive,Positive,3,3,Neutral,Neutral
7788,Positive,Positive,4,4,Positive,Positive
7789,Positive,Positive,5,5,Positive,Positive
7790,Negative,Negative,2,2,Negative,Negative
7791,Negative,Negative,2,2,Negative,Negative
7792,Negative,Negative,1,1,Negative,Negative
7793,Positive,Positive,5,5,Positive,Positive
7794,Positive,Positive,3,3,Neutral,Neutral
7795,Positive,Positive,5,5,Positive,Positive
7796,Positive,Positive,4,4,Positive,Positive
7797,Positive,Positive,5,5,Positive,Positive
7798,Positive,Positive,5,5,Positive,Positive
7799,Positive,Positive,4,3,Positive,Neutral
7800,Positive,Positive,5,5,Positive,Positive
7801,Positive,Positive,3,3,Neutral,Neutral
7802,Positive,Positive,4,4,Positive,Positive
7803,Negative,Negative,4,4,Positive,Positive
7804,Positive,Positive,5,5,Positive,Positive
7805,Positive,Positive,5,5,Positive,Positive
7806,Positive,Positive,4,4,Positive,Positive
7807,Positive,Positive,3,3,Neutral,Neutral
7808,Negative,Negative,4,4,Positive,Positive
7809,Positive,Positive,4,4,Positive,Positive
7810,Positive,Positive,4,4,Positive,Positive
7811,Positive,Positive,5,5,Positive,Positive
7812,Positive,Positive,5,5,Positive,Positive
7813,Positive,Positive,4,4,Positive,Positive
7814,Positive,Positive,4,4,Positive,Positive
7815,Positive,Positive,5,5,Positive,Positive
7816,Positive,Positive,1,1,Negative,Negative
7817,Neutral,Neutral,5,5,Positive,Positive
7818,Positive,Positive,2,2,Negative,Negative
7819,Positive,Positive,4,4,Positive,Positive
7820,Positive,Positive,5,5,Positive,Positive
7821,Positive,Positive,5,5,Positive,Positive
7822,Positive,Positive,5,5,Positive,Positive
7823,Negative,Negative,2,2,Negative,Negative
7824,Positive,Positive,4,4,Positive,Positive
7825,Positive,Positive,5,5,Positive,Positive
7826,Negative,Negative,4,4,Positive,Positive
7827,Positive,Positive,5,5,Positive,Positive
7828,Positive,Positive,4,4,Positive,Positive
7829,Positive,Positive,5,5,Positive,Positive
7830,Positive,Positive,5,5,Positive,Positive
7831,Positive,Positive,4,4,Positive,Positive
7832,Positive,Positive,4,4,Positive,Positive
7833,Positive,Positive,5,4,Positive,Positive
7834,Negative,Negative,1,1,Negative,Negative
7835,Positive,Positive,4,4,Positive,Positive
7836,Positive,Positive,5,5,Positive,Positive
7837,Positive,Positive,3,3,Neutral,Neutral
7838,Positive,Positive,5,5,Positive,Positive
7839,Positive,Positive,3,3,Neutral,Neutral
7840,Positive,Positive,4,3,Positive,Neutral
7841,Positive,Positive,5,5,Positive,Positive
7842,Positive,Positive,4,4,Positive,Positive
7843,Negative,Negative,3,3,Neutral,Neutral
7844,Positive,Positive,1,1,Negative,Negative
7845,Positive,Positive,3,3,Neutral,Neutral
7846,Positive,Positive,3,3,Neutral,Neutral
7847,Positive,Positive,3,3,Neutral,Neutral
7848,Neutral,Neutral,5,5,Positive,Positive
7849,Positive,Positive,3,3,Neutral,Neutral
7850,Negative,Positive,4,4,Positive,Positive
7851,Positive,Positive,5,5,Positive,Positive
7852,Positive,Positive,3,3,Neutral,Neutral
7853,Negative,Negative,1,1,Negative,Negative
7854,Positive,Positive,4,4,Positive,Positive
7855,Positive,Positive,5,5,Positive,Positive
7856,Positive,Positive,4,4,Positive,Positive
7857,Neutral,Neutral,5,5,Positive,Positive
7858,Negative,Positive,3,2,Neutral,Negative
7859,Positive,Positive,5,5,Positive,Positive
7860,Positive,Positive,4,4,Positive,Positive
7861,Positive,Positive,4,4,Positive,Positive
7862,Positive,Positive,4,4,Positive,Positive
7863,Positive,Positive,4,4,Positive,Positive
7864,Positive,Positive,4,4,Positive,Positive
7865,Positive,Positive,4,4,Positive,Positive
7866,Positive,Positive,2,2,Negative,Negative
7867,Positive,Positive,4,4,Positive,Positive
7868,Negative,Negative,3,3,Neutral,Neutral
7869,Positive,Positive,5,5,Positive,Positive
7870,Positive,Positive,5,5,Positive,Positive
7871,Positive,Positive,4,4,Positive,Positive
7872,Positive,Positive,4,4,Positive,Positive
7873,Positive,Positive,4,4,Positive,Positive
7874,Negative,Negative,4,4,Positive,Positive
7875,Negative,Negative,2,2,Negative,Negative
7876,Positive,Positive,4,4,Positive,Positive
7877,Negative,Negative,1,1,Negative,Negative
7878,Positive,Positive,4,3,Positive,Neutral
7879,Positive,Positive,5,5,Positive,Positive
7880,Positive,Positive,5,5,Positive,Positive
7881,Positive,Positive,4,3,Positive,Neutral
7882,Positive,Positive,5,5,Positive,Positive
7883,Positive,Positive,5,5,Positive,Positive
7884,Positive,Positive,3,3,Neutral,Neutral
7885,Positive,Positive,4,4,Positive,Positive
7886,Positive,Positive,3,3,Neutral,Neutral
7887,Negative,Negative,4,4,Positive,Positive
7888,Positive,Positive,4,4,Positive,Positive
7889,Positive,Positive,5,5,Positive,Positive
7890,Positive,Positive,4,4,Positive,Positive
7891,Positive,Positive,4,4,Positive,Positive
7892,Positive,Positive,4,4,Positive,Positive
7893,Positive,Positive,5,5,Positive,Positive
7894,Positive,Positive,5,5,Positive,Positive
7895,Positive,Positive,4,4,Positive,Positive
7896,Positive,Positive,5,5,Positive,Positive
7897,Positive,Positive,5,5,Positive,Positive
7898,Positive,Positive,3,3,Neutral,Neutral
7899,Negative,Negative,3,3,Neutral,Neutral
7900,Positive,Positive,5,5,Positive,Positive
7901,Positive,Negative,2,1,Negative,Negative
7902,Positive,Positive,4,4,Positive,Positive
7903,Positive,Positive,4,4,Positive,Positive
7904,Positive,Positive,4,4,Positive,Positive
7905,Positive,Positive,3,3,Neutral,Neutral
7906,Positive,Positive,5,5,Positive,Positive
7907,Negative,Negative,1,1,Negative,Negative
7908,Positive,Positive,5,5,Positive,Positive
7909,Negative,Negative,1,1,Negative,Negative
7910,Positive,Positive,4,4,Positive,Positive
7911,Positive,Positive,1,1,Negative,Negative
7912,Positive,Positive,4,4,Positive,Positive
7913,Positive,Positive,4,4,Positive,Positive
7914,Positive,Positive,5,5,Positive,Positive
7915,Positive,Positive,5,5,Positive,Positive
7916,Positive,Positive,3,3,Neutral,Neutral
7917,Positive,Positive,4,4,Positive,Positive
7918,Positive,Positive,3,3,Neutral,Neutral
7919,Positive,Positive,5,5,Positive,Positive
7920,Positive,Negative,3,2,Neutral,Negative
7921,Positive,Positive,5,5,Positive,Positive
7922,Negative,Negative,1,1,Negative,Negative
7923,Positive,Positive,1,1,Negative,Negative
7924,Positive,Positive,4,4,Positive,Positive
7925,Positive,Positive,4,4,Positive,Positive
7926,Negative,Negative,2,2,Negative,Negative
7927,Positive,Positive,4,4,Positive,Positive
7928,Neutral,Neutral,3,3,Neutral,Neutral
7929,Positive,Positive,5,5,Positive,Positive
7930,Positive,Positive,4,4,Positive,Positive
7931,Positive,Positive,4,4,Positive,Positive
7932,Positive,Positive,5,5,Positive,Positive
7933,Positive,Positive,4,4,Positive,Positive
7934,Positive,Positive,5,5,Positive,Positive
7935,Positive,Positive,5,5,Positive,Positive
7936,Positive,Positive,4,3,Positive,Neutral
7937,Positive,Positive,5,5,Positive,Positive
7938,Positive,Positive,4,4,Positive,Positive
7939,Positive,Negative,5,5,Positive,Positive
7940,Negative,Negative,2,2,Negative,Negative
7941,Negative,Negative,5,5,Positive,Positive
7942,Positive,Positive,5,5,Positive,Positive
7943,Positive,Positive,5,5,Positive,Positive
7944,Positive,Positive,5,5,Positive,Positive
7945,Negative,Negative,3,3,Neutral,Neutral
7946,Positive,Positive,3,3,Neutral,Neutral
7947,Positive,Positive,3,3,Neutral,Neutral
7948,Positive,Positive,5,5,Positive,Positive
7949,Negative,Negative,4,4,Positive,Positive
7950,Positive,Positive,4,4,Positive,Positive
7951,Neutral,Neutral,5,5,Positive,Positive
7952,Positive,Positive,4,4,Positive,Positive
7953,Positive,Positive,4,4,Positive,Positive
7954,Negative,Negative,1,1,Negative,Negative
7955,Positive,Positive,5,5,Positive,Positive
7956,Negative,Positive,2,4,Negative,Positive
7957,Negative,Negative,2,2,Negative,Negative
7958,Negative,Negative,2,2,Negative,Negative
7959,Positive,Positive,2,2,Negative,Negative
7960,Positive,Negative,3,3,Neutral,Neutral
7961,Negative,Negative,2,2,Negative,Negative
7962,Positive,Positive,5,5,Positive,Positive
7963,Neutral,Negative,3,3,Neutral,Neutral
7964,Positive,Negative,4,4,Positive,Positive
7965,Positive,Positive,4,4,Positive,Positive
7966,Positive,Positive,4,4,Positive,Positive
7967,Positive,Positive,4,4,Positive,Positive
7968,Positive,Positive,5,5,Positive,Positive
7969,Positive,Positive,5,5,Positive,Positive
7970,Positive,Positive,3,3,Neutral,Neutral
7971,Positive,Positive,3,3,Neutral,Neutral
7972,Positive,Positive,5,5,Positive,Positive
7973,Positive,Positive,5,5,Positive,Positive
7974,Positive,Positive,4,4,Positive,Positive
7975,Positive,Positive,5,5,Positive,Positive
7976,Positive,Positive,5,5,Positive,Positive
7977,Negative,Negative,1,1,Negative,Negative
7978,Positive,Positive,5,5,Positive,Positive
7979,Positive,Positive,5,5,Positive,Positive
7980,Negative,Negative,3,3,Neutral,Neutral
7981,Positive,Positive,5,5,Positive,Positive
7982,Neutral,Neutral,3,3,Neutral,Neutral
7983,Positive,Positive,4,4,Positive,Positive
7984,Positive,Positive,5,5,Positive,Positive
7985,Positive,Positive,4,4,Positive,Positive
7986,Positive,Positive,5,5,Positive,Positive
7987,Negative,Negative,5,5,Positive,Positive
7988,Positive,Positive,1,1,Negative,Negative
7989,Positive,Positive,5,5,Positive,Positive
7990,Negative,Negative,1,1,Negative,Negative
7991,Positive,Positive,3,3,Neutral,Neutral
7992,Positive,Positive,4,4,Positive,Positive
7993,Positive,Positive,4,4,Positive,Positive
7994,Negative,Negative,2,2,Negative,Negative
7995,Positive,Positive,5,5,Positive,Positive
7996,Positive,Positive,4,4,Positive,Positive
7997,Neutral,Neutral,5,5,Positive,Positive
7998,Positive,Positive,5,5,Positive,Positive
7999,Positive,Positive,4,4,Positive,Positive
8000,Positive,Positive,4,4,Positive,Positive
8001,Positive,Positive,5,5,Positive,Positive
8002,Positive,Positive,5,5,Positive,Positive
8003,Positive,Positive,5,5,Positive,Positive
8004,Positive,Negative,3,2,Neutral,Negative
8005,Negative,Negative,1,1,Negative,Negative
8006,Positive,Positive,5,5,Positive,Positive
8007,Positive,Positive,5,5,Positive,Positive
8008,Positive,Positive,4,2,Positive,Negative
8009,Positive,Positive,4,4,Positive,Positive
8010,Positive,Positive,5,5,Positive,Positive
8011,Positive,Positive,2,2,Negative,Negative
8012,Positive,Positive,4,4,Positive,Positive
8013,Positive,Positive,4,4,Positive,Positive
8014,Positive,Positive,5,5,Positive,Positive
8015,Positive,Positive,4,4,Positive,Positive
8016,Neutral,Neutral,5,5,Positive,Positive
8017,Positive,Positive,5,5,Positive,Positive
8018,Positive,Positive,3,3,Neutral,Neutral
8019,Positive,Positive,5,5,Positive,Positive
8020,Positive,Positive,4,4,Positive,Positive
8021,Positive,Positive,5,5,Positive,Positive
8022,Positive,Negative,4,4,Positive,Positive
8023,Positive,Positive,4,4,Positive,Positive
8024,Positive,Neutral,2,2,Negative,Negative
8025,Positive,Positive,5,5,Positive,Positive
8026,Positive,Positive,5,5,Positive,Positive
8027,Positive,Positive,4,4,Positive,Positive
8028,Positive,Positive,4,4,Positive,Positive
8029,Negative,Negative,2,2,Negative,Negative
8030,Positive,Positive,4,4,Positive,Positive
8031,Positive,Positive,3,3,Neutral,Neutral
8032,Neutral,Neutral,4,4,Positive,Positive
8033,Positive,Positive,4,4,Positive,Positive
8034,Negative,Negative,5,5,Positive,Positive
8035,Positive,Positive,5,5,Positive,Positive
8036,Positive,Positive,4,4,Positive,Positive
8037,Positive,Positive,5,5,Positive,Positive
8038,Positive,Positive,4,4,Positive,Positive
8039,Positive,Positive,4,5,Positive,Positive
8040,Positive,Positive,5,5,Positive,Positive
8041,Positive,Positive,4,5,Positive,Positive
8042,Positive,Positive,3,3,Neutral,Neutral
8043,Negative,Negative,4,4,Positive,Positive
8044,Positive,Positive,5,5,Positive,Positive
8045,Positive,Negative,3,3,Neutral,Neutral
8046,Positive,Positive,5,5,Positive,Positive
8047,Positive,Positive,3,3,Neutral,Neutral
8048,Negative,Negative,2,2,Negative,Negative
8049,Positive,Positive,5,5,Positive,Positive
8050,Positive,Positive,5,5,Positive,Positive
8051,Positive,Positive,3,3,Neutral,Neutral
8052,Positive,Positive,5,5,Positive,Positive
8053,Positive,Positive,3,3,Neutral,Neutral
8054,Negative,Positive,1,5,Negative,Positive
8055,Positive,Positive,2,2,Negative,Negative
8056,Positive,Positive,3,3,Neutral,Neutral
8057,Positive,Positive,5,5,Positive,Positive
8058,Positive,Positive,4,4,Positive,Positive
8059,Positive,Positive,4,4,Positive,Positive
8060,Positive,Positive,4,4,Positive,Positive
8061,Negative,Negative,1,1,Negative,Negative
8062,Positive,Positive,4,4,Positive,Positive
8063,Negative,Negative,4,4,Positive,Positive
8064,Positive,Positive,4,4,Positive,Positive
8065,Positive,Positive,4,4,Positive,Positive
8066,Positive,Positive,4,4,Positive,Positive
8067,Positive,Positive,5,5,Positive,Positive
8068,Positive,Positive,3,3,Neutral,Neutral
8069,Positive,Positive,4,4,Positive,Positive
8070,Positive,Positive,2,2,Negative,Negative
8071,Positive,Positive,4,4,Positive,Positive
8072,Positive,Positive,3,3,Neutral,Neutral
8073,Positive,Positive,5,5,Positive,Positive
8074,Positive,Positive,5,5,Positive,Positive
8075,Positive,Positive,3,3,Neutral,Neutral
8076,Positive,Positive,4,4,Positive,Positive
8077,Positive,Positive,5,5,Positive,Positive
8078,Positive,Positive,5,5,Positive,Positive
8079,Positive,Positive,5,5,Positive,Positive
8080,Positive,Positive,5,5,Positive,Positive
8081,Negative,Negative,3,3,Neutral,Neutral
8082,Negative,Negative,5,5,Positive,Positive
8083,Positive,Positive,4,4,Positive,Positive
8084,Positive,Positive,4,4,Positive,Positive
8085,Positive,Positive,5,5,Positive,Positive
8086,Positive,Positive,5,5,Positive,Positive
8087,Positive,Positive,4,4,Positive,Positive
8088,Positive,Positive,4,4,Positive,Positive
8089,Positive,Positive,4,4,Positive,Positive
8090,Positive,Positive,2,2,Negative,Negative
8091,Positive,Positive,5,5,Positive,Positive
8092,Positive,Positive,4,4,Positive,Positive
8093,Positive,Positive,5,5,Positive,Positive
8094,Positive,Positive,5,5,Positive,Positive
8095,Positive,Positive,5,5,Positive,Positive
8096,Positive,Positive,3,3,Neutral,Neutral
8097,Positive,Positive,5,5,Positive,Positive
8098,Positive,Positive,4,1,Positive,Negative
8099,Positive,Positive,5,5,Positive,Positive
8100,Positive,Positive,4,4,Positive,Positive
8101,Positive,Positive,4,4,Positive,Positive
8102,Positive,Positive,4,4,Positive,Positive
8103,Positive,Positive,4,5,Positive,Positive
8104,Positive,Positive,5,5,Positive,Positive
8105,Positive,Positive,5,5,Positive,Positive
8106,Positive,Positive,4,4,Positive,Positive
8107,Positive,Positive,5,5,Positive,Positive
8108,Positive,Positive,5,5,Positive,Positive
8109,Positive,Positive,4,4,Positive,Positive
8110,Negative,Negative,2,2,Negative,Negative
8111,Positive,Positive,4,4,Positive,Positive
8112,Positive,Positive,4,4,Positive,Positive
8113,Positive,Positive,3,3,Neutral,Neutral
8114,Negative,Negative,5,5,Positive,Positive
8115,Positive,Positive,4,4,Positive,Positive
8116,Positive,Positive,4,5,Positive,Positive
8117,Positive,Positive,2,2,Negative,Negative
8118,Positive,Positive,4,4,Positive,Positive
8119,Positive,Negative,4,3,Positive,Neutral
8120,Positive,Positive,5,5,Positive,Positive
8121,Positive,Positive,5,5,Positive,Positive
8122,Positive,Positive,5,5,Positive,Positive
8123,Positive,Positive,4,4,Positive,Positive
8124,Positive,Positive,4,4,Positive,Positive
8125,Positive,Positive,4,4,Positive,Positive
8126,Positive,Positive,3,3,Neutral,Neutral
8127,Negative,Negative,4,4,Positive,Positive
8128,Negative,Negative,1,1,Negative,Negative
8129,Positive,Positive,4,4,Positive,Positive
8130,Negative,Negative,3,3,Neutral,Neutral
8131,Positive,Positive,5,5,Positive,Positive
8132,Positive,Positive,5,5,Positive,Positive
8133,Positive,Positive,4,4,Positive,Positive
8134,Positive,Positive,4,4,Positive,Positive
8135,Positive,Positive,3,3,Neutral,Neutral
8136,Positive,Positive,5,5,Positive,Positive
8137,Neutral,Neutral,4,4,Positive,Positive
8138,Positive,Positive,5,5,Positive,Positive
8139,Positive,Positive,5,5,Positive,Positive
8140,Positive,Positive,5,5,Positive,Positive
8141,Positive,Positive,4,4,Positive,Positive
8142,Positive,Positive,2,2,Negative,Negative
8143,Negative,Negative,5,5,Positive,Positive
8144,Positive,Positive,4,4,Positive,Positive
8145,Positive,Positive,4,4,Positive,Positive
8146,Positive,Positive,5,5,Positive,Positive
8147,Positive,Positive,4,4,Positive,Positive
8148,Positive,Positive,1,1,Negative,Negative
8149,Positive,Positive,5,5,Positive,Positive
8150,Positive,Positive,5,5,Positive,Positive
8151,Positive,Positive,5,4,Positive,Positive
8152,Positive,Positive,4,4,Positive,Positive
8153,Negative,Negative,5,5,Positive,Positive
8154,Positive,Positive,3,4,Neutral,Positive
8155,Positive,Positive,4,4,Positive,Positive
8156,Positive,Positive,4,4,Positive,Positive
8157,Negative,Negative,2,3,Negative,Neutral
8158,Positive,Positive,4,4,Positive,Positive
8159,Positive,Positive,3,2,Neutral,Negative
8160,Positive,Positive,5,5,Positive,Positive
8161,Positive,Positive,5,5,Positive,Positive
8162,Neutral,Neutral,4,4,Positive,Positive
8163,Negative,Negative,2,2,Negative,Negative
8164,Negative,Negative,2,2,Negative,Negative
8165,Positive,Positive,5,5,Positive,Positive
8166,Positive,Negative,1,2,Negative,Negative
8167,Positive,Positive,5,5,Positive,Positive
8168,Positive,Positive,5,5,Positive,Positive
8169,Negative,Negative,3,3,Neutral,Neutral
8170,Positive,Positive,4,4,Positive,Positive
8171,Positive,Positive,2,2,Negative,Negative
8172,Positive,Positive,4,4,Positive,Positive
8173,Positive,Positive,5,5,Positive,Positive
8174,Positive,Positive,4,4,Positive,Positive
8175,Positive,Negative,1,1,Negative,Negative
8176,Neutral,Neutral,4,4,Positive,Positive
8177,Neutral,Neutral,5,5,Positive,Positive
8178,Positive,Positive,5,5,Positive,Positive
8179,Positive,Negative,5,5,Positive,Positive
8180,Positive,Positive,4,4,Positive,Positive
8181,Negative,Negative,4,4,Positive,Positive
8182,Positive,Positive,4,4,Positive,Positive
8183,Negative,Negative,2,2,Negative,Negative
8184,Positive,Positive,5,5,Positive,Positive
8185,Positive,Positive,4,4,Positive,Positive
8186,Positive,Positive,1,1,Negative,Negative
8187,Positive,Positive,4,4,Positive,Positive
8188,Positive,Positive,5,5,Positive,Positive
8189,Negative,Negative,4,4,Positive,Positive
8190,Neutral,Neutral,3,3,Neutral,Neutral
8191,Positive,Positive,4,4,Positive,Positive
8192,Negative,Negative,2,1,Negative,Negative
8193,Positive,Positive,5,5,Positive,Positive
8194,Positive,Positive,4,4,Positive,Positive
8195,Positive,Positive,4,4,Positive,Positive
8196,Positive,Positive,4,4,Positive,Positive
8197,Neutral,Neutral,4,4,Positive,Positive
8198,Positive,Negative,5,5,Positive,Positive
8199,Positive,Positive,5,5,Positive,Positive
8200,Positive,Positive,5,5,Positive,Positive
8201,Positive,Positive,5,5,Positive,Positive
8202,Positive,Positive,4,4,Positive,Positive
8203,Neutral,Neutral,5,5,Positive,Positive
8204,Negative,Negative,4,4,Positive,Positive
8205,Positive,Positive,4,4,Positive,Positive
8206,Positive,Positive,4,4,Positive,Positive
8207,Negative,Negative,4,4,Positive,Positive
8208,Positive,Positive,5,5,Positive,Positive
8209,Positive,Positive,4,4,Positive,Positive
8210,Negative,Positive,2,2,Negative,Negative
8211,Positive,Positive,5,5,Positive,Positive
8212,Positive,Positive,5,5,Positive,Positive
8213,Positive,Positive,4,4,Positive,Positive
8214,Positive,Positive,3,3,Neutral,Neutral
8215,Positive,Positive,5,5,Positive,Positive
8216,Positive,Positive,2,2,Negative,Negative
8217,Positive,Positive,4,4,Positive,Positive
8218,Negative,Negative,5,5,Positive,Positive
8219,Positive,Positive,5,5,Positive,Positive
8220,Negative,Negative,4,4,Positive,Positive
8221,Positive,Positive,3,3,Neutral,Neutral
8222,Negative,Negative,3,3,Neutral,Neutral
8223,Positive,Positive,4,4,Positive,Positive
8224,Positive,Positive,5,5,Positive,Positive
8225,Positive,Positive,4,5,Positive,Positive
8226,Positive,Positive,5,4,Positive,Positive
8227,Positive,Positive,5,5,Positive,Positive
8228,Positive,Positive,4,4,Positive,Positive
8229,Negative,Negative,2,2,Negative,Negative
8230,Negative,Negative,3,3,Neutral,Neutral
8231,Negative,Negative,4,4,Positive,Positive
8232,Positive,Positive,4,4,Positive,Positive
8233,Positive,Positive,5,5,Positive,Positive
8234,Positive,Positive,4,4,Positive,Positive
8235,Positive,Negative,2,2,Negative,Negative
8236,Negative,Negative,3,3,Neutral,Neutral
8237,Positive,Positive,5,4,Positive,Positive
8238,Positive,Positive,4,4,Positive,Positive
8239,Positive,Positive,4,4,Positive,Positive
8240,Positive,Positive,4,4,Positive,Positive
8241,Positive,Positive,5,5,Positive,Positive
8242,Positive,Positive,5,5,Positive,Positive
8243,Negative,Negative,4,4,Positive,Positive
8244,Positive,Positive,5,5,Positive,Positive
8245,Negative,Negative,2,2,Negative,Negative
8246,Positive,Positive,5,5,Positive,Positive
8247,Positive,Positive,4,4,Positive,Positive
8248,Positive,Positive,5,3,Positive,Neutral
8249,Positive,Positive,4,4,Positive,Positive
8250,Negative,Negative,2,2,Negative,Negative
8251,Negative,Negative,4,4,Positive,Positive
8252,Positive,Positive,4,4,Positive,Positive
8253,Positive,Positive,2,2,Negative,Negative
8254,Positive,Positive,5,5,Positive,Positive
8255,Positive,Positive,5,5,Positive,Positive
8256,Positive,Positive,5,5,Positive,Positive
8257,Positive,Positive,4,5,Positive,Positive
8258,Positive,Positive,5,5,Positive,Positive
8259,Positive,Positive,5,5,Positive,Positive
8260,Positive,Positive,5,5,Positive,Positive
8261,Neutral,Neutral,3,3,Neutral,Neutral
8262,Negative,Negative,2,2,Negative,Negative
8263,Positive,Positive,5,5,Positive,Positive
8264,Negative,Negative,2,2,Negative,Negative
8265,Positive,Positive,5,5,Positive,Positive
8266,Positive,Positive,5,5,Positive,Positive
8267,Positive,Positive,5,5,Positive,Positive
8268,Positive,Positive,5,5,Positive,Positive
8269,Positive,Positive,3,3,Neutral,Neutral
8270,Positive,Positive,4,4,Positive,Positive
8271,Positive,Positive,4,4,Positive,Positive
8272,Positive,Positive,5,5,Positive,Positive
8273,Positive,Positive,5,5,Positive,Positive
8274,Positive,Positive,4,4,Positive,Positive
8275,Positive,Positive,5,5,Positive,Positive
8276,Positive,Positive,4,4,Positive,Positive
8277,Negative,Negative,5,5,Positive,Positive
8278,Neutral,Neutral,5,5,Positive,Positive
8279,Positive,Positive,5,5,Positive,Positive
8280,Positive,Positive,5,5,Positive,Positive
8281,Positive,Positive,3,3,Neutral,Neutral
8282,Positive,Positive,5,5,Positive,Positive
8283,Positive,Positive,5,5,Positive,Positive
8284,Positive,Positive,2,2,Negative,Negative
8285,Positive,Positive,5,5,Positive,Positive
8286,Positive,Positive,3,3,Neutral,Neutral
8287,Positive,Positive,5,5,Positive,Positive
8288,Positive,Positive,3,3,Neutral,Neutral
8289,Negative,Negative,3,3,Neutral,Neutral
8290,Positive,Positive,5,5,Positive,Positive
8291,Positive,Positive,4,4,Positive,Positive
8292,Positive,Positive,4,4,Positive,Positive
8293,Positive,Positive,3,3,Neutral,Neutral
8294,Positive,Positive,3,3,Neutral,Neutral
8295,Neutral,Neutral,5,5,Positive,Positive
8296,Positive,Positive,5,5,Positive,Positive
8297,Positive,Positive,1,1,Negative,Negative
8298,Positive,Positive,5,5,Positive,Positive
8299,Positive,Positive,4,4,Positive,Positive
8300,Positive,Positive,5,5,Positive,Positive
8301,Positive,Positive,5,5,Positive,Positive
8302,Negative,Negative,1,1,Negative,Negative
8303,Positive,Positive,4,4,Positive,Positive
8304,Positive,Positive,5,5,Positive,Positive
8305,Positive,Positive,4,4,Positive,Positive
8306,Positive,Positive,5,5,Positive,Positive
8307,Negative,Negative,2,1,Negative,Negative
8308,Positive,Positive,5,5,Positive,Positive
8309,Positive,Positive,4,4,Positive,Positive
8310,Positive,Positive,4,4,Positive,Positive
8311,Positive,Positive,3,3,Neutral,Neutral
8312,Positive,Positive,4,4,Positive,Positive
8313,Negative,Negative,5,5,Positive,Positive
8314,Neutral,Neutral,4,4,Positive,Positive
8315,Negative,Negative,2,2,Negative,Negative
8316,Positive,Positive,4,4,Positive,Positive
8317,Positive,Positive,5,5,Positive,Positive
8318,Neutral,Neutral,5,5,Positive,Positive
8319,Positive,Positive,4,4,Positive,Positive
8320,Positive,Positive,5,5,Positive,Positive
8321,Positive,Positive,4,4,Positive,Positive
8322,Positive,Positive,5,5,Positive,Positive
8323,Positive,Positive,5,5,Positive,Positive
8324,Positive,Positive,4,4,Positive,Positive
8325,Positive,Positive,4,4,Positive,Positive
8326,Positive,Positive,5,5,Positive,Positive
8327,Positive,Positive,5,5,Positive,Positive
8328,Positive,Positive,5,5,Positive,Positive
8329,Positive,Positive,5,5,Positive,Positive
8330,Positive,Positive,4,4,Positive,Positive
8331,Positive,Positive,3,3,Neutral,Neutral
8332,Positive,Positive,5,5,Positive,Positive
8333,Positive,Positive,3,3,Neutral,Neutral
8334,Positive,Positive,5,5,Positive,Positive
8335,Positive,Negative,3,2,Neutral,Negative
8336,Positive,Positive,4,4,Positive,Positive
8337,Positive,Positive,3,3,Neutral,Neutral
8338,Positive,Positive,4,4,Positive,Positive
8339,Positive,Positive,3,3,Neutral,Neutral
8340,Positive,Positive,5,4,Positive,Positive
8341,Positive,Positive,4,4,Positive,Positive
8342,Neutral,Neutral,4,4,Positive,Positive
8343,Positive,Positive,5,5,Positive,Positive
8344,Positive,Positive,3,3,Neutral,Neutral
8345,Positive,Positive,3,1,Neutral,Negative
8346,Positive,Positive,5,5,Positive,Positive
8347,Positive,Positive,5,5,Positive,Positive
8348,Positive,Positive,4,4,Positive,Positive
8349,Positive,Positive,3,3,Neutral,Neutral
8350,Positive,Positive,5,5,Positive,Positive
8351,Positive,Positive,5,5,Positive,Positive
8352,Negative,Negative,4,4,Positive,Positive
8353,Positive,Positive,5,5,Positive,Positive
8354,Positive,Positive,5,5,Positive,Positive
8355,Positive,Positive,4,4,Positive,Positive
8356,Positive,Positive,5,5,Positive,Positive
8357,Positive,Positive,2,2,Negative,Negative
8358,Positive,Positive,3,3,Neutral,Neutral
8359,Positive,Positive,5,5,Positive,Positive
8360,Positive,Positive,5,5,Positive,Positive
8361,Positive,Positive,4,4,Positive,Positive
8362,Positive,Positive,5,5,Positive,Positive
8363,Positive,Positive,5,5,Positive,Positive
8364,Positive,Positive,5,5,Positive,Positive
8365,Positive,Positive,4,4,Positive,Positive
8366,Positive,Positive,4,4,Positive,Positive
8367,Positive,Positive,5,5,Positive,Positive
8368,Positive,Positive,4,4,Positive,Positive
8369,Positive,Positive,5,5,Positive,Positive
8370,Positive,Positive,5,5,Positive,Positive
8371,Positive,Positive,5,5,Positive,Positive
8372,Positive,Positive,4,4,Positive,Positive
8373,Negative,Negative,2,2,Negative,Negative
8374,Positive,Positive,4,4,Positive,Positive
8375,Positive,Positive,4,4,Positive,Positive
8376,Positive,Positive,3,3,Neutral,Neutral
8377,Positive,Positive,5,5,Positive,Positive
8378,Positive,Positive,4,4,Positive,Positive
8379,Positive,Positive,3,2,Neutral,Negative
8380,Positive,Positive,4,4,Positive,Positive
8381,Neutral,Neutral,5,5,Positive,Positive
8382,Positive,Positive,5,5,Positive,Positive
8383,Positive,Positive,2,2,Negative,Negative
8384,Positive,Positive,4,4,Positive,Positive
8385,Positive,Positive,5,5,Positive,Positive
8386,Positive,Positive,5,5,Positive,Positive
8387,Positive,Positive,5,5,Positive,Positive
8388,Positive,Positive,5,5,Positive,Positive
8389,Negative,Negative,2,2,Negative,Negative
8390,Positive,Positive,5,5,Positive,Positive
8391,Positive,Positive,4,4,Positive,Positive
8392,Positive,Positive,5,5,Positive,Positive
8393,Positive,Positive,5,5,Positive,Positive
8394,Positive,Positive,3,3,Neutral,Neutral
8395,Positive,Positive,5,5,Positive,Positive
8396,Positive,Positive,4,4,Positive,Positive
8397,Positive,Positive,3,3,Neutral,Neutral
8398,Positive,Positive,5,5,Positive,Positive
8399,Positive,Negative,5,4,Positive,Positive
8400,Positive,Positive,5,5,Positive,Positive
8401,Positive,Positive,4,4,Positive,Positive
8402,Negative,Negative,5,5,Positive,Positive
8403,Positive,Positive,5,5,Positive,Positive
8404,Positive,Positive,4,4,Positive,Positive
8405,Positive,Positive,5,5,Positive,Positive
8406,Negative,Negative,4,4,Positive,Positive
8407,Positive,Positive,5,5,Positive,Positive
8408,Positive,Positive,3,3,Neutral,Neutral
8409,Positive,Positive,5,5,Positive,Positive
8410,Positive,Positive,5,5,Positive,Positive
8411,Positive,Positive,5,5,Positive,Positive
8412,Positive,Positive,5,5,Positive,Positive
8413,Positive,Positive,5,2,Positive,Negative
8414,Negative,Positive,1,1,Negative,Negative
8415,Negative,Negative,2,1,Negative,Negative
8416,Neutral,Neutral,2,2,Negative,Negative
8417,Positive,Positive,4,4,Positive,Positive
8418,Negative,Negative,5,5,Positive,Positive
8419,Positive,Positive,3,3,Neutral,Neutral
8420,Positive,Positive,5,5,Positive,Positive
8421,Negative,Positive,4,3,Positive,Neutral
8422,Positive,Positive,4,4,Positive,Positive
8423,Positive,Positive,5,5,Positive,Positive
8424,Negative,Negative,3,3,Neutral,Neutral
8425,Positive,Positive,2,2,Negative,Negative
8426,Positive,Positive,5,5,Positive,Positive
8427,Negative,Negative,5,5,Positive,Positive
8428,Positive,Positive,2,2,Negative,Negative
8429,Negative,Negative,3,3,Neutral,Neutral
8430,Positive,Positive,2,2,Negative,Negative
8431,Positive,Positive,4,4,Positive,Positive
8432,Positive,Positive,5,5,Positive,Positive
8433,Positive,Positive,4,4,Positive,Positive
8434,Positive,Positive,1,1,Negative,Negative
8435,Positive,Positive,5,5,Positive,Positive
8436,Positive,Positive,4,4,Positive,Positive
8437,Negative,Negative,5,5,Positive,Positive
8438,Negative,Negative,5,5,Positive,Positive
8439,Positive,Positive,3,3,Neutral,Neutral
8440,Positive,Positive,4,4,Positive,Positive
8441,Positive,Positive,4,4,Positive,Positive
8442,Negative,Negative,2,2,Negative,Negative
8443,Positive,Positive,5,5,Positive,Positive
8444,Positive,Positive,3,3,Neutral,Neutral
8445,Positive,Negative,5,5,Positive,Positive
8446,Positive,Positive,4,2,Positive,Negative
8447,Positive,Positive,5,5,Positive,Positive
8448,Negative,Negative,2,2,Negative,Negative
8449,Positive,Positive,1,1,Negative,Negative
8450,Positive,Positive,4,4,Positive,Positive
8451,Positive,Positive,4,4,Positive,Positive
8452,Positive,Positive,4,4,Positive,Positive
8453,Positive,Positive,5,5,Positive,Positive
8454,Positive,Positive,5,5,Positive,Positive
8455,Neutral,Neutral,5,5,Positive,Positive
8456,Positive,Negative,5,5,Positive,Positive
8457,Positive,Positive,5,5,Positive,Positive
8458,Positive,Positive,1,1,Negative,Negative
8459,Positive,Positive,4,4,Positive,Positive
8460,Positive,Positive,3,3,Neutral,Neutral
8461,Positive,Positive,5,5,Positive,Positive
8462,Positive,Positive,5,5,Positive,Positive
8463,Positive,Positive,5,5,Positive,Positive
8464,Positive,Positive,5,5,Positive,Positive
8465,Positive,Positive,4,4,Positive,Positive
8466,Positive,Positive,4,4,Positive,Positive
8467,Positive,Positive,5,5,Positive,Positive
8468,Positive,Positive,1,1,Negative,Negative
8469,Positive,Positive,2,2,Negative,Negative
8470,Positive,Positive,4,4,Positive,Positive
8471,Positive,Positive,5,5,Positive,Positive
8472,Positive,Positive,5,5,Positive,Positive
8473,Positive,Positive,4,4,Positive,Positive
8474,Positive,Positive,5,5,Positive,Positive
8475,Positive,Positive,5,5,Positive,Positive
8476,Negative,Negative,2,2,Negative,Negative
8477,Negative,Positive,2,2,Negative,Negative
8478,Positive,Positive,2,2,Negative,Negative
8479,Negative,Negative,2,2,Negative,Negative
8480,Positive,Positive,4,4,Positive,Positive
8481,Negative,Negative,2,2,Negative,Negative
8482,Positive,Positive,5,5,Positive,Positive
8483,Negative,Positive,2,1,Negative,Negative
8484,Positive,Positive,4,4,Positive,Positive
8485,Positive,Positive,5,5,Positive,Positive
8486,Positive,Positive,5,5,Positive,Positive
8487,Positive,Positive,3,3,Neutral,Neutral
8488,Positive,Positive,4,4,Positive,Positive
8489,Neutral,Neutral,2,2,Negative,Negative
8490,Positive,Positive,4,4,Positive,Positive
8491,Positive,Positive,5,5,Positive,Positive
8492,Positive,Positive,5,5,Positive,Positive
8493,Positive,Positive,5,5,Positive,Positive
8494,Negative,Negative,4,4,Positive,Positive
8495,Neutral,Neutral,5,5,Positive,Positive
8496,Positive,Positive,4,4,Positive,Positive
8497,Positive,Positive,4,4,Positive,Positive
8498,Positive,Positive,5,5,Positive,Positive
8499,Neutral,Neutral,5,5,Positive,Positive
8500,Positive,Positive,3,2,Neutral,Negative
8501,Positive,Positive,4,4,Positive,Positive
8502,Negative,Negative,2,2,Negative,Negative
8503,Positive,Positive,5,5,Positive,Positive
8504,Positive,Positive,5,5,Positive,Positive
8505,Negative,Negative,5,5,Positive,Positive
8506,Negative,Negative,4,4,Positive,Positive
8507,Negative,Negative,3,3,Neutral,Neutral
8508,Positive,Positive,5,5,Positive,Positive
8509,Positive,Positive,5,5,Positive,Positive
8510,Positive,Positive,5,5,Positive,Positive
8511,Positive,Positive,5,5,Positive,Positive
8512,Positive,Positive,5,5,Positive,Positive
8513,Negative,Negative,1,1,Negative,Negative
8514,Positive,Positive,5,5,Positive,Positive
8515,Negative,Negative,1,1,Negative,Negative
8516,Positive,Positive,5,5,Positive,Positive
8517,Positive,Positive,4,4,Positive,Positive
8518,Positive,Positive,5,5,Positive,Positive
8519,Positive,Positive,5,5,Positive,Positive
8520,Positive,Positive,4,4,Positive,Positive
8521,Positive,Positive,5,5,Positive,Positive
8522,Positive,Positive,3,3,Neutral,Neutral
8523,Positive,Negative,4,4,Positive,Positive
8524,Positive,Positive,5,5,Positive,Positive
8525,Positive,Positive,3,3,Neutral,Neutral
8526,Negative,Negative,2,3,Negative,Neutral
8527,Positive,Positive,4,4,Positive,Positive
8528,Positive,Positive,5,5,Positive,Positive
8529,Negative,Negative,5,5,Positive,Positive
8530,Positive,Positive,5,5,Positive,Positive
8531,Positive,Positive,5,5,Positive,Positive
8532,Positive,Positive,4,4,Positive,Positive
8533,Positive,Positive,5,5,Positive,Positive
8534,Positive,Positive,5,5,Positive,Positive
8535,Positive,Positive,4,4,Positive,Positive
8536,Neutral,Neutral,5,5,Positive,Positive
8537,Positive,Positive,4,4,Positive,Positive
8538,Positive,Positive,3,3,Neutral,Neutral
8539,Negative,Negative,2,2,Negative,Negative
8540,Positive,Negative,1,1,Negative,Negative
8541,Negative,Negative,5,5,Positive,Positive
8542,Positive,Positive,5,5,Positive,Positive
8543,Positive,Positive,4,4,Positive,Positive
8544,Positive,Positive,3,3,Neutral,Neutral
8545,Neutral,Neutral,5,5,Positive,Positive
8546,Positive,Positive,5,5,Positive,Positive
8547,Negative,Negative,1,1,Negative,Negative
8548,Positive,Positive,3,3,Neutral,Neutral
8549,Positive,Positive,4,4,Positive,Positive
8550,Positive,Positive,5,5,Positive,Positive
8551,Positive,Positive,5,5,Positive,Positive
8552,Positive,Positive,4,4,Positive,Positive
8553,Neutral,Neutral,3,3,Neutral,Neutral
8554,Positive,Positive,5,5,Positive,Positive
8555,Positive,Positive,3,3,Neutral,Neutral
8556,Positive,Positive,3,3,Neutral,Neutral
8557,Positive,Positive,4,4,Positive,Positive
8558,Negative,Negative,1,1,Negative,Negative
8559,Positive,Positive,5,5,Positive,Positive
8560,Positive,Positive,5,5,Positive,Positive
8561,Positive,Positive,5,5,Positive,Positive
8562,Positive,Positive,5,5,Positive,Positive
8563,Positive,Positive,5,5,Positive,Positive
8564,Positive,Positive,5,5,Positive,Positive
8565,Positive,Positive,5,5,Positive,Positive
8566,Positive,Negative,3,2,Neutral,Negative
8567,Positive,Positive,5,5,Positive,Positive
8568,Positive,Positive,5,5,Positive,Positive
8569,Positive,Positive,5,5,Positive,Positive
8570,Positive,Positive,4,4,Positive,Positive
8571,Positive,Positive,5,5,Positive,Positive
8572,Positive,Positive,5,5,Positive,Positive
8573,Positive,Positive,4,4,Positive,Positive
8574,Positive,Positive,4,4,Positive,Positive
8575,Positive,Positive,5,5,Positive,Positive
8576,Positive,Positive,4,4,Positive,Positive
8577,Neutral,Neutral,5,5,Positive,Positive
8578,Positive,Positive,5,5,Positive,Positive
8579,Positive,Positive,4,4,Positive,Positive
8580,Neutral,Neutral,4,4,Positive,Positive
8581,Negative,Negative,4,4,Positive,Positive
8582,Negative,Negative,1,1,Negative,Negative
8583,Positive,Positive,5,5,Positive,Positive
8584,Positive,Positive,3,3,Neutral,Neutral
8585,Positive,Negative,4,5,Positive,Positive
8586,Positive,Positive,4,4,Positive,Positive
8587,Positive,Positive,5,5,Positive,Positive
8588,Positive,Positive,3,3,Neutral,Neutral
8589,Positive,Positive,5,5,Positive,Positive
8590,Negative,Negative,4,4,Positive,Positive
8591,Negative,Negative,2,3,Negative,Neutral
8592,Positive,Positive,4,4,Positive,Positive
8593,Positive,Positive,3,3,Neutral,Neutral
8594,Positive,Positive,5,5,Positive,Positive
8595,Neutral,Neutral,3,3,Neutral,Neutral
8596,Positive,Positive,3,3,Neutral,Neutral
8597,Neutral,Neutral,3,3,Neutral,Neutral
8598,Positive,Positive,5,5,Positive,Positive
8599,Negative,Positive,2,2,Negative,Negative
8600,Positive,Positive,4,5,Positive,Positive
8601,Positive,Positive,4,4,Positive,Positive
8602,Negative,Negative,3,3,Neutral,Neutral
8603,Positive,Positive,4,4,Positive,Positive
8604,Positive,Positive,3,3,Neutral,Neutral
8605,Positive,Negative,4,4,Positive,Positive
8606,Positive,Positive,5,5,Positive,Positive
8607,Positive,Positive,4,4,Positive,Positive
8608,Positive,Positive,4,5,Positive,Positive
8609,Positive,Positive,4,4,Positive,Positive
8610,Positive,Positive,4,4,Positive,Positive
8611,Neutral,Neutral,5,5,Positive,Positive
8612,Neutral,Neutral,5,5,Positive,Positive
8613,Positive,Positive,5,5,Positive,Positive
8614,Positive,Positive,4,4,Positive,Positive
8615,Negative,Negative,4,4,Positive,Positive
8616,Positive,Positive,3,3,Neutral,Neutral
8617,Positive,Positive,4,4,Positive,Positive
8618,Negative,Negative,1,1,Negative,Negative
8619,Positive,Positive,5,5,Positive,Positive
8620,Positive,Positive,4,4,Positive,Positive
8621,Positive,Positive,5,5,Positive,Positive
8622,Positive,Positive,5,5,Positive,Positive
8623,Neutral,Neutral,5,5,Positive,Positive
8624,Positive,Positive,5,5,Positive,Positive
8625,Positive,Positive,3,3,Neutral,Neutral
8626,Positive,Positive,5,5,Positive,Positive
8627,Negative,Negative,3,3,Neutral,Neutral
8628,Positive,Positive,3,3,Neutral,Neutral
8629,Positive,Positive,5,5,Positive,Positive
8630,Positive,Positive,5,5,Positive,Positive
8631,Positive,Positive,4,4,Positive,Positive
8632,Positive,Positive,5,5,Positive,Positive
8633,Positive,Positive,5,5,Positive,Positive
8634,Positive,Positive,3,3,Neutral,Neutral
8635,Positive,Positive,4,4,Positive,Positive
8636,Positive,Positive,3,3,Neutral,Neutral
8637,Positive,Positive,4,4,Positive,Positive
8638,Positive,Positive,3,3,Neutral,Neutral
8639,Negative,Negative,2,2,Negative,Negative
8640,Positive,Positive,4,4,Positive,Positive
8641,Positive,Positive,5,5,Positive,Positive
8642,Positive,Positive,5,5,Positive,Positive
8643,Positive,Positive,5,5,Positive,Positive
8644,Neutral,Neutral,2,2,Negative,Negative
8645,Neutral,Neutral,4,4,Positive,Positive
8646,Positive,Positive,4,4,Positive,Positive
8647,Negative,Negative,2,2,Negative,Negative
8648,Positive,Positive,5,5,Positive,Positive
8649,Positive,Positive,3,3,Neutral,Neutral
8650,Negative,Negative,2,2,Negative,Negative
8651,Positive,Positive,4,4,Positive,Positive
8652,Positive,Positive,5,5,Positive,Positive
8653,Positive,Positive,5,5,Positive,Positive
8654,Negative,Negative,4,4,Positive,Positive
8655,Positive,Positive,5,5,Positive,Positive
8656,Negative,Negative,1,1,Negative,Negative
8657,Positive,Positive,3,3,Neutral,Neutral
8658,Positive,Positive,4,4,Positive,Positive
8659,Positive,Positive,5,5,Positive,Positive
8660,Negative,Negative,4,5,Positive,Positive
8661,Positive,Positive,4,4,Positive,Positive
8662,Positive,Positive,4,4,Positive,Positive
8663,Positive,Positive,5,5,Positive,Positive
8664,Negative,Negative,1,1,Negative,Negative
8665,Positive,Positive,5,5,Positive,Positive
8666,Positive,Positive,2,2,Negative,Negative
8667,Positive,Positive,4,4,Positive,Positive
8668,Negative,Negative,5,5,Positive,Positive
8669,Positive,Positive,4,4,Positive,Positive
8670,Positive,Positive,5,5,Positive,Positive
8671,Neutral,Neutral,5,5,Positive,Positive
8672,Positive,Positive,4,4,Positive,Positive
8673,Positive,Positive,4,4,Positive,Positive
8674,Positive,Positive,5,5,Positive,Positive
8675,Positive,Positive,5,5,Positive,Positive
8676,Neutral,Neutral,3,3,Neutral,Neutral
8677,Positive,Positive,4,4,Positive,Positive
8678,Negative,Negative,1,1,Negative,Negative
8679,Positive,Positive,5,5,Positive,Positive
8680,Positive,Positive,5,5,Positive,Positive
8681,Negative,Negative,1,1,Negative,Negative
8682,Positive,Positive,4,4,Positive,Positive
8683,Positive,Positive,4,4,Positive,Positive
8684,Negative,Negative,5,5,Positive,Positive
8685,Neutral,Neutral,5,5,Positive,Positive
8686,Positive,Positive,4,5,Positive,Positive
8687,Positive,Positive,5,5,Positive,Positive
8688,Positive,Positive,5,5,Positive,Positive
8689,Positive,Positive,4,4,Positive,Positive
8690,Positive,Positive,2,2,Negative,Negative
8691,Positive,Positive,3,3,Neutral,Neutral
8692,Positive,Positive,3,3,Neutral,Neutral
8693,Negative,Negative,2,2,Negative,Negative
8694,Positive,Positive,3,3,Neutral,Neutral
8695,Negative,Positive,2,3,Negative,Neutral
8696,Positive,Positive,4,5,Positive,Positive
8697,Positive,Positive,4,4,Positive,Positive
8698,Positive,Positive,4,4,Positive,Positive
8699,Positive,Positive,4,4,Positive,Positive
8700,Negative,Negative,3,3,Neutral,Neutral
8701,Negative,Negative,5,5,Positive,Positive
8702,Positive,Positive,5,5,Positive,Positive
8703,Negative,Negative,5,5,Positive,Positive
8704,Positive,Positive,5,5,Positive,Positive
8705,Negative,Negative,1,1,Negative,Negative
8706,Positive,Positive,4,4,Positive,Positive
8707,Positive,Positive,5,5,Positive,Positive
8708,Positive,Positive,4,4,Positive,Positive
8709,Positive,Positive,5,5,Positive,Positive
8710,Positive,Positive,4,4,Positive,Positive
8711,Positive,Positive,4,4,Positive,Positive
8712,Positive,Positive,5,5,Positive,Positive
8713,Positive,Positive,4,4,Positive,Positive
8714,Negative,Negative,5,5,Positive,Positive
8715,Positive,Positive,3,3,Neutral,Neutral
8716,Positive,Positive,4,4,Positive,Positive
8717,Positive,Positive,5,5,Positive,Positive
8718,Positive,Positive,5,5,Positive,Positive
8719,Negative,Negative,3,3,Neutral,Neutral
8720,Neutral,Neutral,1,1,Negative,Negative
8721,Positive,Positive,5,5,Positive,Positive
8722,Neutral,Neutral,5,5,Positive,Positive
8723,Positive,Positive,5,5,Positive,Positive
8724,Positive,Positive,5,5,Positive,Positive
8725,Negative,Negative,5,5,Positive,Positive
8726,Positive,Positive,5,5,Positive,Positive
8727,Positive,Positive,4,4,Positive,Positive
8728,Positive,Positive,4,4,Positive,Positive
8729,Positive,Positive,5,5,Positive,Positive
8730,Positive,Positive,4,4,Positive,Positive
8731,Positive,Positive,4,4,Positive,Positive
8732,Negative,Negative,1,1,Negative,Negative
8733,Positive,Positive,5,5,Positive,Positive
8734,Positive,Positive,5,5,Positive,Positive
8735,Negative,Negative,3,3,Neutral,Neutral
8736,Negative,Negative,4,4,Positive,Positive
8737,Positive,Positive,5,5,Positive,Positive
8738,Negative,Negative,4,4,Positive,Positive
8739,Positive,Positive,3,3,Neutral,Neutral
8740,Positive,Positive,5,5,Positive,Positive
8741,Positive,Positive,4,4,Positive,Positive
8742,Positive,Positive,5,5,Positive,Positive
8743,Positive,Negative,5,5,Positive,Positive
8744,Positive,Positive,3,3,Neutral,Neutral
8745,Positive,Positive,5,5,Positive,Positive
8746,Negative,Negative,2,2,Negative,Negative
8747,Positive,Positive,5,5,Positive,Positive
8748,Positive,Positive,5,5,Positive,Positive
8749,Positive,Positive,5,5,Positive,Positive
8750,Negative,Negative,2,3,Negative,Neutral
8751,Positive,Positive,4,4,Positive,Positive
8752,Positive,Positive,4,4,Positive,Positive
8753,Positive,Positive,5,5,Positive,Positive
8754,Positive,Positive,1,1,Negative,Negative
8755,Positive,Positive,1,1,Negative,Negative
8756,Positive,Positive,2,2,Negative,Negative
8757,Positive,Positive,4,4,Positive,Positive
8758,Positive,Positive,5,5,Positive,Positive
8759,Negative,Negative,2,2,Negative,Negative
8760,Positive,Positive,3,3,Neutral,Neutral
8761,Positive,Positive,5,5,Positive,Positive
8762,Positive,Positive,5,5,Positive,Positive
8763,Positive,Positive,4,4,Positive,Positive
8764,Negative,Negative,2,2,Negative,Negative
8765,Positive,Positive,4,4,Positive,Positive
8766,Positive,Positive,4,4,Positive,Positive
8767,Negative,Negative,4,4,Positive,Positive
8768,Negative,Negative,4,4,Positive,Positive
8769,Positive,Positive,5,5,Positive,Positive
8770,Positive,Positive,5,5,Positive,Positive
8771,Negative,Negative,4,4,Positive,Positive
8772,Negative,Negative,2,2,Negative,Negative
8773,Positive,Positive,5,5,Positive,Positive
8774,Positive,Positive,5,5,Positive,Positive
8775,Positive,Positive,5,5,Positive,Positive
8776,Positive,Positive,5,5,Positive,Positive
8777,Neutral,Neutral,3,3,Neutral,Neutral
8778,Positive,Positive,2,2,Negative,Negative
8779,Neutral,Neutral,4,4,Positive,Positive
8780,Neutral,Neutral,5,5,Positive,Positive
8781,Positive,Positive,4,4,Positive,Positive
8782,Negative,Negative,5,5,Positive,Positive
8783,Positive,Positive,4,4,Positive,Positive
8784,Positive,Positive,4,4,Positive,Positive
8785,Positive,Positive,5,5,Positive,Positive
8786,Positive,Positive,5,5,Positive,Positive
8787,Negative,Negative,2,2,Negative,Negative
8788,Positive,Positive,5,5,Positive,Positive
8789,Positive,Positive,4,4,Positive,Positive
8790,Positive,Positive,5,5,Positive,Positive
8791,Positive,Positive,3,3,Neutral,Neutral
8792,Negative,Negative,4,4,Positive,Positive
8793,Positive,Positive,1,1,Negative,Negative
8794,Negative,Negative,1,1,Negative,Negative
8795,Positive,Positive,4,4,Positive,Positive
8796,Positive,Positive,5,5,Positive,Positive
8797,Positive,Negative,4,4,Positive,Positive
8798,Positive,Positive,5,5,Positive,Positive
8799,Positive,Positive,4,4,Positive,Positive
8800,Positive,Positive,3,3,Neutral,Neutral
8801,Positive,Positive,4,5,Positive,Positive
8802,Positive,Positive,5,5,Positive,Positive
8803,Positive,Positive,4,4,Positive,Positive
8804,Neutral,Neutral,5,5,Positive,Positive
8805,Positive,Positive,4,4,Positive,Positive
8806,Positive,Negative,2,1,Negative,Negative
8807,Neutral,Neutral,4,4,Positive,Positive
8808,Positive,Positive,3,3,Neutral,Neutral
8809,Positive,Positive,5,5,Positive,Positive
8810,Positive,Negative,4,4,Positive,Positive
8811,Positive,Positive,5,5,Positive,Positive
8812,Positive,Positive,5,4,Positive,Positive
8813,Positive,Positive,4,4,Positive,Positive
8814,Positive,Positive,5,5,Positive,Positive
8815,Positive,Positive,4,4,Positive,Positive
8816,Neutral,Neutral,4,4,Positive,Positive
8817,Positive,Positive,4,4,Positive,Positive
8818,Positive,Positive,4,4,Positive,Positive
8819,Positive,Positive,4,4,Positive,Positive
8820,Positive,Positive,1,1,Negative,Negative
8821,Positive,Positive,4,4,Positive,Positive
8822,Neutral,Neutral,5,5,Positive,Positive
8823,Positive,Positive,4,4,Positive,Positive
8824,Negative,Negative,2,2,Negative,Negative
8825,Positive,Positive,1,1,Negative,Negative
8826,Negative,Negative,3,3,Neutral,Neutral
8827,Positive,Positive,4,4,Positive,Positive
8828,Positive,Positive,5,5,Positive,Positive
8829,Positive,Positive,5,5,Positive,Positive
8830,Positive,Positive,5,5,Positive,Positive
8831,Positive,Positive,5,4,Positive,Positive
8832,Positive,Positive,5,5,Positive,Positive
8833,Positive,Positive,5,5,Positive,Positive
8834,Positive,Positive,5,5,Positive,Positive
8835,Positive,Positive,4,4,Positive,Positive
8836,Negative,Negative,4,4,Positive,Positive
8837,Neutral,Neutral,4,4,Positive,Positive
8838,Neutral,Neutral,5,5,Positive,Positive
8839,Positive,Positive,4,4,Positive,Positive
8840,Negative,Negative,5,5,Positive,Positive
8841,Positive,Positive,4,4,Positive,Positive
8842,Positive,Positive,5,5,Positive,Positive
8843,Positive,Positive,4,4,Positive,Positive
8844,Positive,Positive,5,5,Positive,Positive
8845,Positive,Positive,5,5,Positive,Positive
8846,Positive,Positive,5,5,Positive,Positive
8847,Positive,Positive,4,4,Positive,Positive
8848,Positive,Positive,4,4,Positive,Positive
8849,Positive,Positive,5,5,Positive,Positive
8850,Positive,Positive,5,5,Positive,Positive
8851,Positive,Positive,1,1,Negative,Negative
8852,Positive,Positive,1,1,Negative,Negative
8853,Positive,Positive,5,5,Positive,Positive
8854,Positive,Positive,4,4,Positive,Positive
8855,Positive,Positive,2,2,Negative,Negative
8856,Positive,Positive,5,5,Positive,Positive
8857,Positive,Positive,5,5,Positive,Positive
8858,Negative,Negative,3,3,Neutral,Neutral
8859,Positive,Positive,4,4,Positive,Positive
8860,Neutral,Neutral,5,5,Positive,Positive
8861,Positive,Positive,4,4,Positive,Positive
8862,Positive,Positive,5,5,Positive,Positive
8863,Positive,Positive,5,5,Positive,Positive
8864,Neutral,Neutral,2,2,Negative,Negative
8865,Negative,Negative,1,1,Negative,Negative
8866,Neutral,Neutral,5,5,Positive,Positive
8867,Positive,Positive,3,3,Neutral,Neutral
8868,Positive,Positive,4,4,Positive,Positive
8869,Positive,Positive,4,4,Positive,Positive
8870,Positive,Positive,5,5,Positive,Positive
8871,Positive,Positive,4,4,Positive,Positive
8872,Positive,Positive,5,5,Positive,Positive
8873,Positive,Positive,1,1,Negative,Negative
8874,Positive,Positive,5,5,Positive,Positive
8875,Positive,Positive,5,5,Positive,Positive
8876,Negative,Negative,2,2,Negative,Negative
8877,Positive,Positive,4,4,Positive,Positive
8878,Neutral,Neutral,5,5,Positive,Positive
8879,Positive,Positive,5,5,Positive,Positive
8880,Negative,Negative,5,5,Positive,Positive
8881,Positive,Positive,4,4,Positive,Positive
8882,Positive,Positive,5,5,Positive,Positive
8883,Positive,Positive,4,4,Positive,Positive
8884,Positive,Positive,4,4,Positive,Positive
8885,Positive,Positive,5,5,Positive,Positive
8886,Positive,Positive,5,5,Positive,Positive
8887,Positive,Positive,5,5,Positive,Positive
8888,Negative,Negative,2,2,Negative,Negative
8889,Positive,Positive,5,5,Positive,Positive
8890,Positive,Positive,5,5,Positive,Positive
8891,Positive,Positive,1,1,Negative,Negative
8892,Positive,Positive,3,3,Neutral,Neutral
8893,Positive,Positive,5,5,Positive,Positive
8894,Negative,Negative,5,5,Positive,Positive
8895,Positive,Positive,5,5,Positive,Positive
8896,Negative,Negative,5,5,Positive,Positive
8897,Positive,Positive,4,4,Positive,Positive
8898,Positive,Positive,5,5,Positive,Positive
8899,Positive,Positive,5,5,Positive,Positive
8900,Positive,Positive,5,5,Positive,Positive
8901,Positive,Neutral,4,4,Positive,Positive
8902,Positive,Positive,5,5,Positive,Positive
8903,Positive,Positive,4,4,Positive,Positive
8904,Positive,Positive,5,5,Positive,Positive
8905,Positive,Positive,4,4,Positive,Positive
8906,Positive,Positive,4,4,Positive,Positive
8907,Positive,Positive,5,5,Positive,Positive
8908,Positive,Positive,5,5,Positive,Positive
8909,Positive,Positive,5,4,Positive,Positive
8910,Positive,Negative,1,1,Negative,Negative
8911,Negative,Negative,4,2,Positive,Negative
8912,Positive,Positive,3,2,Neutral,Negative
8913,Positive,Positive,4,4,Positive,Positive
8914,Positive,Positive,4,4,Positive,Positive
8915,Positive,Positive,4,5,Positive,Positive
8916,Positive,Negative,5,5,Positive,Positive
8917,Positive,Positive,5,4,Positive,Positive
8918,Negative,Negative,2,2,Negative,Negative
8919,Positive,Positive,5,5,Positive,Positive
8920,Positive,Positive,5,1,Positive,Negative
8921,Positive,Positive,4,4,Positive,Positive
8922,Positive,Positive,4,5,Positive,Positive
8923,Positive,Positive,5,5,Positive,Positive
8924,Negative,Negative,2,2,Negative,Negative
8925,Positive,Positive,4,2,Positive,Negative
8926,Negative,Positive,2,2,Negative,Negative
8927,Positive,Positive,4,4,Positive,Positive
8928,Positive,Positive,5,5,Positive,Positive
8929,Negative,Negative,1,1,Negative,Negative
8930,Positive,Negative,4,4,Positive,Positive
8931,Positive,Positive,5,5,Positive,Positive
8932,Positive,Positive,4,4,Positive,Positive
8933,Positive,Positive,4,5,Positive,Positive
8934,Positive,Positive,5,5,Positive,Positive
8935,Positive,Positive,4,3,Positive,Neutral
8936,Positive,Positive,5,5,Positive,Positive
8937,Positive,Positive,5,4,Positive,Positive
8938,Positive,Positive,2,2,Negative,Negative
8939,Positive,Positive,4,4,Positive,Positive
8940,Negative,Negative,2,2,Negative,Negative
8941,Positive,Positive,3,3,Neutral,Neutral
8942,Positive,Positive,4,4,Positive,Positive
8943,Negative,Negative,2,2,Negative,Negative
8944,Positive,Positive,4,4,Positive,Positive
8945,Positive,Positive,5,5,Positive,Positive
8946,Positive,Positive,2,2,Negative,Negative
8947,Negative,Negative,2,2,Negative,Negative
8948,Negative,Negative,3,3,Neutral,Neutral
8949,Positive,Positive,1,1,Negative,Negative
8950,Positive,Positive,4,4,Positive,Positive
8951,Negative,Negative,2,2,Negative,Negative
8952,Positive,Positive,4,4,Positive,Positive
8953,Neutral,Neutral,4,4,Positive,Positive
8954,Negative,Negative,4,4,Positive,Positive
8955,Positive,Positive,4,3,Positive,Neutral
8956,Positive,Positive,5,5,Positive,Positive
8957,Positive,Positive,5,5,Positive,Positive
8958,Positive,Positive,4,4,Positive,Positive
8959,Positive,Positive,3,3,Neutral,Neutral
8960,Negative,Negative,2,2,Negative,Negative
8961,Positive,Positive,5,5,Positive,Positive
8962,Positive,Positive,5,5,Positive,Positive
8963,Positive,Positive,5,5,Positive,Positive
8964,Positive,Positive,5,5,Positive,Positive
8965,Positive,Positive,5,5,Positive,Positive
8966,Positive,Positive,5,5,Positive,Positive
8967,Neutral,Neutral,2,2,Negative,Negative
8968,Positive,Positive,5,5,Positive,Positive
8969,Positive,Positive,5,5,Positive,Positive
8970,Negative,Negative,3,3,Neutral,Neutral
8971,Positive,Positive,4,4,Positive,Positive
8972,Negative,Negative,3,3,Neutral,Neutral
8973,Positive,Positive,4,3,Positive,Neutral
8974,Negative,Negative,3,3,Neutral,Neutral
8975,Positive,Positive,5,5,Positive,Positive
8976,Negative,Negative,2,2,Negative,Negative
8977,Positive,Negative,4,4,Positive,Positive
8978,Positive,Positive,3,3,Neutral,Neutral
8979,Negative,Negative,3,3,Neutral,Neutral
8980,Positive,Positive,5,5,Positive,Positive
8981,Positive,Positive,4,4,Positive,Positive
8982,Negative,Negative,2,2,Negative,Negative
8983,Positive,Positive,2,2,Negative,Negative
8984,Positive,Positive,3,3,Neutral,Neutral
8985,Positive,Positive,5,5,Positive,Positive
8986,Positive,Positive,3,3,Neutral,Neutral
8987,Positive,Positive,5,5,Positive,Positive
8988,Positive,Positive,4,4,Positive,Positive
8989,Negative,Negative,3,3,Neutral,Neutral
8990,Negative,Negative,2,2,Negative,Negative
8991,Positive,Positive,5,4,Positive,Positive
8992,Positive,Positive,4,4,Positive,Positive
8993,Positive,Positive,5,5,Positive,Positive
8994,Positive,Positive,2,2,Negative,Negative
8995,Positive,Positive,4,4,Positive,Positive
8996,Positive,Positive,5,5,Positive,Positive
8997,Positive,Positive,5,5,Positive,Positive
8998,Positive,Positive,5,5,Positive,Positive
8999,Positive,Positive,5,5,Positive,Positive
9000,Positive,Positive,2,3,Negative,Neutral
9001,Positive,Positive,4,4,Positive,Positive
9002,Positive,Positive,4,4,Positive,Positive
9003,Positive,Positive,4,4,Positive,Positive
9004,Positive,Positive,5,5,Positive,Positive
9005,Positive,Positive,3,3,Neutral,Neutral
9006,Positive,Positive,2,2,Negative,Negative
9007,Positive,Positive,5,5,Positive,Positive
9008,Positive,Positive,5,5,Positive,Positive
9009,Positive,Positive,4,4,Positive,Positive
9010,Positive,Positive,5,5,Positive,Positive
9011,Positive,Positive,4,4,Positive,Positive
9012,Positive,Positive,5,5,Positive,Positive
9013,Negative,Negative,2,2,Negative,Negative
9014,Positive,Positive,5,5,Positive,Positive
9015,Positive,Positive,4,4,Positive,Positive
9016,Positive,Positive,4,4,Positive,Positive
9017,Positive,Positive,4,4,Positive,Positive
9018,Positive,Positive,2,2,Negative,Negative
9019,Negative,Negative,1,1,Negative,Negative
9020,Positive,Positive,2,2,Negative,Negative
9021,Negative,Negative,3,3,Neutral,Neutral
9022,Positive,Positive,5,5,Positive,Positive
9023,Positive,Positive,4,4,Positive,Positive
9024,Positive,Positive,4,4,Positive,Positive
9025,Positive,Positive,4,4,Positive,Positive
9026,Positive,Positive,3,3,Neutral,Neutral
9027,Positive,Positive,2,2,Negative,Negative
9028,Positive,Positive,4,3,Positive,Neutral
9029,Positive,Positive,5,5,Positive,Positive
9030,Positive,Positive,4,4,Positive,Positive
9031,Negative,Negative,3,3,Neutral,Neutral
9032,Positive,Positive,3,3,Neutral,Neutral
9033,Positive,Positive,2,2,Negative,Negative
9034,Positive,Positive,5,5,Positive,Positive
9035,Positive,Positive,3,3,Neutral,Neutral
9036,Positive,Positive,2,2,Negative,Negative
9037,Positive,Positive,3,3,Neutral,Neutral
9038,Positive,Positive,4,4,Positive,Positive
9039,Negative,Negative,1,1,Negative,Negative
9040,Positive,Positive,5,5,Positive,Positive
9041,Negative,Negative,3,3,Neutral,Neutral
9042,Positive,Positive,3,3,Neutral,Neutral
9043,Negative,Negative,2,2,Negative,Negative
9044,Neutral,Neutral,3,3,Neutral,Neutral
9045,Positive,Positive,5,5,Positive,Positive
9046,Negative,Negative,4,4,Positive,Positive
9047,Positive,Positive,5,5,Positive,Positive
9048,Positive,Positive,5,5,Positive,Positive
9049,Positive,Positive,2,2,Negative,Negative
9050,Positive,Positive,4,4,Positive,Positive
9051,Positive,Positive,4,4,Positive,Positive
9052,Positive,Positive,4,4,Positive,Positive
9053,Positive,Positive,5,5,Positive,Positive
9054,Negative,Negative,2,2,Negative,Negative
9055,Positive,Positive,4,4,Positive,Positive
9056,Positive,Negative,2,1,Negative,Negative
9057,Positive,Positive,3,3,Neutral,Neutral
9058,Negative,Negative,3,3,Neutral,Neutral
9059,Positive,Positive,5,5,Positive,Positive
9060,Positive,Positive,3,3,Neutral,Neutral
9061,Positive,Positive,5,5,Positive,Positive
9062,Positive,Positive,5,5,Positive,Positive
9063,Positive,Positive,4,5,Positive,Positive
9064,Positive,Positive,4,4,Positive,Positive
9065,Positive,Positive,4,4,Positive,Positive
9066,Positive,Positive,3,3,Neutral,Neutral
9067,Positive,Positive,5,5,Positive,Positive
9068,Positive,Positive,4,3,Positive,Neutral
9069,Positive,Positive,5,5,Positive,Positive
9070,Positive,Positive,2,2,Negative,Negative
9071,Positive,Positive,3,3,Neutral,Neutral
9072,Negative,Negative,2,2,Negative,Negative
9073,Positive,Positive,2,2,Negative,Negative
9074,Positive,Positive,3,3,Neutral,Neutral
9075,Positive,Positive,4,4,Positive,Positive
9076,Positive,Positive,5,5,Positive,Positive
9077,Positive,Positive,5,5,Positive,Positive
9078,Positive,Positive,4,4,Positive,Positive
9079,Positive,Positive,4,4,Positive,Positive
9080,Positive,Positive,5,5,Positive,Positive
9081,Positive,Positive,5,5,Positive,Positive
9082,Positive,Positive,5,5,Positive,Positive
9083,Positive,Positive,4,4,Positive,Positive
9084,Positive,Positive,3,3,Neutral,Neutral
9085,Positive,Positive,4,4,Positive,Positive
9086,Positive,Positive,5,5,Positive,Positive
9087,Negative,Negative,3,3,Neutral,Neutral
9088,Neutral,Neutral,3,3,Neutral,Neutral
9089,Positive,Positive,5,5,Positive,Positive
9090,Negative,Negative,1,1,Negative,Negative
9091,Positive,Positive,3,3,Neutral,Neutral
9092,Positive,Positive,3,3,Neutral,Neutral
9093,Positive,Positive,5,5,Positive,Positive
9094,Positive,Positive,4,4,Positive,Positive
9095,Positive,Positive,5,5,Positive,Positive
9096,Negative,Negative,1,1,Negative,Negative
9097,Negative,Negative,1,1,Negative,Negative
9098,Positive,Positive,2,2,Negative,Negative
9099,Positive,Positive,2,2,Negative,Negative
9100,Positive,Positive,2,2,Negative,Negative
9101,Positive,Positive,2,2,Negative,Negative
9102,Positive,Positive,4,4,Positive,Positive
9103,Negative,Negative,1,1,Negative,Negative
9104,Negative,Negative,2,2,Negative,Negative
9105,Negative,Negative,3,3,Neutral,Neutral
9106,Positive,Positive,2,2,Negative,Negative
9107,Positive,Positive,5,5,Positive,Positive
9108,Positive,Positive,3,3,Neutral,Neutral
9109,Positive,Positive,4,4,Positive,Positive
9110,Positive,Positive,5,5,Positive,Positive
9111,Positive,Positive,4,4,Positive,Positive
9112,Positive,Positive,5,5,Positive,Positive
9113,Positive,Positive,4,4,Positive,Positive
9114,Positive,Positive,4,4,Positive,Positive
9115,Positive,Positive,5,5,Positive,Positive
9116,Positive,Positive,4,4,Positive,Positive
9117,Positive,Positive,4,4,Positive,Positive
9118,Positive,Positive,4,4,Positive,Positive
9119,Negative,Negative,2,3,Negative,Neutral
9120,Negative,Negative,4,4,Positive,Positive
9121,Positive,Positive,4,4,Positive,Positive
9122,Positive,Positive,4,4,Positive,Positive
9123,Negative,Negative,1,1,Negative,Negative
9124,Negative,Negative,1,1,Negative,Negative
9125,Positive,Positive,2,2,Negative,Negative
9126,Neutral,Neutral,1,1,Negative,Negative
9127,Positive,Positive,5,5,Positive,Positive
9128,Positive,Positive,3,3,Neutral,Neutral
9129,Positive,Positive,5,5,Positive,Positive
9130,Positive,Positive,3,3,Neutral,Neutral
9131,Positive,Positive,3,3,Neutral,Neutral
9132,Negative,Negative,2,2,Negative,Negative
9133,Positive,Positive,5,5,Positive,Positive
9134,Positive,Positive,2,2,Negative,Negative
9135,Positive,Positive,4,4,Positive,Positive
9136,Positive,Positive,2,2,Negative,Negative
9137,Positive,Positive,3,3,Neutral,Neutral
9138,Positive,Positive,4,4,Positive,Positive
9139,Negative,Negative,3,3,Neutral,Neutral
9140,Positive,Positive,5,5,Positive,Positive
9141,Positive,Positive,5,5,Positive,Positive
9142,Positive,Positive,2,2,Negative,Negative
9143,Positive,Positive,4,4,Positive,Positive
9144,Positive,Positive,5,5,Positive,Positive
9145,Positive,Positive,1,1,Negative,Negative
9146,Negative,Negative,2,2,Negative,Negative
9147,Positive,Positive,4,4,Positive,Positive
9148,Positive,Positive,4,5,Positive,Positive
9149,Positive,Positive,4,4,Positive,Positive
9150,Positive,Positive,5,5,Positive,Positive
9151,Positive,Positive,3,3,Neutral,Neutral
9152,Neutral,Neutral,3,3,Neutral,Neutral
9153,Negative,Negative,2,2,Negative,Negative
9154,Positive,Positive,4,4,Positive,Positive
9155,Positive,Positive,4,4,Positive,Positive
9156,Positive,Positive,1,1,Negative,Negative
9157,Positive,Positive,3,3,Neutral,Neutral
9158,Positive,Positive,5,5,Positive,Positive
9159,Negative,Negative,1,1,Negative,Negative
9160,Positive,Positive,1,1,Negative,Negative
9161,Positive,Positive,3,3,Neutral,Neutral
9162,Positive,Positive,3,3,Neutral,Neutral
9163,Positive,Positive,5,5,Positive,Positive
9164,Positive,Positive,5,5,Positive,Positive
9165,Negative,Negative,2,2,Negative,Negative
9166,Positive,Positive,2,2,Negative,Negative
9167,Positive,Positive,5,5,Positive,Positive
9168,Negative,Negative,3,3,Neutral,Neutral
9169,Positive,Positive,5,5,Positive,Positive
9170,Neutral,Neutral,1,1,Negative,Negative
9171,Positive,Positive,5,5,Positive,Positive
9172,Positive,Positive,3,3,Neutral,Neutral
9173,Positive,Positive,3,3,Neutral,Neutral
9174,Positive,Positive,5,5,Positive,Positive
9175,Positive,Positive,5,5,Positive,Positive
9176,Positive,Positive,4,4,Positive,Positive
9177,Negative,Negative,2,3,Negative,Neutral
9178,Negative,Negative,3,3,Neutral,Neutral
9179,Positive,Positive,5,5,Positive,Positive
9180,Positive,Positive,4,4,Positive,Positive
9181,Positive,Positive,4,4,Positive,Positive
9182,Positive,Positive,5,5,Positive,Positive
9183,Neutral,Neutral,4,4,Positive,Positive
9184,Positive,Positive,4,4,Positive,Positive
9185,Positive,Positive,4,4,Positive,Positive
9186,Positive,Positive,3,3,Neutral,Neutral
9187,Positive,Positive,5,5,Positive,Positive
9188,Positive,Positive,3,3,Neutral,Neutral
9189,Positive,Positive,4,4,Positive,Positive
9190,Positive,Positive,5,5,Positive,Positive
9191,Negative,Negative,4,4,Positive,Positive
9192,Positive,Positive,4,4,Positive,Positive
9193,Positive,Positive,3,3,Neutral,Neutral
9194,Positive,Positive,4,4,Positive,Positive
9195,Positive,Positive,3,3,Neutral,Neutral
9196,Positive,Positive,5,5,Positive,Positive
9197,Positive,Positive,1,1,Negative,Negative
9198,Positive,Positive,5,5,Positive,Positive
9199,Positive,Positive,3,3,Neutral,Neutral
9200,Positive,Positive,2,2,Negative,Negative
9201,Positive,Positive,3,3,Neutral,Neutral
9202,Negative,Positive,2,2,Negative,Negative
9203,Negative,Negative,4,4,Positive,Positive
9204,Positive,Positive,2,2,Negative,Negative
9205,Positive,Positive,2,2,Negative,Negative
9206,Positive,Positive,3,3,Neutral,Neutral
9207,Negative,Negative,2,2,Negative,Negative
9208,Negative,Negative,2,2,Negative,Negative
9209,Positive,Positive,5,5,Positive,Positive
9210,Positive,Positive,2,2,Negative,Negative
9211,Positive,Positive,5,5,Positive,Positive
9212,Positive,Positive,3,3,Neutral,Neutral
9213,Positive,Positive,3,3,Neutral,Neutral
9214,Positive,Positive,3,3,Neutral,Neutral
9215,Positive,Positive,4,4,Positive,Positive
9216,Negative,Negative,2,2,Negative,Negative
9217,Positive,Positive,4,4,Positive,Positive
9218,Negative,Negative,1,1,Negative,Negative
9219,Negative,Negative,2,1,Negative,Negative
9220,Negative,Negative,3,3,Neutral,Neutral
9221,Positive,Positive,5,5,Positive,Positive
9222,Positive,Positive,4,4,Positive,Positive
9223,Positive,Positive,4,4,Positive,Positive
9224,Positive,Positive,5,5,Positive,Positive
9225,Positive,Positive,4,4,Positive,Positive
9226,Negative,Negative,3,3,Neutral,Neutral
9227,Negative,Negative,1,1,Negative,Negative
9228,Positive,Positive,3,3,Neutral,Neutral
9229,Positive,Positive,5,5,Positive,Positive
9230,Positive,Positive,5,5,Positive,Positive
9231,Positive,Positive,4,4,Positive,Positive
9232,Positive,Positive,4,4,Positive,Positive
9233,Positive,Positive,1,1,Negative,Negative
9234,Positive,Positive,4,4,Positive,Positive
9235,Positive,Positive,5,5,Positive,Positive
9236,Positive,Positive,5,5,Positive,Positive
9237,Positive,Positive,5,5,Positive,Positive
9238,Positive,Positive,1,1,Negative,Negative
9239,Positive,Positive,2,2,Negative,Negative
9240,Positive,Positive,5,5,Positive,Positive
9241,Positive,Positive,5,5,Positive,Positive
9242,Positive,Positive,2,4,Negative,Positive
9243,Positive,Positive,5,5,Positive,Positive
9244,Positive,Positive,4,3,Positive,Neutral
9245,Positive,Positive,4,4,Positive,Positive
9246,Positive,Positive,3,3,Neutral,Neutral
9247,Positive,Positive,5,5,Positive,Positive
9248,Positive,Positive,5,5,Positive,Positive
9249,Positive,Positive,4,4,Positive,Positive
9250,Positive,Positive,5,5,Positive,Positive
9251,Positive,Positive,3,3,Neutral,Neutral
9252,Positive,Positive,5,5,Positive,Positive
9253,Positive,Positive,5,5,Positive,Positive
9254,Positive,Positive,5,5,Positive,Positive
9255,Positive,Positive,4,4,Positive,Positive
9256,Positive,Positive,5,5,Positive,Positive
9257,Positive,Positive,2,2,Negative,Negative
9258,Positive,Positive,5,5,Positive,Positive
9259,Positive,Positive,4,4,Positive,Positive
9260,Positive,Positive,4,4,Positive,Positive
9261,Positive,Positive,5,5,Positive,Positive
9262,Positive,Positive,3,3,Neutral,Neutral
9263,Positive,Positive,5,5,Positive,Positive
9264,Negative,Negative,1,1,Negative,Negative
9265,Positive,Positive,3,3,Neutral,Neutral
9266,Positive,Positive,5,5,Positive,Positive
9267,Positive,Positive,3,3,Neutral,Neutral
9268,Positive,Positive,5,5,Positive,Positive
9269,Negative,Negative,4,4,Positive,Positive
9270,Positive,Positive,4,4,Positive,Positive
9271,Positive,Positive,4,4,Positive,Positive
9272,Negative,Negative,3,3,Neutral,Neutral
9273,Positive,Positive,4,4,Positive,Positive
9274,Positive,Positive,4,4,Positive,Positive
9275,Positive,Positive,4,4,Positive,Positive
9276,Negative,Negative,1,1,Negative,Negative
9277,Positive,Positive,1,1,Negative,Negative
9278,Positive,Positive,5,5,Positive,Positive
9279,Positive,Positive,5,5,Positive,Positive
9280,Positive,Positive,5,5,Positive,Positive
9281,Positive,Positive,4,4,Positive,Positive
9282,Positive,Positive,5,5,Positive,Positive
9283,Positive,Positive,4,4,Positive,Positive
9284,Positive,Positive,5,5,Positive,Positive
9285,Positive,Positive,3,3,Neutral,Neutral
9286,Positive,Positive,4,4,Positive,Positive
9287,Positive,Positive,5,5,Positive,Positive
9288,Positive,Positive,4,4,Positive,Positive
9289,Positive,Positive,4,4,Positive,Positive
9290,Positive,Positive,5,5,Positive,Positive
9291,Positive,Positive,1,1,Negative,Negative
9292,Positive,Positive,5,4,Positive,Positive
9293,Positive,Positive,4,4,Positive,Positive
9294,Positive,Positive,5,5,Positive,Positive
9295,Positive,Positive,5,5,Positive,Positive
9296,Positive,Positive,3,3,Neutral,Neutral
9297,Positive,Positive,2,2,Negative,Negative
9298,Positive,Positive,5,5,Positive,Positive
9299,Positive,Positive,4,4,Positive,Positive
9300,Negative,Negative,4,4,Positive,Positive
9301,Negative,Negative,2,2,Negative,Negative
9302,Positive,Positive,4,4,Positive,Positive
9303,Positive,Positive,3,3,Neutral,Neutral
9304,Positive,Positive,5,5,Positive,Positive
9305,Positive,Positive,3,3,Neutral,Neutral
9306,Positive,Positive,5,5,Positive,Positive
9307,Positive,Positive,5,5,Positive,Positive
9308,Positive,Positive,5,5,Positive,Positive
9309,Positive,Positive,5,5,Positive,Positive
9310,Positive,Positive,3,3,Neutral,Neutral
9311,Positive,Positive,4,4,Positive,Positive
9312,Positive,Positive,4,4,Positive,Positive
9313,Positive,Positive,1,1,Negative,Negative
9314,Positive,Positive,5,5,Positive,Positive
9315,Positive,Positive,3,3,Neutral,Neutral
9316,Positive,Positive,3,3,Neutral,Neutral
9317,Positive,Positive,5,5,Positive,Positive
9318,Positive,Positive,3,3,Neutral,Neutral
9319,Negative,Negative,4,4,Positive,Positive
9320,Negative,Negative,4,4,Positive,Positive
9321,Positive,Positive,1,1,Negative,Negative
9322,Positive,Positive,4,4,Positive,Positive
9323,Positive,Positive,4,4,Positive,Positive
9324,Positive,Positive,3,3,Neutral,Neutral
9325,Positive,Positive,4,4,Positive,Positive
9326,Neutral,Neutral,4,4,Positive,Positive
9327,Negative,Negative,3,3,Neutral,Neutral
9328,Positive,Positive,4,4,Positive,Positive
9329,Positive,Positive,5,5,Positive,Positive
9330,Neutral,Negative,2,2,Negative,Negative
9331,Positive,Positive,3,3,Neutral,Neutral
9332,Positive,Positive,5,5,Positive,Positive
9333,Positive,Positive,5,5,Positive,Positive
9334,Positive,Positive,3,4,Neutral,Positive
9335,Positive,Positive,5,5,Positive,Positive
9336,Positive,Positive,5,5,Positive,Positive
9337,Negative,Negative,3,3,Neutral,Neutral
9338,Positive,Positive,2,2,Negative,Negative
9339,Positive,Positive,4,4,Positive,Positive
9340,Negative,Negative,4,4,Positive,Positive
9341,Negative,Negative,3,3,Neutral,Neutral
9342,Positive,Positive,5,5,Positive,Positive
9343,Positive,Positive,5,5,Positive,Positive
9344,Positive,Positive,5,5,Positive,Positive
9345,Positive,Positive,5,5,Positive,Positive
9346,Positive,Positive,4,4,Positive,Positive
9347,Positive,Positive,5,5,Positive,Positive
9348,Positive,Positive,5,5,Positive,Positive
9349,Positive,Positive,3,3,Neutral,Neutral
9350,Positive,Positive,5,5,Positive,Positive
9351,Positive,Positive,5,5,Positive,Positive
9352,Positive,Positive,3,3,Neutral,Neutral
9353,Neutral,Neutral,4,4,Positive,Positive
9354,Positive,Positive,5,5,Positive,Positive
9355,Positive,Positive,2,2,Negative,Negative
9356,Positive,Positive,5,5,Positive,Positive
9357,Positive,Positive,3,3,Neutral,Neutral
9358,Positive,Positive,4,3,Positive,Neutral
9359,Positive,Positive,4,4,Positive,Positive
9360,Positive,Positive,5,5,Positive,Positive
9361,Positive,Positive,4,4,Positive,Positive
9362,Positive,Positive,4,4,Positive,Positive
9363,Positive,Positive,4,4,Positive,Positive
9364,Positive,Positive,3,3,Neutral,Neutral
9365,Positive,Positive,5,5,Positive,Positive
9366,Positive,Positive,3,3,Neutral,Neutral
9367,Neutral,Neutral,5,5,Positive,Positive
9368,Positive,Positive,4,4,Positive,Positive
9369,Positive,Positive,5,5,Positive,Positive
9370,Positive,Positive,5,5,Positive,Positive
9371,Negative,Negative,2,2,Negative,Negative
9372,Negative,Negative,2,2,Negative,Negative
9373,Positive,Positive,3,3,Neutral,Neutral
9374,Positive,Positive,4,4,Positive,Positive
9375,Negative,Negative,3,3,Neutral,Neutral
9376,Positive,Positive,5,5,Positive,Positive
9377,Positive,Positive,5,5,Positive,Positive
9378,Positive,Positive,3,2,Neutral,Negative
9379,Positive,Positive,5,5,Positive,Positive
9380,Positive,Positive,4,4,Positive,Positive
9381,Positive,Positive,5,5,Positive,Positive
9382,Positive,Positive,4,4,Positive,Positive
9383,Positive,Positive,5,5,Positive,Positive
9384,Neutral,Neutral,5,5,Positive,Positive
9385,Positive,Positive,3,3,Neutral,Neutral
9386,Positive,Positive,4,4,Positive,Positive
9387,Positive,Positive,3,3,Neutral,Neutral
9388,Positive,Positive,4,4,Positive,Positive
9389,Positive,Positive,2,2,Negative,Negative
9390,Negative,Negative,3,3,Neutral,Neutral
9391,Positive,Positive,4,4,Positive,Positive
9392,Positive,Positive,4,4,Positive,Positive
9393,Positive,Positive,4,4,Positive,Positive
9394,Positive,Positive,5,5,Positive,Positive
9395,Positive,Positive,1,1,Negative,Negative
9396,Positive,Positive,4,4,Positive,Positive
9397,Positive,Positive,5,5,Positive,Positive
9398,Positive,Positive,4,4,Positive,Positive
9399,Positive,Positive,4,4,Positive,Positive
9400,Negative,Negative,3,3,Neutral,Neutral
9401,Positive,Positive,5,5,Positive,Positive
9402,Positive,Positive,5,5,Positive,Positive
9403,Positive,Positive,2,2,Negative,Negative
9404,Positive,Positive,4,4,Positive,Positive
9405,Positive,Positive,5,5,Positive,Positive
9406,Negative,Negative,1,1,Negative,Negative
9407,Positive,Positive,5,5,Positive,Positive
9408,Positive,Positive,5,5,Positive,Positive
9409,Positive,Positive,5,5,Positive,Positive
9410,Positive,Positive,2,2,Negative,Negative
9411,Negative,Negative,4,4,Positive,Positive
9412,Positive,Positive,5,5,Positive,Positive
9413,Positive,Positive,5,5,Positive,Positive
9414,Negative,Negative,3,3,Neutral,Neutral
9415,Positive,Positive,5,5,Positive,Positive
9416,Positive,Positive,4,4,Positive,Positive
9417,Negative,Negative,4,4,Positive,Positive
9418,Positive,Positive,4,3,Positive,Neutral
9419,Positive,Positive,5,5,Positive,Positive
9420,Negative,Negative,4,4,Positive,Positive
9421,Positive,Positive,5,5,Positive,Positive
9422,Positive,Positive,4,4,Positive,Positive
9423,Positive,Positive,4,4,Positive,Positive
9424,Positive,Positive,5,5,Positive,Positive
9425,Positive,Positive,4,4,Positive,Positive
9426,Positive,Positive,4,4,Positive,Positive
9427,Positive,Positive,4,4,Positive,Positive
9428,Positive,Positive,4,4,Positive,Positive
9429,Positive,Positive,5,5,Positive,Positive
9430,Positive,Positive,4,4,Positive,Positive
9431,Positive,Positive,5,5,Positive,Positive
9432,Positive,Positive,3,3,Neutral,Neutral
9433,Positive,Positive,4,4,Positive,Positive
9434,Positive,Positive,5,5,Positive,Positive
9435,Positive,Positive,3,3,Neutral,Neutral
9436,Positive,Positive,4,4,Positive,Positive
9437,Positive,Positive,5,5,Positive,Positive
9438,Positive,Positive,5,5,Positive,Positive
9439,Negative,Negative,2,2,Negative,Negative
9440,Positive,Positive,5,5,Positive,Positive
9441,Positive,Positive,5,5,Positive,Positive
9442,Positive,Positive,4,4,Positive,Positive
9443,Positive,Positive,4,4,Positive,Positive
9444,Positive,Positive,5,5,Positive,Positive
9445,Positive,Positive,4,4,Positive,Positive
9446,Positive,Positive,4,4,Positive,Positive
9447,Positive,Positive,4,4,Positive,Positive
9448,Negative,Negative,3,3,Neutral,Neutral
9449,Positive,Positive,4,4,Positive,Positive
9450,Positive,Positive,3,3,Neutral,Neutral
9451,Positive,Positive,5,5,Positive,Positive
9452,Positive,Positive,3,3,Neutral,Neutral
9453,Positive,Positive,5,5,Positive,Positive
9454,Positive,Positive,1,1,Negative,Negative
9455,Positive,Positive,5,5,Positive,Positive
9456,Negative,Negative,3,3,Neutral,Neutral
9457,Positive,Positive,4,4,Positive,Positive
9458,Positive,Positive,4,4,Positive,Positive
9459,Positive,Positive,5,5,Positive,Positive
9460,Positive,Positive,2,2,Negative,Negative
9461,Positive,Positive,5,5,Positive,Positive
9462,Positive,Positive,5,5,Positive,Positive
9463,Positive,Positive,3,3,Neutral,Neutral
9464,Positive,Positive,5,5,Positive,Positive
9465,Positive,Positive,3,3,Neutral,Neutral
9466,Positive,Positive,4,4,Positive,Positive
9467,Positive,Positive,5,5,Positive,Positive
9468,Positive,Positive,5,5,Positive,Positive
9469,Positive,Positive,4,4,Positive,Positive
9470,Positive,Positive,4,4,Positive,Positive
9471,Positive,Positive,4,4,Positive,Positive
9472,Positive,Positive,4,4,Positive,Positive
9473,Positive,Positive,4,5,Positive,Positive
9474,Positive,Positive,4,4,Positive,Positive
9475,Positive,Positive,4,4,Positive,Positive
9476,Positive,Positive,4,4,Positive,Positive
9477,Neutral,Neutral,3,3,Neutral,Neutral
9478,Positive,Positive,3,3,Neutral,Neutral
9479,Positive,Positive,5,5,Positive,Positive
9480,Positive,Positive,5,5,Positive,Positive
9481,Positive,Positive,5,5,Positive,Positive
9482,Positive,Positive,4,4,Positive,Positive
9483,Neutral,Neutral,4,4,Positive,Positive
9484,Positive,Positive,5,5,Positive,Positive
9485,Positive,Positive,5,5,Positive,Positive
9486,Positive,Positive,5,5,Positive,Positive
9487,Negative,Negative,1,1,Negative,Negative
9488,Positive,Positive,4,4,Positive,Positive
9489,Positive,Positive,5,5,Positive,Positive
9490,Positive,Positive,5,5,Positive,Positive
9491,Positive,Positive,5,5,Positive,Positive
9492,Positive,Positive,3,3,Neutral,Neutral
9493,Positive,Positive,4,4,Positive,Positive
9494,Positive,Positive,4,4,Positive,Positive
9495,Positive,Positive,4,4,Positive,Positive
9496,Positive,Positive,4,4,Positive,Positive
9497,Positive,Positive,5,5,Positive,Positive
9498,Positive,Positive,5,5,Positive,Positive
9499,Positive,Positive,4,4,Positive,Positive
9500,Positive,Positive,1,1,Negative,Negative
9501,Negative,Negative,1,1,Negative,Negative
9502,Positive,Positive,5,5,Positive,Positive
9503,Positive,Positive,4,4,Positive,Positive
9504,Positive,Positive,2,2,Negative,Negative
9505,Positive,Positive,4,4,Positive,Positive
9506,Positive,Positive,5,5,Positive,Positive
9507,Positive,Positive,5,5,Positive,Positive
9508,Positive,Positive,2,2,Negative,Negative
9509,Positive,Positive,4,4,Positive,Positive
9510,Positive,Positive,3,3,Neutral,Neutral
9511,Positive,Positive,3,3,Neutral,Neutral
9512,Positive,Positive,5,5,Positive,Positive
9513,Positive,Positive,4,4,Positive,Positive
9514,Positive,Positive,4,4,Positive,Positive
9515,Positive,Positive,4,4,Positive,Positive
9516,Positive,Positive,5,5,Positive,Positive
9517,Positive,Positive,5,5,Positive,Positive
9518,Positive,Positive,5,5,Positive,Positive
9519,Positive,Positive,4,4,Positive,Positive
9520,Positive,Positive,5,5,Positive,Positive
9521,Positive,Positive,5,5,Positive,Positive
9522,Positive,Positive,4,4,Positive,Positive
9523,Positive,Positive,5,5,Positive,Positive
9524,Positive,Positive,3,3,Neutral,Neutral
9525,Positive,Positive,4,4,Positive,Positive
9526,Positive,Positive,5,5,Positive,Positive
9527,Positive,Positive,5,5,Positive,Positive
9528,Positive,Positive,5,5,Positive,Positive
9529,Positive,Positive,4,4,Positive,Positive
9530,Positive,Positive,5,5,Positive,Positive
9531,Positive,Positive,3,3,Neutral,Neutral
9532,Positive,Positive,5,5,Positive,Positive
9533,Positive,Positive,5,5,Positive,Positive
9534,Positive,Positive,4,4,Positive,Positive
9535,Positive,Positive,3,3,Neutral,Neutral
9536,Positive,Positive,4,4,Positive,Positive
9537,Positive,Positive,5,5,Positive,Positive
9538,Negative,Negative,4,4,Positive,Positive
9539,Positive,Positive,5,5,Positive,Positive
9540,Positive,Positive,5,5,Positive,Positive
9541,Negative,Negative,2,2,Negative,Negative
9542,Positive,Positive,5,5,Positive,Positive
9543,Positive,Positive,4,4,Positive,Positive
9544,Positive,Positive,5,5,Positive,Positive
9545,Positive,Positive,5,5,Positive,Positive
9546,Positive,Positive,4,4,Positive,Positive
9547,Positive,Positive,5,5,Positive,Positive
9548,Positive,Positive,5,5,Positive,Positive
9549,Positive,Positive,5,5,Positive,Positive
9550,Positive,Positive,4,4,Positive,Positive
9551,Positive,Positive,5,5,Positive,Positive
9552,Positive,Positive,5,5,Positive,Positive
9553,Positive,Positive,5,5,Positive,Positive
9554,Positive,Positive,4,4,Positive,Positive
9555,Positive,Positive,5,5,Positive,Positive
9556,Positive,Positive,2,2,Negative,Negative
9557,Positive,Positive,5,5,Positive,Positive
9558,Positive,Positive,5,5,Positive,Positive
9559,Positive,Positive,5,5,Positive,Positive
9560,Positive,Positive,5,5,Positive,Positive
9561,Negative,Negative,1,1,Negative,Negative
9562,Positive,Positive,5,5,Positive,Positive
9563,Positive,Positive,5,5,Positive,Positive
9564,Positive,Positive,5,5,Positive,Positive
9565,Positive,Positive,4,4,Positive,Positive
9566,Neutral,Neutral,5,5,Positive,Positive
9567,Positive,Positive,5,5,Positive,Positive
9568,Positive,Positive,5,5,Positive,Positive
9569,Positive,Positive,5,5,Positive,Positive
9570,Positive,Positive,5,5,Positive,Positive
9571,Positive,Positive,4,4,Positive,Positive
9572,Positive,Positive,4,4,Positive,Positive
9573,Positive,Positive,5,5,Positive,Positive
9574,Negative,Negative,3,3,Neutral,Neutral
9575,Positive,Positive,4,4,Positive,Positive
9576,Positive,Positive,5,5,Positive,Positive
9577,Positive,Positive,5,5,Positive,Positive
9578,Positive,Positive,3,3,Neutral,Neutral
9579,Positive,Positive,5,5,Positive,Positive
9580,Positive,Positive,5,5,Positive,Positive
9581,Positive,Positive,5,5,Positive,Positive
9582,Positive,Positive,5,5,Positive,Positive
9583,Positive,Positive,4,4,Positive,Positive
9584,Positive,Positive,5,5,Positive,Positive
9585,Positive,Positive,5,5,Positive,Positive
9586,Positive,Positive,3,3,Neutral,Neutral
9587,Positive,Positive,4,4,Positive,Positive
9588,Positive,Positive,5,5,Positive,Positive
9589,Positive,Positive,4,4,Positive,Positive
9590,Positive,Positive,4,4,Positive,Positive
9591,Positive,Positive,4,4,Positive,Positive
9592,Positive,Positive,3,3,Neutral,Neutral
9593,Positive,Positive,3,3,Neutral,Neutral
9594,Positive,Positive,4,4,Positive,Positive
9595,Negative,Negative,1,1,Negative,Negative
9596,Positive,Positive,5,5,Positive,Positive
9597,Positive,Positive,5,5,Positive,Positive
9598,Positive,Positive,5,5,Positive,Positive
9599,Positive,Positive,5,5,Positive,Positive
9600,Positive,Positive,4,4,Positive,Positive
9601,Positive,Positive,5,5,Positive,Positive
9602,Positive,Positive,5,5,Positive,Positive
9603,Positive,Positive,5,5,Positive,Positive
9604,Positive,Positive,5,5,Positive,Positive
9605,Positive,Positive,4,4,Positive,Positive
9606,Positive,Positive,2,2,Negative,Negative
9607,Positive,Positive,5,5,Positive,Positive
9608,Positive,Positive,3,3,Neutral,Neutral
9609,Neutral,Neutral,5,5,Positive,Positive
9610,Positive,Positive,5,5,Positive,Positive
9611,Positive,Positive,3,3,Neutral,Neutral
9612,Positive,Positive,5,5,Positive,Positive
9613,Positive,Positive,2,2,Negative,Negative
9614,Negative,Negative,3,3,Neutral,Neutral
9615,Negative,Negative,1,1,Negative,Negative
9616,Positive,Positive,5,5,Positive,Positive
9617,Positive,Positive,4,4,Positive,Positive
9618,Positive,Positive,5,5,Positive,Positive
9619,Positive,Positive,3,3,Neutral,Neutral
9620,Positive,Positive,3,3,Neutral,Neutral
9621,Positive,Positive,5,5,Positive,Positive
9622,Positive,Positive,3,3,Neutral,Neutral
9623,Positive,Positive,4,4,Positive,Positive
9624,Positive,Positive,5,5,Positive,Positive
9625,Positive,Positive,5,5,Positive,Positive
9626,Positive,Positive,4,4,Positive,Positive
9627,Positive,Positive,5,5,Positive,Positive
9628,Positive,Positive,4,4,Positive,Positive
9629,Positive,Positive,5,5,Positive,Positive
9630,Positive,Positive,4,4,Positive,Positive
9631,Positive,Positive,5,5,Positive,Positive
9632,Negative,Negative,4,4,Positive,Positive
9633,Neutral,Neutral,5,5,Positive,Positive
9634,Positive,Positive,5,5,Positive,Positive
9635,Negative,Negative,3,3,Neutral,Neutral
9636,Positive,Positive,4,4,Positive,Positive
9637,Positive,Positive,4,4,Positive,Positive
9638,Positive,Positive,4,4,Positive,Positive
9639,Positive,Positive,4,4,Positive,Positive
9640,Neutral,Neutral,4,4,Positive,Positive
9641,Positive,Positive,4,4,Positive,Positive
9642,Positive,Positive,5,5,Positive,Positive
9643,Positive,Positive,5,5,Positive,Positive
9644,Positive,Positive,1,1,Negative,Negative
9645,Negative,Negative,1,1,Negative,Negative
9646,Positive,Positive,5,5,Positive,Positive
9647,Positive,Positive,3,3,Neutral,Neutral
9648,Negative,Negative,3,3,Neutral,Neutral
9649,Positive,Positive,5,5,Positive,Positive
9650,Positive,Positive,3,3,Neutral,Neutral
9651,Positive,Positive,5,5,Positive,Positive
9652,Positive,Positive,5,5,Positive,Positive
9653,Positive,Positive,4,4,Positive,Positive
9654,Positive,Positive,5,5,Positive,Positive
9655,Positive,Positive,5,5,Positive,Positive
9656,Positive,Positive,5,5,Positive,Positive
9657,Positive,Positive,2,2,Negative,Negative
9658,Positive,Positive,5,5,Positive,Positive
9659,Positive,Positive,3,3,Neutral,Neutral
9660,Positive,Positive,5,5,Positive,Positive
9661,Positive,Positive,4,4,Positive,Positive
9662,Positive,Positive,5,1,Positive,Negative
9663,Positive,Positive,3,3,Neutral,Neutral
9664,Positive,Positive,1,1,Negative,Negative
9665,Positive,Positive,5,5,Positive,Positive
9666,Positive,Positive,5,5,Positive,Positive
9667,Positive,Positive,5,5,Positive,Positive
9668,Positive,Positive,4,4,Positive,Positive
9669,Negative,Negative,1,1,Negative,Negative
9670,Positive,Positive,5,5,Positive,Positive
9671,Positive,Positive,5,5,Positive,Positive
9672,Positive,Positive,5,5,Positive,Positive
9673,Positive,Positive,3,3,Neutral,Neutral
9674,Positive,Positive,4,4,Positive,Positive
9675,Positive,Positive,5,5,Positive,Positive
9676,Positive,Positive,5,5,Positive,Positive
9677,Positive,Positive,5,5,Positive,Positive
9678,Positive,Positive,5,5,Positive,Positive
9679,Positive,Positive,4,4,Positive,Positive
9680,Positive,Positive,5,5,Positive,Positive
9681,Positive,Positive,5,5,Positive,Positive
9682,Positive,Positive,4,4,Positive,Positive
9683,Positive,Positive,5,5,Positive,Positive
9684,Positive,Positive,4,4,Positive,Positive
9685,Positive,Positive,4,4,Positive,Positive
9686,Positive,Positive,4,4,Positive,Positive
9687,Negative,Negative,2,2,Negative,Negative
9688,Positive,Positive,5,5,Positive,Positive
9689,Positive,Positive,4,4,Positive,Positive
9690,Neutral,Neutral,4,4,Positive,Positive
9691,Positive,Positive,3,3,Neutral,Neutral
9692,Positive,Positive,3,3,Neutral,Neutral
9693,Positive,Positive,5,5,Positive,Positive
9694,Positive,Positive,3,3,Neutral,Neutral
9695,Positive,Positive,4,4,Positive,Positive
9696,Positive,Positive,4,4,Positive,Positive
9697,Positive,Positive,5,5,Positive,Positive
9698,Positive,Positive,5,5,Positive,Positive
9699,Neutral,Neutral,5,5,Positive,Positive
9700,Positive,Positive,4,4,Positive,Positive
9701,Positive,Positive,3,3,Neutral,Neutral
9702,Positive,Positive,5,5,Positive,Positive
9703,Positive,Positive,4,4,Positive,Positive
9704,Positive,Positive,5,5,Positive,Positive
9705,Positive,Positive,5,5,Positive,Positive
9706,Positive,Positive,5,5,Positive,Positive
9707,Positive,Positive,4,4,Positive,Positive
9708,Positive,Positive,4,4,Positive,Positive
9709,Positive,Positive,5,5,Positive,Positive
9710,Negative,Negative,3,3,Neutral,Neutral
9711,Negative,Negative,1,1,Negative,Negative
9712,Positive,Positive,4,4,Positive,Positive
9713,Positive,Positive,5,5,Positive,Positive
9714,Positive,Positive,5,5,Positive,Positive
9715,Positive,Positive,5,5,Positive,Positive
9716,Positive,Positive,5,5,Positive,Positive
9717,Positive,Positive,5,5,Positive,Positive
9718,Positive,Positive,4,4,Positive,Positive
9719,Positive,Positive,4,4,Positive,Positive
9720,Positive,Positive,2,2,Negative,Negative
9721,Positive,Positive,5,5,Positive,Positive
9722,Positive,Positive,5,5,Positive,Positive
9723,Positive,Positive,5,5,Positive,Positive
9724,Positive,Positive,5,5,Positive,Positive
9725,Negative,Negative,4,4,Positive,Positive
9726,Positive,Positive,5,5,Positive,Positive
9727,Positive,Positive,4,4,Positive,Positive
9728,Negative,Negative,3,3,Neutral,Neutral
9729,Positive,Positive,5,5,Positive,Positive
9730,Positive,Positive,5,5,Positive,Positive
9731,Positive,Positive,5,5,Positive,Positive
9732,Positive,Positive,3,3,Neutral,Neutral
9733,Positive,Positive,5,5,Positive,Positive
9734,Positive,Positive,5,5,Positive,Positive
9735,Positive,Positive,5,5,Positive,Positive
9736,Positive,Positive,4,4,Positive,Positive
9737,Positive,Positive,5,5,Positive,Positive
9738,Positive,Positive,5,5,Positive,Positive
9739,Positive,Positive,4,4,Positive,Positive
9740,Positive,Positive,5,5,Positive,Positive
9741,Positive,Positive,4,4,Positive,Positive
9742,Positive,Positive,5,5,Positive,Positive
9743,Positive,Positive,4,4,Positive,Positive
9744,Positive,Positive,5,5,Positive,Positive
9745,Positive,Positive,4,4,Positive,Positive
9746,Positive,Positive,4,4,Positive,Positive
9747,Positive,Positive,4,4,Positive,Positive
9748,Positive,Positive,4,4,Positive,Positive
9749,Positive,Positive,3,3,Neutral,Neutral
9750,Positive,Positive,4,4,Positive,Positive
9751,Positive,Positive,5,5,Positive,Positive
9752,Positive,Positive,5,5,Positive,Positive
9753,Positive,Positive,3,3,Neutral,Neutral
9754,Positive,Positive,5,5,Positive,Positive
9755,Positive,Positive,5,5,Positive,Positive
9756,Positive,Positive,5,5,Positive,Positive
9757,Positive,Positive,4,4,Positive,Positive
9758,Positive,Positive,3,3,Neutral,Neutral
9759,Positive,Positive,5,5,Positive,Positive
9760,Positive,Positive,5,5,Positive,Positive
9761,Positive,Positive,4,4,Positive,Positive
9762,Positive,Positive,5,5,Positive,Positive
9763,Positive,Positive,5,5,Positive,Positive
9764,Positive,Positive,5,5,Positive,Positive
9765,Positive,Positive,3,3,Neutral,Neutral
9766,Positive,Positive,5,5,Positive,Positive
9767,Positive,Positive,5,5,Positive,Positive
9768,Positive,Positive,4,4,Positive,Positive
9769,Positive,Positive,4,4,Positive,Positive
9770,Positive,Positive,5,5,Positive,Positive
9771,Positive,Positive,5,5,Positive,Positive
9772,Positive,Positive,3,3,Neutral,Neutral
9773,Positive,Positive,4,4,Positive,Positive
9774,Positive,Positive,5,5,Positive,Positive
9775,Positive,Positive,5,5,Positive,Positive
9776,Positive,Positive,4,4,Positive,Positive
9777,Positive,Positive,5,5,Positive,Positive
9778,Positive,Positive,4,4,Positive,Positive
9779,Positive,Positive,5,5,Positive,Positive
9780,Positive,Positive,4,4,Positive,Positive
9781,Positive,Positive,5,5,Positive,Positive
9782,Negative,Negative,2,2,Negative,Negative
9783,Positive,Positive,5,5,Positive,Positive
9784,Neutral,Neutral,4,4,Positive,Positive
9785,Positive,Positive,5,5,Positive,Positive
9786,Positive,Positive,5,5,Positive,Positive
9787,Positive,Positive,5,5,Positive,Positive
9788,Negative,Negative,4,4,Positive,Positive
9789,Positive,Positive,4,4,Positive,Positive
9790,Positive,Positive,4,4,Positive,Positive
9791,Positive,Positive,5,5,Positive,Positive
9792,Positive,Positive,4,4,Positive,Positive
9793,Positive,Positive,4,4,Positive,Positive
9794,Positive,Positive,4,4,Positive,Positive
9795,Positive,Positive,5,5,Positive,Positive
9796,Positive,Positive,5,5,Positive,Positive
9797,Positive,Positive,4,4,Positive,Positive
9798,Positive,Positive,5,5,Positive,Positive
9799,Positive,Positive,5,5,Positive,Positive
9800,Positive,Positive,5,5,Positive,Positive
9801,Positive,Positive,4,4,Positive,Positive
9802,Positive,Positive,4,4,Positive,Positive
9803,Positive,Positive,5,5,Positive,Positive
9804,Positive,Positive,4,4,Positive,Positive
9805,Positive,Positive,4,4,Positive,Positive
9806,Positive,Positive,5,5,Positive,Positive
9807,Positive,Positive,3,3,Neutral,Neutral
9808,Positive,Positive,5,5,Positive,Positive
9809,Positive,Positive,4,4,Positive,Positive
9810,Positive,Positive,3,3,Neutral,Neutral
9811,Negative,Negative,3,3,Neutral,Neutral
9812,Positive,Positive,4,4,Positive,Positive
9813,Positive,Positive,4,4,Positive,Positive
9814,Positive,Positive,5,5,Positive,Positive
9815,Positive,Positive,4,4,Positive,Positive
9816,Positive,Positive,5,5,Positive,Positive
9817,Positive,Positive,5,5,Positive,Positive
9818,Positive,Positive,5,5,Positive,Positive
9819,Positive,Positive,4,4,Positive,Positive
9820,Positive,Positive,5,5,Positive,Positive
9821,Positive,Positive,5,5,Positive,Positive
9822,Positive,Positive,5,5,Positive,Positive
9823,Positive,Positive,4,4,Positive,Positive
9824,Positive,Positive,5,5,Positive,Positive
9825,Positive,Positive,5,5,Positive,Positive
9826,Positive,Positive,5,5,Positive,Positive
9827,Positive,Positive,4,4,Positive,Positive
9828,Positive,Positive,5,5,Positive,Positive
9829,Positive,Positive,4,4,Positive,Positive
9830,Positive,Positive,5,5,Positive,Positive
9831,Positive,Positive,5,5,Positive,Positive
9832,Positive,Positive,4,4,Positive,Positive
9833,Positive,Positive,5,5,Positive,Positive
9834,Positive,Positive,4,4,Positive,Positive
9835,Positive,Positive,5,5,Positive,Positive
9836,Positive,Positive,5,5,Positive,Positive
9837,Positive,Positive,5,5,Positive,Positive
9838,Positive,Positive,5,5,Positive,Positive
9839,Positive,Positive,3,3,Neutral,Neutral
9840,Positive,Positive,5,5,Positive,Positive
9841,Positive,Positive,5,5,Positive,Positive
9842,Positive,Positive,5,5,Positive,Positive
9843,Positive,Positive,5,5,Positive,Positive
9844,Positive,Positive,4,4,Positive,Positive
9845,Positive,Positive,5,5,Positive,Positive
9846,Positive,Positive,4,4,Positive,Positive
9847,Positive,Positive,5,5,Positive,Positive
9848,Positive,Positive,4,4,Positive,Positive
9849,Positive,Positive,5,5,Positive,Positive
9850,Positive,Positive,5,5,Positive,Positive
9851,Positive,Positive,5,5,Positive,Positive
9852,Positive,Positive,4,4,Positive,Positive
9853,Positive,Positive,4,4,Positive,Positive
9854,Positive,Positive,5,5,Positive,Positive
9855,Negative,Negative,2,2,Negative,Negative
9856,Positive,Positive,2,2,Negative,Negative
9857,Positive,Positive,5,5,Positive,Positive
9858,Positive,Positive,4,4,Positive,Positive
9859,Positive,Positive,5,5,Positive,Positive
9860,Positive,Positive,3,3,Neutral,Neutral
9861,Positive,Positive,4,4,Positive,Positive
9862,Positive,Positive,3,3,Neutral,Neutral
9863,Positive,Positive,4,4,Positive,Positive
9864,Positive,Positive,3,3,Neutral,Neutral
9865,Positive,Positive,3,3,Neutral,Neutral
9866,Positive,Positive,4,4,Positive,Positive
9867,Positive,Positive,5,5,Positive,Positive
9868,Positive,Positive,4,4,Positive,Positive
9869,Positive,Positive,3,3,Neutral,Neutral
9870,Positive,Positive,4,4,Positive,Positive
9871,Positive,Positive,4,4,Positive,Positive
9872,Positive,Positive,4,4,Positive,Positive
9873,Positive,Positive,5,5,Positive,Positive
9874,Positive,Positive,4,4,Positive,Positive
9875,Positive,Positive,5,5,Positive,Positive
9876,Positive,Positive,3,3,Neutral,Neutral
9877,Positive,Positive,4,4,Positive,Positive
9878,Positive,Positive,4,4,Positive,Positive
9879,Positive,Positive,4,4,Positive,Positive
9880,Positive,Negative,4,4,Positive,Positive
9881,Positive,Positive,5,5,Positive,Positive
9882,Positive,Positive,5,5,Positive,Positive
9883,Neutral,Neutral,3,3,Neutral,Neutral
9884,Positive,Positive,5,5,Positive,Positive
9885,Positive,Positive,5,5,Positive,Positive
9886,Positive,Positive,4,4,Positive,Positive
9887,Positive,Positive,5,5,Positive,Positive
9888,Positive,Positive,4,4,Positive,Positive
9889,Positive,Positive,3,3,Neutral,Neutral
9890,Positive,Positive,5,5,Positive,Positive
9891,Positive,Positive,5,5,Positive,Positive
9892,Positive,Positive,3,3,Neutral,Neutral
9893,Positive,Positive,3,3,Neutral,Neutral
9894,Positive,Positive,4,4,Positive,Positive
9895,Positive,Positive,4,4,Positive,Positive
9896,Positive,Positive,5,5,Positive,Positive
9897,Positive,Positive,5,5,Positive,Positive
9898,Positive,Positive,4,4,Positive,Positive
9899,Positive,Positive,4,4,Positive,Positive
9900,Positive,Positive,5,5,Positive,Positive
9901,Positive,Positive,3,3,Neutral,Neutral
9902,Positive,Positive,3,3,Neutral,Neutral
9903,Positive,Positive,4,4,Positive,Positive
9904,Positive,Positive,4,4,Positive,Positive
9905,Positive,Positive,5,5,Positive,Positive
9906,Positive,Positive,5,5,Positive,Positive
9907,Positive,Positive,3,3,Neutral,Neutral
9908,Positive,Positive,4,4,Positive,Positive
9909,Positive,Positive,5,5,Positive,Positive
9910,Positive,Positive,5,5,Positive,Positive
9911,Positive,Positive,4,4,Positive,Positive
9912,Positive,Positive,4,4,Positive,Positive
9913,Positive,Positive,4,4,Positive,Positive
9914,Positive,Positive,3,3,Neutral,Neutral
9915,Positive,Positive,4,4,Positive,Positive
9916,Negative,Negative,2,2,Negative,Negative
9917,Negative,Negative,3,3,Neutral,Neutral
9918,Positive,Positive,5,5,Positive,Positive
9919,Positive,Positive,5,5,Positive,Positive
9920,Positive,Positive,3,3,Neutral,Neutral
9921,Positive,Positive,5,5,Positive,Positive
9922,Positive,Positive,3,3,Neutral,Neutral
9923,Positive,Positive,5,5,Positive,Positive
9924,Positive,Positive,4,4,Positive,Positive
9925,Negative,Negative,2,2,Negative,Negative
9926,Negative,Negative,3,3,Neutral,Neutral
9927,Positive,Positive,3,3,Neutral,Neutral
9928,Negative,Negative,2,2,Negative,Negative
9929,Positive,Positive,3,3,Neutral,Neutral
9930,Positive,Positive,4,4,Positive,Positive
9931,Positive,Positive,4,4,Positive,Positive
9932,Positive,Positive,5,5,Positive,Positive
9933,Positive,Positive,5,5,Positive,Positive
9934,Positive,Positive,4,4,Positive,Positive
9935,Positive,Positive,5,5,Positive,Positive
9936,Positive,Positive,5,5,Positive,Positive
9937,Positive,Positive,5,5,Positive,Positive
9938,Positive,Positive,5,5,Positive,Positive
9939,Positive,Positive,5,5,Positive,Positive
9940,Positive,Positive,4,4,Positive,Positive
9941,Positive,Positive,4,4,Positive,Positive
9942,Positive,Positive,4,4,Positive,Positive
9943,Positive,Positive,5,5,Positive,Positive
9944,Positive,Positive,4,4,Positive,Positive
9945,Positive,Positive,4,4,Positive,Positive
9946,Neutral,Neutral,5,5,Positive,Positive
9947,Negative,Negative,5,5,Positive,Positive
9948,Positive,Positive,4,4,Positive,Positive
9949,Positive,Positive,5,5,Positive,Positive
9950,Positive,Positive,3,3,Neutral,Neutral
9951,Positive,Positive,4,4,Positive,Positive
9952,Positive,Positive,5,5,Positive,Positive
9953,Positive,Positive,5,5,Positive,Positive
9954,Positive,Positive,4,4,Positive,Positive
9955,Positive,Positive,3,3,Neutral,Neutral
9956,Positive,Positive,5,5,Positive,Positive
9957,Negative,Negative,2,2,Negative,Negative
9958,Positive,Positive,5,5,Positive,Positive
9959,Positive,Positive,5,5,Positive,Positive
9960,Positive,Positive,4,4,Positive,Positive
9961,Positive,Positive,5,5,Positive,Positive
9962,Positive,Positive,5,5,Positive,Positive
9963,Negative,Negative,1,1,Negative,Negative
9964,Positive,Positive,4,4,Positive,Positive
9965,Positive,Positive,4,4,Positive,Positive
9966,Positive,Positive,4,4,Positive,Positive
9967,Negative,Negative,4,4,Positive,Positive
9968,Positive,Positive,5,5,Positive,Positive
9969,Positive,Positive,5,5,Positive,Positive
9970,Positive,Positive,5,5,Positive,Positive
9971,Positive,Positive,4,4,Positive,Positive
9972,Positive,Positive,5,5,Positive,Positive
9973,Positive,Positive,4,4,Positive,Positive
9974,Positive,Positive,5,5,Positive,Positive
9975,Positive,Positive,5,5,Positive,Positive
9976,Positive,Positive,5,5,Positive,Positive
9977,Positive,Positive,5,5,Positive,Positive
9978,Positive,Positive,4,4,Positive,Positive
9979,Positive,Positive,4,4,Positive,Positive
9980,Positive,Positive,4,4,Positive,Positive
9981,Positive,Positive,2,2,Negative,Negative
9982,Positive,Positive,4,5,Positive,Positive
9983,Positive,Positive,5,5,Positive,Positive
9984,Positive,Positive,4,4,Positive,Positive
9985,Positive,Positive,5,5,Positive,Positive
9986,Positive,Positive,5,5,Positive,Positive
9987,Positive,Positive,5,5,Positive,Positive
9988,Positive,Positive,5,4,Positive,Positive
9989,Positive,Positive,3,3,Neutral,Neutral
9990,Positive,Positive,5,5,Positive,Positive
9991,Positive,Positive,4,4,Positive,Positive
9992,Positive,Positive,5,5,Positive,Positive
9993,Positive,Positive,4,4,Positive,Positive
9994,Positive,Positive,4,4,Positive,Positive
9995,Negative,Negative,2,2,Negative,Negative
9996,Positive,Positive,5,5,Positive,Positive
9997,Positive,Positive,5,5,Positive,Positive
9998,Positive,Positive,2,2,Negative,Negative
9999,Positive,Positive,5,5,Positive,Positive
10000,Positive,Positive,4,4,Positive,Positive
10001,Positive,Positive,5,5,Positive,Positive
10002,Positive,Positive,4,4,Positive,Positive
10003,Positive,Positive,5,5,Positive,Positive
10004,Positive,Positive,5,5,Positive,Positive
10005,Positive,Positive,4,4,Positive,Positive
10006,Negative,Negative,4,4,Positive,Positive
10007,Positive,Positive,5,5,Positive,Positive
10008,Positive,Positive,4,4,Positive,Positive
10009,Positive,Positive,5,5,Positive,Positive
10010,Positive,Positive,4,4,Positive,Positive
10011,Positive,Positive,4,4,Positive,Positive
10012,Positive,Positive,5,5,Positive,Positive
10013,Positive,Positive,5,5,Positive,Positive
10014,Negative,Negative,3,3,Neutral,Neutral
10015,Positive,Positive,5,5,Positive,Positive
10016,Positive,Positive,2,2,Negative,Negative
10017,Positive,Positive,5,5,Positive,Positive
10018,Positive,Positive,5,5,Positive,Positive
10019,Positive,Positive,3,3,Neutral,Neutral
10020,Positive,Positive,3,3,Neutral,Neutral
10021,Positive,Positive,4,4,Positive,Positive
10022,Positive,Positive,3,3,Neutral,Neutral
10023,Positive,Positive,5,5,Positive,Positive
10024,Positive,Positive,4,4,Positive,Positive
10025,Negative,Negative,4,4,Positive,Positive
10026,Positive,Positive,4,4,Positive,Positive
10027,Positive,Positive,4,4,Positive,Positive
10028,Positive,Positive,3,3,Neutral,Neutral
10029,Positive,Positive,4,4,Positive,Positive
10030,Positive,Positive,5,5,Positive,Positive
10031,Positive,Positive,5,5,Positive,Positive
10032,Positive,Positive,3,3,Neutral,Neutral
10033,Negative,Negative,3,3,Neutral,Neutral
10034,Positive,Positive,4,4,Positive,Positive
10035,Positive,Positive,4,4,Positive,Positive
10036,Positive,Positive,4,4,Positive,Positive
10037,Positive,Positive,5,5,Positive,Positive
10038,Neutral,Neutral,4,4,Positive,Positive
10039,Negative,Negative,5,5,Positive,Positive
10040,Positive,Positive,4,4,Positive,Positive
10041,Positive,Positive,5,5,Positive,Positive
10042,Negative,Positive,4,3,Positive,Neutral
10043,Positive,Positive,5,5,Positive,Positive
10044,Positive,Positive,4,4,Positive,Positive
10045,Positive,Positive,4,4,Positive,Positive
10046,Positive,Positive,4,4,Positive,Positive
10047,Positive,Positive,4,4,Positive,Positive
10048,Positive,Positive,2,2,Negative,Negative
10049,Positive,Positive,5,5,Positive,Positive
10050,Positive,Positive,4,4,Positive,Positive
10051,Positive,Positive,3,3,Neutral,Neutral
10052,Positive,Positive,4,4,Positive,Positive
10053,Positive,Positive,3,3,Neutral,Neutral
10054,Positive,Positive,5,5,Positive,Positive
10055,Positive,Positive,4,4,Positive,Positive
10056,Positive,Positive,4,4,Positive,Positive
10057,Positive,Positive,4,4,Positive,Positive
10058,Positive,Positive,5,5,Positive,Positive
10059,Positive,Positive,5,5,Positive,Positive
10060,Positive,Positive,5,5,Positive,Positive
10061,Negative,Negative,3,3,Neutral,Neutral
10062,Positive,Positive,5,5,Positive,Positive
10063,Positive,Positive,4,4,Positive,Positive
10064,Positive,Positive,5,5,Positive,Positive
10065,Neutral,Neutral,2,2,Negative,Negative
10066,Positive,Positive,5,5,Positive,Positive
10067,Positive,Positive,4,4,Positive,Positive
10068,Positive,Positive,3,3,Neutral,Neutral
10069,Positive,Positive,4,4,Positive,Positive
10070,Positive,Positive,5,5,Positive,Positive
10071,Positive,Positive,5,5,Positive,Positive
10072,Positive,Positive,5,5,Positive,Positive
10073,Positive,Positive,5,5,Positive,Positive
10074,Positive,Positive,5,5,Positive,Positive
10075,Positive,Positive,5,5,Positive,Positive
10076,Positive,Positive,4,4,Positive,Positive
10077,Positive,Positive,4,4,Positive,Positive
10078,Positive,Positive,4,4,Positive,Positive
10079,Positive,Positive,5,5,Positive,Positive
10080,Positive,Positive,3,3,Neutral,Neutral
10081,Neutral,Neutral,3,3,Neutral,Neutral
10082,Positive,Positive,5,5,Positive,Positive
10083,Positive,Positive,4,4,Positive,Positive
10084,Positive,Positive,3,3,Neutral,Neutral
10085,Positive,Positive,5,5,Positive,Positive
10086,Positive,Positive,5,5,Positive,Positive
10087,Positive,Positive,5,5,Positive,Positive
10088,Positive,Positive,4,4,Positive,Positive
10089,Positive,Positive,4,4,Positive,Positive
10090,Positive,Positive,4,4,Positive,Positive
10091,Positive,Positive,5,5,Positive,Positive
10092,Positive,Positive,5,5,Positive,Positive
10093,Positive,Positive,4,4,Positive,Positive
10094,Positive,Positive,4,4,Positive,Positive
10095,Positive,Positive,3,3,Neutral,Neutral
10096,Positive,Positive,4,4,Positive,Positive
10097,Negative,Negative,2,2,Negative,Negative
10098,Positive,Positive,4,4,Positive,Positive
10099,Positive,Positive,4,4,Positive,Positive
10100,Positive,Positive,5,5,Positive,Positive
10101,Positive,Positive,5,5,Positive,Positive
10102,Positive,Positive,3,3,Neutral,Neutral
10103,Positive,Positive,5,5,Positive,Positive
10104,Positive,Positive,3,3,Neutral,Neutral
10105,Positive,Positive,5,5,Positive,Positive
10106,Positive,Positive,5,5,Positive,Positive
10107,Positive,Positive,5,5,Positive,Positive
10108,Positive,Positive,4,4,Positive,Positive
10109,Positive,Positive,4,4,Positive,Positive
10110,Positive,Positive,5,5,Positive,Positive
10111,Positive,Positive,4,3,Positive,Neutral
10112,Positive,Positive,4,5,Positive,Positive
10113,Positive,Positive,4,4,Positive,Positive
10114,Positive,Positive,5,5,Positive,Positive
10115,Positive,Positive,5,5,Positive,Positive
10116,Neutral,Neutral,3,3,Neutral,Neutral
10117,Positive,Positive,5,5,Positive,Positive
10118,Positive,Positive,5,5,Positive,Positive
10119,Positive,Positive,3,3,Neutral,Neutral
10120,Positive,Positive,2,2,Negative,Negative
10121,Positive,Positive,5,5,Positive,Positive
10122,Positive,Positive,5,5,Positive,Positive
10123,Positive,Positive,4,4,Positive,Positive
10124,Positive,Positive,4,4,Positive,Positive
10125,Positive,Positive,5,5,Positive,Positive
10126,Positive,Positive,5,5,Positive,Positive
10127,Positive,Positive,5,5,Positive,Positive
10128,Positive,Positive,2,2,Negative,Negative
10129,Positive,Positive,5,5,Positive,Positive
10130,Positive,Positive,4,4,Positive,Positive
10131,Negative,Negative,2,2,Negative,Negative
10132,Positive,Positive,4,4,Positive,Positive
10133,Positive,Positive,4,4,Positive,Positive
10134,Positive,Positive,5,5,Positive,Positive
10135,Positive,Positive,5,5,Positive,Positive
10136,Positive,Positive,5,5,Positive,Positive
10137,Negative,Negative,4,4,Positive,Positive
10138,Positive,Positive,4,4,Positive,Positive
10139,Positive,Positive,5,5,Positive,Positive
10140,Positive,Positive,4,4,Positive,Positive
10141,Positive,Positive,5,5,Positive,Positive
10142,Positive,Positive,4,4,Positive,Positive
10143,Positive,Positive,5,5,Positive,Positive
10144,Positive,Positive,4,4,Positive,Positive
10145,Positive,Positive,3,3,Neutral,Neutral
10146,Positive,Positive,4,4,Positive,Positive
10147,Negative,Negative,1,1,Negative,Negative
10148,Positive,Positive,5,5,Positive,Positive
10149,Positive,Positive,4,3,Positive,Neutral
10150,Positive,Positive,5,5,Positive,Positive
10151,Positive,Positive,4,4,Positive,Positive
10152,Positive,Positive,5,5,Positive,Positive
10153,Positive,Positive,3,3,Neutral,Neutral
10154,Positive,Positive,5,5,Positive,Positive
10155,Negative,Negative,2,2,Negative,Negative
10156,Negative,Negative,1,1,Negative,Negative
10157,Positive,Positive,3,3,Neutral,Neutral
10158,Positive,Positive,5,5,Positive,Positive
10159,Positive,Positive,5,5,Positive,Positive
10160,Negative,Negative,2,2,Negative,Negative
10161,Positive,Positive,5,5,Positive,Positive
10162,Positive,Positive,3,3,Neutral,Neutral
10163,Positive,Positive,4,4,Positive,Positive
10164,Positive,Positive,5,5,Positive,Positive
10165,Positive,Positive,4,4,Positive,Positive
10166,Positive,Positive,4,4,Positive,Positive
10167,Positive,Positive,5,5,Positive,Positive
10168,Positive,Positive,3,3,Neutral,Neutral
10169,Positive,Negative,2,2,Negative,Negative
10170,Neutral,Neutral,5,5,Positive,Positive
10171,Positive,Positive,4,4,Positive,Positive
10172,Positive,Positive,4,4,Positive,Positive
10173,Positive,Positive,5,5,Positive,Positive
10174,Positive,Positive,3,3,Neutral,Neutral
10175,Positive,Positive,4,4,Positive,Positive
10176,Positive,Positive,5,5,Positive,Positive
10177,Positive,Positive,4,4,Positive,Positive
10178,Positive,Positive,4,4,Positive,Positive
10179,Positive,Positive,5,5,Positive,Positive
10180,Positive,Positive,5,5,Positive,Positive
10181,Positive,Positive,5,5,Positive,Positive
10182,Positive,Positive,5,5,Positive,Positive
10183,Positive,Positive,4,4,Positive,Positive
10184,Positive,Positive,5,5,Positive,Positive
10185,Positive,Positive,3,3,Neutral,Neutral
10186,Positive,Positive,5,5,Positive,Positive
10187,Positive,Positive,5,5,Positive,Positive
10188,Positive,Positive,5,5,Positive,Positive
10189,Positive,Positive,5,5,Positive,Positive
10190,Positive,Positive,4,4,Positive,Positive
10191,Positive,Positive,5,5,Positive,Positive
10192,Positive,Positive,5,5,Positive,Positive
10193,Positive,Positive,5,5,Positive,Positive
10194,Positive,Positive,5,5,Positive,Positive
10195,Positive,Positive,5,5,Positive,Positive
10196,Positive,Positive,5,5,Positive,Positive
10197,Positive,Positive,4,4,Positive,Positive
10198,Positive,Positive,5,5,Positive,Positive
10199,Positive,Positive,4,4,Positive,Positive
10200,Positive,Positive,2,2,Negative,Negative
10201,Positive,Positive,4,4,Positive,Positive
10202,Positive,Positive,5,5,Positive,Positive
10203,Positive,Positive,5,5,Positive,Positive
10204,Positive,Positive,5,5,Positive,Positive
10205,Positive,Positive,4,4,Positive,Positive
10206,Positive,Positive,4,4,Positive,Positive
10207,Positive,Positive,4,4,Positive,Positive
10208,Positive,Positive,4,4,Positive,Positive
10209,Positive,Positive,4,4,Positive,Positive
10210,Positive,Positive,4,4,Positive,Positive
10211,Positive,Positive,4,4,Positive,Positive
10212,Positive,Positive,4,4,Positive,Positive
10213,Positive,Positive,5,5,Positive,Positive
10214,Positive,Positive,5,5,Positive,Positive
10215,Positive,Positive,4,4,Positive,Positive
10216,Positive,Positive,4,4,Positive,Positive
10217,Positive,Positive,4,4,Positive,Positive
10218,Positive,Positive,5,5,Positive,Positive
10219,Positive,Positive,4,4,Positive,Positive
10220,Positive,Positive,5,5,Positive,Positive
10221,Positive,Positive,5,5,Positive,Positive
10222,Positive,Positive,5,5,Positive,Positive
10223,Positive,Positive,5,5,Positive,Positive
10224,Positive,Positive,5,5,Positive,Positive
10225,Positive,Positive,4,4,Positive,Positive
10226,Negative,Negative,1,2,Negative,Negative
10227,Positive,Positive,4,4,Positive,Positive
10228,Positive,Positive,3,3,Neutral,Neutral
10229,Positive,Positive,4,4,Positive,Positive
10230,Neutral,Neutral,5,5,Positive,Positive
10231,Positive,Positive,5,5,Positive,Positive
10232,Positive,Positive,4,4,Positive,Positive
10233,Positive,Positive,5,5,Positive,Positive
10234,Positive,Positive,5,5,Positive,Positive
10235,Positive,Positive,5,5,Positive,Positive
10236,Positive,Positive,3,3,Neutral,Neutral
10237,Negative,Negative,3,3,Neutral,Neutral
10238,Negative,Negative,3,3,Neutral,Neutral
10239,Positive,Positive,5,5,Positive,Positive
10240,Positive,Positive,5,5,Positive,Positive
10241,Positive,Positive,5,5,Positive,Positive
10242,Positive,Positive,5,5,Positive,Positive
10243,Positive,Positive,5,5,Positive,Positive
10244,Positive,Positive,4,4,Positive,Positive
10245,Positive,Positive,3,3,Neutral,Neutral
10246,Positive,Positive,5,5,Positive,Positive
10247,Positive,Positive,4,4,Positive,Positive
10248,Positive,Positive,5,5,Positive,Positive
10249,Neutral,Neutral,4,4,Positive,Positive
10250,Positive,Positive,3,3,Neutral,Neutral
10251,Positive,Positive,4,4,Positive,Positive
10252,Positive,Positive,4,4,Positive,Positive
10253,Positive,Positive,5,5,Positive,Positive
10254,Positive,Positive,4,4,Positive,Positive
10255,Positive,Positive,4,4,Positive,Positive
10256,Positive,Positive,4,4,Positive,Positive
10257,Positive,Positive,5,5,Positive,Positive
10258,Positive,Positive,5,5,Positive,Positive
10259,Positive,Positive,3,3,Neutral,Neutral
10260,Positive,Positive,4,4,Positive,Positive
10261,Positive,Positive,4,4,Positive,Positive
10262,Positive,Positive,4,4,Positive,Positive
10263,Positive,Positive,4,4,Positive,Positive
10264,Positive,Positive,3,3,Neutral,Neutral
10265,Positive,Positive,5,5,Positive,Positive
10266,Positive,Positive,5,5,Positive,Positive
10267,Neutral,Neutral,2,2,Negative,Negative
10268,Negative,Negative,3,3,Neutral,Neutral
10269,Positive,Positive,3,3,Neutral,Neutral
10270,Positive,Positive,4,4,Positive,Positive
10271,Positive,Positive,4,4,Positive,Positive
10272,Positive,Positive,5,5,Positive,Positive
10273,Positive,Positive,5,5,Positive,Positive
10274,Positive,Positive,4,4,Positive,Positive
10275,Positive,Positive,4,4,Positive,Positive
10276,Negative,Negative,3,2,Neutral,Negative
10277,Positive,Positive,3,3,Neutral,Neutral
10278,Positive,Positive,5,5,Positive,Positive
10279,Positive,Positive,3,3,Neutral,Neutral
10280,Positive,Positive,4,4,Positive,Positive
10281,Positive,Positive,4,4,Positive,Positive
10282,Positive,Positive,1,1,Negative,Negative
10283,Positive,Positive,4,4,Positive,Positive
10284,Positive,Positive,4,4,Positive,Positive
10285,Positive,Positive,3,3,Neutral,Neutral
10286,Positive,Positive,4,4,Positive,Positive
10287,Positive,Positive,5,5,Positive,Positive
10288,Positive,Positive,4,4,Positive,Positive
10289,Positive,Positive,4,4,Positive,Positive
10290,Positive,Positive,5,5,Positive,Positive
10291,Positive,Positive,5,5,Positive,Positive
10292,Positive,Positive,2,4,Negative,Positive
10293,Positive,Positive,2,2,Negative,Negative
10294,Positive,Positive,5,5,Positive,Positive
10295,Positive,Positive,2,2,Negative,Negative
10296,Positive,Positive,3,3,Neutral,Neutral
10297,Positive,Positive,4,4,Positive,Positive
10298,Positive,Positive,5,5,Positive,Positive
10299,Positive,Positive,4,4,Positive,Positive
10300,Negative,Negative,3,3,Neutral,Neutral
10301,Positive,Positive,5,5,Positive,Positive
10302,Positive,Positive,5,5,Positive,Positive
10303,Positive,Positive,5,5,Positive,Positive
10304,Positive,Positive,4,4,Positive,Positive
10305,Positive,Positive,3,3,Neutral,Neutral
10306,Positive,Positive,4,4,Positive,Positive
10307,Positive,Positive,5,5,Positive,Positive
10308,Positive,Positive,5,5,Positive,Positive
10309,Positive,Positive,5,5,Positive,Positive
10310,Positive,Positive,4,4,Positive,Positive
10311,Positive,Positive,5,5,Positive,Positive
10312,Positive,Positive,5,5,Positive,Positive
10313,Positive,Positive,5,5,Positive,Positive
10314,Positive,Positive,3,3,Neutral,Neutral
10315,Positive,Positive,3,3,Neutral,Neutral
10316,Positive,Positive,4,4,Positive,Positive
10317,Positive,Positive,4,4,Positive,Positive
10318,Positive,Positive,4,4,Positive,Positive
10319,Positive,Positive,5,5,Positive,Positive
10320,Positive,Positive,5,5,Positive,Positive
10321,Positive,Positive,4,4,Positive,Positive
10322,Positive,Positive,4,4,Positive,Positive
10323,Positive,Positive,4,4,Positive,Positive
10324,Positive,Positive,5,5,Positive,Positive
10325,Positive,Positive,3,3,Neutral,Neutral
10326,Positive,Positive,4,4,Positive,Positive
10327,Positive,Positive,5,5,Positive,Positive
10328,Positive,Positive,5,5,Positive,Positive
10329,Positive,Positive,5,5,Positive,Positive
10330,Positive,Positive,5,5,Positive,Positive
10331,Positive,Positive,4,4,Positive,Positive
10332,Positive,Positive,4,4,Positive,Positive
10333,Positive,Positive,5,5,Positive,Positive
10334,Positive,Positive,2,2,Negative,Negative
10335,Positive,Positive,5,5,Positive,Positive
10336,Positive,Positive,4,4,Positive,Positive
10337,Positive,Positive,1,1,Negative,Negative
10338,Positive,Positive,3,3,Neutral,Neutral
10339,Positive,Positive,4,4,Positive,Positive
10340,Positive,Positive,5,5,Positive,Positive
10341,Negative,Negative,2,2,Negative,Negative
10342,Positive,Positive,5,5,Positive,Positive
10343,Positive,Positive,5,5,Positive,Positive
10344,Positive,Positive,3,3,Neutral,Neutral
10345,Positive,Positive,4,4,Positive,Positive
10346,Positive,Positive,3,3,Neutral,Neutral
10347,Positive,Positive,4,4,Positive,Positive
10348,Positive,Positive,4,4,Positive,Positive
10349,Positive,Positive,5,5,Positive,Positive
10350,Positive,Positive,4,4,Positive,Positive
10351,Positive,Positive,3,3,Neutral,Neutral
10352,Positive,Positive,5,5,Positive,Positive
10353,Positive,Positive,4,4,Positive,Positive
10354,Positive,Positive,5,5,Positive,Positive
10355,Negative,Negative,5,5,Positive,Positive
10356,Positive,Positive,4,4,Positive,Positive
10357,Positive,Positive,5,5,Positive,Positive
10358,Positive,Positive,4,4,Positive,Positive
10359,Positive,Positive,5,5,Positive,Positive
10360,Positive,Positive,3,3,Neutral,Neutral
10361,Neutral,Neutral,5,5,Positive,Positive
10362,Negative,Negative,2,2,Negative,Negative
10363,Positive,Positive,5,5,Positive,Positive
10364,Positive,Positive,5,5,Positive,Positive
10365,Positive,Positive,5,4,Positive,Positive
10366,Positive,Positive,4,4,Positive,Positive
10367,Positive,Positive,5,5,Positive,Positive
10368,Positive,Positive,4,4,Positive,Positive
10369,Positive,Positive,2,2,Negative,Negative
10370,Positive,Positive,5,5,Positive,Positive
10371,Positive,Positive,4,4,Positive,Positive
10372,Positive,Positive,3,3,Neutral,Neutral
10373,Negative,Negative,4,4,Positive,Positive
10374,Positive,Positive,1,1,Negative,Negative
10375,Positive,Positive,5,5,Positive,Positive
10376,Positive,Positive,5,5,Positive,Positive
10377,Positive,Positive,5,5,Positive,Positive
10378,Positive,Positive,3,3,Neutral,Neutral
10379,Positive,Positive,3,3,Neutral,Neutral
10380,Positive,Positive,5,5,Positive,Positive
10381,Positive,Positive,4,4,Positive,Positive
10382,Positive,Positive,5,5,Positive,Positive
10383,Positive,Positive,5,5,Positive,Positive
10384,Positive,Positive,5,5,Positive,Positive
10385,Positive,Positive,5,5,Positive,Positive
10386,Positive,Positive,5,5,Positive,Positive
10387,Positive,Positive,5,5,Positive,Positive
10388,Positive,Positive,5,5,Positive,Positive
10389,Positive,Positive,3,3,Neutral,Neutral
10390,Positive,Positive,4,4,Positive,Positive
10391,Positive,Positive,4,4,Positive,Positive
10392,Positive,Positive,5,5,Positive,Positive
10393,Positive,Positive,3,3,Neutral,Neutral
10394,Positive,Positive,3,3,Neutral,Neutral
10395,Positive,Positive,5,5,Positive,Positive
10396,Positive,Positive,1,1,Negative,Negative
10397,Positive,Positive,4,4,Positive,Positive
10398,Positive,Positive,3,3,Neutral,Neutral
10399,Positive,Positive,4,4,Positive,Positive
10400,Positive,Positive,4,4,Positive,Positive
10401,Positive,Positive,4,4,Positive,Positive
10402,Positive,Positive,2,2,Negative,Negative
10403,Positive,Positive,2,2,Negative,Negative
10404,Positive,Positive,3,3,Neutral,Neutral
10405,Positive,Positive,5,5,Positive,Positive
10406,Positive,Positive,5,5,Positive,Positive
10407,Positive,Positive,5,5,Positive,Positive
10408,Negative,Negative,4,4,Positive,Positive
10409,Positive,Positive,5,5,Positive,Positive
10410,Positive,Positive,5,5,Positive,Positive
10411,Positive,Positive,5,5,Positive,Positive
10412,Positive,Positive,4,4,Positive,Positive
10413,Positive,Positive,5,5,Positive,Positive
10414,Positive,Positive,5,5,Positive,Positive
10415,Positive,Positive,3,3,Neutral,Neutral
10416,Positive,Positive,3,3,Neutral,Neutral
10417,Positive,Positive,4,4,Positive,Positive
10418,Positive,Positive,5,5,Positive,Positive
10419,Positive,Positive,3,3,Neutral,Neutral
10420,Positive,Positive,4,4,Positive,Positive
10421,Negative,Positive,5,4,Positive,Positive
10422,Positive,Positive,5,5,Positive,Positive
10423,Positive,Positive,5,5,Positive,Positive
10424,Positive,Positive,4,4,Positive,Positive
10425,Positive,Positive,5,5,Positive,Positive
10426,Positive,Positive,4,4,Positive,Positive
10427,Positive,Positive,3,3,Neutral,Neutral
10428,Positive,Positive,5,5,Positive,Positive
10429,Positive,Positive,4,4,Positive,Positive
10430,Positive,Positive,4,4,Positive,Positive
10431,Positive,Positive,5,5,Positive,Positive
10432,Positive,Positive,5,5,Positive,Positive
10433,Positive,Positive,4,4,Positive,Positive
10434,Positive,Positive,4,3,Positive,Neutral
10435,Negative,Negative,3,3,Neutral,Neutral
10436,Positive,Negative,4,4,Positive,Positive
10437,Positive,Positive,4,4,Positive,Positive
10438,Positive,Positive,5,5,Positive,Positive
10439,Positive,Positive,3,3,Neutral,Neutral
10440,Positive,Positive,4,4,Positive,Positive
10441,Positive,Positive,5,5,Positive,Positive
10442,Positive,Positive,5,5,Positive,Positive
10443,Positive,Positive,5,5,Positive,Positive
10444,Positive,Positive,5,5,Positive,Positive
10445,Positive,Positive,4,4,Positive,Positive
10446,Positive,Positive,5,5,Positive,Positive
10447,Positive,Positive,5,5,Positive,Positive
10448,Positive,Positive,5,5,Positive,Positive
10449,Positive,Positive,4,4,Positive,Positive
10450,Positive,Positive,4,4,Positive,Positive
10451,Positive,Positive,3,3,Neutral,Neutral
10452,Positive,Positive,2,2,Negative,Negative
10453,Positive,Positive,4,4,Positive,Positive
10454,Positive,Positive,5,5,Positive,Positive
10455,Positive,Positive,4,4,Positive,Positive
10456,Positive,Positive,5,5,Positive,Positive
10457,Positive,Positive,4,4,Positive,Positive
10458,Positive,Positive,4,4,Positive,Positive
10459,Positive,Positive,4,4,Positive,Positive
10460,Positive,Positive,5,5,Positive,Positive
10461,Positive,Positive,5,5,Positive,Positive
10462,Positive,Positive,5,5,Positive,Positive
10463,Positive,Positive,5,5,Positive,Positive
10464,Positive,Positive,5,5,Positive,Positive
10465,Positive,Positive,5,5,Positive,Positive
10466,Positive,Positive,5,5,Positive,Positive
10467,Positive,Positive,4,4,Positive,Positive
10468,Positive,Positive,5,5,Positive,Positive
10469,Positive,Positive,5,5,Positive,Positive
10470,Positive,Positive,5,5,Positive,Positive
10471,Positive,Positive,5,5,Positive,Positive
10472,Positive,Positive,5,5,Positive,Positive
10473,Positive,Positive,5,4,Positive,Positive
10474,Positive,Positive,4,4,Positive,Positive
10475,Positive,Positive,4,4,Positive,Positive
10476,Positive,Positive,5,5,Positive,Positive
10477,Negative,Negative,4,4,Positive,Positive
10478,Positive,Positive,4,4,Positive,Positive
10479,Positive,Positive,4,4,Positive,Positive
10480,Positive,Positive,5,5,Positive,Positive
10481,Positive,Positive,5,5,Positive,Positive
10482,Positive,Positive,5,5,Positive,Positive
10483,Positive,Positive,3,3,Neutral,Neutral
10484,Positive,Positive,4,4,Positive,Positive
10485,Positive,Positive,5,5,Positive,Positive
10486,Negative,Negative,2,2,Negative,Negative
10487,Positive,Positive,3,3,Neutral,Neutral
10488,Positive,Positive,1,1,Negative,Negative
10489,Positive,Positive,4,4,Positive,Positive
10490,Positive,Positive,4,4,Positive,Positive
10491,Positive,Positive,4,4,Positive,Positive
10492,Positive,Positive,5,5,Positive,Positive
10493,Positive,Positive,5,5,Positive,Positive
10494,Positive,Positive,5,5,Positive,Positive
10495,Positive,Positive,3,3,Neutral,Neutral
10496,Positive,Positive,5,5,Positive,Positive
10497,Positive,Positive,1,1,Negative,Negative
10498,Positive,Positive,4,4,Positive,Positive
10499,Positive,Positive,5,5,Positive,Positive
10500,Positive,Positive,4,4,Positive,Positive
10501,Positive,Positive,5,5,Positive,Positive
10502,Positive,Positive,5,5,Positive,Positive
10503,Positive,Positive,4,4,Positive,Positive
10504,Positive,Positive,5,5,Positive,Positive
10505,Positive,Positive,5,5,Positive,Positive
10506,Positive,Positive,5,5,Positive,Positive
10507,Positive,Positive,5,5,Positive,Positive
10508,Positive,Positive,3,3,Neutral,Neutral
10509,Positive,Positive,5,5,Positive,Positive
10510,Positive,Positive,5,5,Positive,Positive
10511,Positive,Positive,5,5,Positive,Positive
10512,Positive,Positive,5,5,Positive,Positive
10513,Positive,Positive,5,5,Positive,Positive
10514,Positive,Positive,3,3,Neutral,Neutral
10515,Positive,Positive,4,4,Positive,Positive
10516,Positive,Positive,3,3,Neutral,Neutral
10517,Positive,Positive,4,4,Positive,Positive
10518,Positive,Positive,2,2,Negative,Negative
10519,Positive,Positive,3,3,Neutral,Neutral
10520,Positive,Positive,5,5,Positive,Positive
10521,Positive,Positive,4,4,Positive,Positive
10522,Negative,Negative,2,2,Negative,Negative
10523,Positive,Positive,4,4,Positive,Positive
10524,Positive,Positive,4,4,Positive,Positive
10525,Positive,Positive,4,4,Positive,Positive
10526,Negative,Negative,3,3,Neutral,Neutral
10527,Positive,Positive,4,4,Positive,Positive
10528,Neutral,Neutral,5,5,Positive,Positive
10529,Positive,Positive,4,4,Positive,Positive
10530,Positive,Positive,5,5,Positive,Positive
10531,Positive,Positive,4,4,Positive,Positive
10532,Positive,Positive,5,5,Positive,Positive
10533,Positive,Positive,1,1,Negative,Negative
10534,Positive,Positive,4,4,Positive,Positive
10535,Positive,Positive,5,5,Positive,Positive
10536,Positive,Positive,5,5,Positive,Positive
10537,Positive,Positive,4,4,Positive,Positive
10538,Positive,Positive,5,5,Positive,Positive
10539,Positive,Positive,5,5,Positive,Positive
10540,Positive,Positive,5,5,Positive,Positive
10541,Positive,Positive,4,4,Positive,Positive
10542,Positive,Positive,5,5,Positive,Positive
10543,Neutral,Neutral,4,4,Positive,Positive
10544,Positive,Positive,5,5,Positive,Positive
10545,Negative,Negative,1,1,Negative,Negative
10546,Positive,Positive,4,5,Positive,Positive
10547,Positive,Positive,3,3,Neutral,Neutral
10548,Positive,Positive,4,4,Positive,Positive
10549,Positive,Positive,4,4,Positive,Positive
10550,Positive,Positive,5,5,Positive,Positive
10551,Positive,Positive,4,4,Positive,Positive
10552,Positive,Positive,4,4,Positive,Positive
10553,Negative,Negative,1,1,Negative,Negative
10554,Positive,Positive,4,4,Positive,Positive
10555,Positive,Positive,4,5,Positive,Positive
10556,Positive,Positive,5,5,Positive,Positive
10557,Negative,Negative,1,1,Negative,Negative
10558,Positive,Positive,5,5,Positive,Positive
10559,Positive,Positive,5,5,Positive,Positive
10560,Positive,Positive,3,3,Neutral,Neutral
10561,Positive,Positive,5,5,Positive,Positive
10562,Positive,Positive,5,5,Positive,Positive
10563,Negative,Negative,2,2,Negative,Negative
10564,Positive,Positive,5,5,Positive,Positive
10565,Positive,Positive,3,3,Neutral,Neutral
10566,Positive,Positive,4,4,Positive,Positive
10567,Positive,Positive,3,3,Neutral,Neutral
10568,Negative,Negative,3,3,Neutral,Neutral
10569,Positive,Positive,3,3,Neutral,Neutral
10570,Positive,Positive,4,4,Positive,Positive
10571,Positive,Positive,3,3,Neutral,Neutral
10572,Neutral,Neutral,2,2,Negative,Negative
10573,Positive,Positive,5,5,Positive,Positive
10574,Positive,Positive,4,4,Positive,Positive
10575,Positive,Positive,4,4,Positive,Positive
10576,Positive,Positive,4,4,Positive,Positive
10577,Positive,Positive,4,4,Positive,Positive
10578,Positive,Positive,5,5,Positive,Positive
10579,Positive,Positive,4,4,Positive,Positive
10580,Positive,Positive,4,4,Positive,Positive
10581,Positive,Positive,5,5,Positive,Positive
10582,Negative,Negative,4,4,Positive,Positive
10583,Positive,Positive,5,5,Positive,Positive
10584,Positive,Positive,5,5,Positive,Positive
10585,Positive,Positive,5,5,Positive,Positive
10586,Positive,Positive,4,4,Positive,Positive
10587,Negative,Negative,3,3,Neutral,Neutral
10588,Positive,Positive,5,5,Positive,Positive
10589,Positive,Positive,4,4,Positive,Positive
10590,Positive,Positive,5,5,Positive,Positive
10591,Positive,Positive,4,4,Positive,Positive
10592,Positive,Positive,4,4,Positive,Positive
10593,Positive,Positive,5,5,Positive,Positive
10594,Positive,Positive,5,5,Positive,Positive
10595,Positive,Positive,4,4,Positive,Positive
10596,Positive,Positive,4,4,Positive,Positive
10597,Negative,Negative,3,3,Neutral,Neutral
10598,Positive,Positive,4,4,Positive,Positive
10599,Positive,Positive,5,5,Positive,Positive
10600,Positive,Positive,5,5,Positive,Positive
10601,Positive,Positive,5,5,Positive,Positive
10602,Positive,Positive,4,4,Positive,Positive
10603,Negative,Negative,1,1,Negative,Negative
10604,Positive,Positive,4,4,Positive,Positive
10605,Positive,Positive,4,4,Positive,Positive
10606,Neutral,Neutral,1,1,Negative,Negative
10607,Positive,Positive,3,3,Neutral,Neutral
10608,Positive,Positive,5,5,Positive,Positive
10609,Positive,Positive,4,4,Positive,Positive
10610,Negative,Negative,4,4,Positive,Positive
10611,Positive,Positive,3,3,Neutral,Neutral
10612,Positive,Positive,5,5,Positive,Positive
10613,Positive,Positive,4,4,Positive,Positive
10614,Negative,Negative,3,3,Neutral,Neutral
10615,Neutral,Neutral,2,2,Negative,Negative
10616,Positive,Positive,5,5,Positive,Positive
10617,Positive,Positive,4,4,Positive,Positive
10618,Positive,Positive,5,5,Positive,Positive
10619,Positive,Positive,5,5,Positive,Positive
10620,Positive,Positive,4,4,Positive,Positive
10621,Positive,Positive,4,4,Positive,Positive
10622,Positive,Positive,2,2,Negative,Negative
10623,Positive,Positive,4,4,Positive,Positive
10624,Positive,Positive,5,5,Positive,Positive
10625,Positive,Positive,4,4,Positive,Positive
10626,Positive,Positive,4,4,Positive,Positive
10627,Negative,Negative,4,4,Positive,Positive
10628,Positive,Negative,4,4,Positive,Positive
10629,Positive,Positive,4,4,Positive,Positive
10630,Positive,Positive,3,3,Neutral,Neutral
10631,Positive,Positive,5,5,Positive,Positive
10632,Positive,Positive,4,4,Positive,Positive
10633,Positive,Positive,5,5,Positive,Positive
10634,Positive,Positive,5,5,Positive,Positive
10635,Positive,Positive,4,4,Positive,Positive
10636,Positive,Positive,5,5,Positive,Positive
10637,Positive,Positive,4,4,Positive,Positive
10638,Positive,Positive,5,5,Positive,Positive
10639,Positive,Positive,4,5,Positive,Positive
10640,Positive,Positive,4,4,Positive,Positive
10641,Positive,Positive,5,5,Positive,Positive
10642,Negative,Negative,3,3,Neutral,Neutral
10643,Positive,Positive,5,5,Positive,Positive
10644,Positive,Positive,5,5,Positive,Positive
10645,Positive,Positive,3,3,Neutral,Neutral
10646,Positive,Positive,4,4,Positive,Positive
10647,Positive,Positive,5,5,Positive,Positive
10648,Positive,Positive,5,5,Positive,Positive
10649,Positive,Positive,4,4,Positive,Positive
10650,Positive,Positive,3,3,Neutral,Neutral
10651,Positive,Positive,5,5,Positive,Positive
10652,Positive,Positive,3,3,Neutral,Neutral
10653,Positive,Positive,4,4,Positive,Positive
10654,Positive,Positive,5,5,Positive,Positive
10655,Positive,Positive,3,4,Neutral,Positive
10656,Positive,Positive,5,5,Positive,Positive
10657,Negative,Negative,3,3,Neutral,Neutral
10658,Positive,Positive,5,5,Positive,Positive
10659,Negative,Negative,3,4,Neutral,Positive
10660,Positive,Positive,4,4,Positive,Positive
10661,Positive,Positive,5,5,Positive,Positive
10662,Positive,Positive,5,5,Positive,Positive
10663,Positive,Positive,5,4,Positive,Positive
10664,Positive,Positive,3,3,Neutral,Neutral
10665,Positive,Positive,5,5,Positive,Positive
10666,Positive,Positive,4,4,Positive,Positive
10667,Positive,Positive,5,5,Positive,Positive
10668,Positive,Positive,3,3,Neutral,Neutral
10669,Positive,Positive,2,2,Negative,Negative
10670,Positive,Positive,4,4,Positive,Positive
10671,Positive,Positive,5,5,Positive,Positive
10672,Positive,Positive,4,4,Positive,Positive
10673,Positive,Positive,5,5,Positive,Positive
10674,Positive,Positive,5,5,Positive,Positive
10675,Positive,Positive,5,5,Positive,Positive
10676,Negative,Negative,2,2,Negative,Negative
10677,Positive,Negative,3,3,Neutral,Neutral
10678,Positive,Positive,3,3,Neutral,Neutral
10679,Neutral,Neutral,4,4,Positive,Positive
10680,Positive,Positive,3,3,Neutral,Neutral
10681,Positive,Positive,4,4,Positive,Positive
10682,Positive,Positive,5,5,Positive,Positive
10683,Positive,Positive,4,4,Positive,Positive
10684,Positive,Positive,4,4,Positive,Positive
10685,Positive,Positive,4,4,Positive,Positive
10686,Positive,Positive,5,5,Positive,Positive
10687,Positive,Positive,5,5,Positive,Positive
10688,Positive,Positive,3,3,Neutral,Neutral
10689,Positive,Positive,2,2,Negative,Negative
10690,Positive,Positive,5,5,Positive,Positive
10691,Positive,Positive,4,4,Positive,Positive
10692,Positive,Positive,4,4,Positive,Positive
10693,Positive,Positive,5,5,Positive,Positive
10694,Negative,Negative,2,2,Negative,Negative
10695,Positive,Positive,5,5,Positive,Positive
10696,Negative,Negative,3,3,Neutral,Neutral
10697,Positive,Positive,5,5,Positive,Positive
10698,Positive,Positive,2,2,Negative,Negative
10699,Positive,Positive,3,3,Neutral,Neutral
10700,Positive,Positive,5,5,Positive,Positive
10701,Positive,Positive,4,4,Positive,Positive
10702,Positive,Positive,4,4,Positive,Positive
10703,Positive,Positive,5,5,Positive,Positive
10704,Positive,Positive,4,4,Positive,Positive
10705,Positive,Positive,5,5,Positive,Positive
10706,Positive,Positive,5,5,Positive,Positive
10707,Positive,Positive,4,4,Positive,Positive
10708,Positive,Positive,4,4,Positive,Positive
10709,Positive,Positive,5,5,Positive,Positive
10710,Positive,Positive,4,4,Positive,Positive
10711,Positive,Positive,2,2,Negative,Negative
10712,Positive,Positive,4,4,Positive,Positive
10713,Positive,Positive,3,3,Neutral,Neutral
10714,Positive,Positive,4,4,Positive,Positive
10715,Positive,Positive,4,4,Positive,Positive
10716,Positive,Positive,4,4,Positive,Positive
10717,Positive,Positive,3,3,Neutral,Neutral
10718,Positive,Positive,3,3,Neutral,Neutral
10719,Positive,Positive,4,4,Positive,Positive
10720,Positive,Positive,4,4,Positive,Positive
10721,Positive,Positive,4,4,Positive,Positive
10722,Positive,Positive,4,4,Positive,Positive
10723,Positive,Positive,4,4,Positive,Positive
10724,Positive,Positive,4,4,Positive,Positive
10725,Positive,Positive,4,4,Positive,Positive
10726,Positive,Positive,4,4,Positive,Positive
10727,Positive,Positive,5,4,Positive,Positive
10728,Positive,Positive,5,5,Positive,Positive
10729,Positive,Positive,5,5,Positive,Positive
10730,Positive,Positive,5,5,Positive,Positive
10731,Positive,Positive,5,5,Positive,Positive
10732,Positive,Positive,4,4,Positive,Positive
10733,Positive,Positive,4,4,Positive,Positive
10734,Positive,Positive,5,5,Positive,Positive
10735,Positive,Positive,5,5,Positive,Positive
10736,Positive,Positive,4,4,Positive,Positive
10737,Positive,Positive,4,4,Positive,Positive
10738,Positive,Positive,5,5,Positive,Positive
10739,Positive,Positive,5,5,Positive,Positive
10740,Positive,Positive,5,5,Positive,Positive
10741,Positive,Positive,5,5,Positive,Positive
10742,Negative,Negative,2,2,Negative,Negative
10743,Positive,Positive,3,3,Neutral,Neutral
10744,Positive,Positive,5,5,Positive,Positive
10745,Positive,Positive,5,5,Positive,Positive
10746,Positive,Positive,4,4,Positive,Positive
10747,Positive,Positive,4,4,Positive,Positive
10748,Neutral,Neutral,5,5,Positive,Positive
10749,Positive,Positive,3,3,Neutral,Neutral
10750,Positive,Positive,5,5,Positive,Positive
10751,Positive,Positive,4,4,Positive,Positive
10752,Positive,Positive,3,3,Neutral,Neutral
10753,Positive,Positive,5,5,Positive,Positive
10754,Positive,Positive,4,4,Positive,Positive
10755,Positive,Positive,4,4,Positive,Positive
10756,Positive,Positive,4,4,Positive,Positive
10757,Positive,Positive,5,5,Positive,Positive
10758,Positive,Positive,3,3,Neutral,Neutral
10759,Positive,Positive,5,5,Positive,Positive
10760,Positive,Positive,5,5,Positive,Positive
10761,Positive,Positive,5,5,Positive,Positive
10762,Positive,Positive,4,4,Positive,Positive
10763,Positive,Positive,4,4,Positive,Positive
10764,Positive,Positive,4,4,Positive,Positive
10765,Neutral,Positive,2,3,Negative,Neutral
10766,Positive,Positive,3,3,Neutral,Neutral
10767,Positive,Positive,2,2,Negative,Negative
10768,Positive,Positive,4,4,Positive,Positive
10769,Positive,Positive,3,3,Neutral,Neutral
10770,Positive,Positive,5,5,Positive,Positive
10771,Positive,Positive,4,4,Positive,Positive
10772,Positive,Positive,4,4,Positive,Positive
10773,Positive,Positive,4,4,Positive,Positive
10774,Positive,Positive,4,4,Positive,Positive
10775,Positive,Positive,4,4,Positive,Positive
10776,Positive,Positive,3,3,Neutral,Neutral
10777,Positive,Positive,5,5,Positive,Positive
10778,Positive,Positive,4,4,Positive,Positive
10779,Positive,Positive,4,4,Positive,Positive
10780,Positive,Positive,1,1,Negative,Negative
10781,Positive,Positive,2,2,Negative,Negative
10782,Positive,Positive,5,5,Positive,Positive
10783,Positive,Positive,2,2,Negative,Negative
10784,Positive,Positive,5,5,Positive,Positive
10785,Positive,Positive,5,5,Positive,Positive
10786,Positive,Positive,4,4,Positive,Positive
10787,Positive,Positive,5,5,Positive,Positive
10788,Positive,Positive,5,5,Positive,Positive
10789,Negative,Negative,2,2,Negative,Negative
10790,Positive,Positive,5,5,Positive,Positive
10791,Positive,Positive,5,5,Positive,Positive
10792,Positive,Positive,5,5,Positive,Positive
10793,Positive,Positive,3,3,Neutral,Neutral
10794,Positive,Positive,5,5,Positive,Positive
10795,Positive,Positive,5,5,Positive,Positive
10796,Positive,Positive,4,4,Positive,Positive
10797,Negative,Negative,2,2,Negative,Negative
10798,Positive,Positive,3,3,Neutral,Neutral
10799,Positive,Positive,5,5,Positive,Positive
10800,Positive,Positive,3,3,Neutral,Neutral
10801,Positive,Positive,4,4,Positive,Positive
10802,Positive,Positive,3,3,Neutral,Neutral
10803,Positive,Positive,3,3,Neutral,Neutral
10804,Positive,Positive,3,3,Neutral,Neutral
10805,Positive,Positive,4,4,Positive,Positive
10806,Positive,Positive,3,3,Neutral,Neutral
10807,Positive,Positive,3,3,Neutral,Neutral
10808,Positive,Positive,4,4,Positive,Positive
10809,Positive,Positive,5,5,Positive,Positive
10810,Negative,Negative,3,3,Neutral,Neutral
10811,Positive,Positive,5,5,Positive,Positive
10812,Negative,Negative,2,2,Negative,Negative
10813,Positive,Positive,5,5,Positive,Positive
10814,Positive,Positive,4,4,Positive,Positive
10815,Positive,Positive,2,2,Negative,Negative
10816,Positive,Positive,5,5,Positive,Positive
10817,Positive,Positive,5,5,Positive,Positive
10818,Positive,Positive,5,5,Positive,Positive
10819,Negative,Negative,3,3,Neutral,Neutral
10820,Positive,Positive,3,3,Neutral,Neutral
10821,Positive,Positive,5,5,Positive,Positive
10822,Positive,Positive,4,4,Positive,Positive
10823,Positive,Positive,3,3,Neutral,Neutral
10824,Positive,Positive,4,4,Positive,Positive
10825,Positive,Positive,4,4,Positive,Positive
10826,Positive,Positive,5,5,Positive,Positive
10827,Positive,Positive,5,5,Positive,Positive
10828,Positive,Positive,3,3,Neutral,Neutral
10829,Positive,Positive,4,4,Positive,Positive
10830,Positive,Positive,5,5,Positive,Positive
10831,Negative,Negative,2,2,Negative,Negative
10832,Positive,Positive,5,5,Positive,Positive
10833,Positive,Positive,5,5,Positive,Positive
10834,Positive,Positive,5,5,Positive,Positive
10835,Positive,Positive,4,4,Positive,Positive
10836,Positive,Positive,5,5,Positive,Positive
10837,Positive,Positive,4,4,Positive,Positive
10838,Positive,Positive,5,5,Positive,Positive
10839,Positive,Positive,5,5,Positive,Positive
10840,Positive,Positive,5,5,Positive,Positive
10841,Positive,Positive,4,4,Positive,Positive
10842,Positive,Positive,4,4,Positive,Positive
10843,Positive,Positive,4,4,Positive,Positive
10844,Positive,Positive,5,5,Positive,Positive
10845,Positive,Positive,5,5,Positive,Positive
10846,Positive,Positive,5,5,Positive,Positive
10847,Positive,Positive,5,5,Positive,Positive
10848,Positive,Positive,2,2,Negative,Negative
10849,Negative,Negative,4,4,Positive,Positive
10850,Negative,Negative,1,1,Negative,Negative
10851,Neutral,Neutral,3,3,Neutral,Neutral
10852,Positive,Positive,5,5,Positive,Positive
10853,Negative,Negative,4,4,Positive,Positive
10854,Positive,Positive,5,5,Positive,Positive
10855,Positive,Positive,4,4,Positive,Positive
10856,Positive,Positive,5,5,Positive,Positive
10857,Positive,Positive,3,3,Neutral,Neutral
10858,Positive,Positive,5,5,Positive,Positive
10859,Positive,Positive,4,4,Positive,Positive
10860,Positive,Positive,3,3,Neutral,Neutral
10861,Positive,Positive,5,5,Positive,Positive
10862,Positive,Positive,4,4,Positive,Positive
10863,Positive,Positive,3,3,Neutral,Neutral
10864,Positive,Positive,4,4,Positive,Positive
10865,Neutral,Neutral,4,4,Positive,Positive
10866,Positive,Positive,4,4,Positive,Positive
10867,Neutral,Neutral,5,5,Positive,Positive
10868,Negative,Negative,2,2,Negative,Negative
10869,Positive,Positive,3,3,Neutral,Neutral
10870,Positive,Positive,5,5,Positive,Positive
10871,Positive,Positive,4,4,Positive,Positive
10872,Positive,Positive,4,4,Positive,Positive
10873,Positive,Positive,4,4,Positive,Positive
10874,Positive,Positive,4,4,Positive,Positive
10875,Positive,Positive,4,4,Positive,Positive
10876,Positive,Positive,1,1,Negative,Negative
10877,Positive,Positive,5,5,Positive,Positive
10878,Positive,Positive,5,5,Positive,Positive
10879,Negative,Negative,3,3,Neutral,Neutral
10880,Positive,Positive,4,4,Positive,Positive
10881,Positive,Positive,4,4,Positive,Positive
10882,Positive,Positive,4,4,Positive,Positive
10883,Positive,Positive,5,5,Positive,Positive
10884,Positive,Positive,3,3,Neutral,Neutral
10885,Positive,Positive,4,4,Positive,Positive
10886,Positive,Positive,3,3,Neutral,Neutral
10887,Positive,Positive,5,5,Positive,Positive
10888,Positive,Positive,5,5,Positive,Positive
10889,Positive,Positive,4,4,Positive,Positive
10890,Positive,Positive,1,1,Negative,Negative
10891,Positive,Positive,5,5,Positive,Positive
10892,Positive,Positive,3,3,Neutral,Neutral
10893,Positive,Positive,1,1,Negative,Negative
10894,Positive,Positive,3,3,Neutral,Neutral
10895,Positive,Positive,5,5,Positive,Positive
10896,Positive,Positive,2,2,Negative,Negative
10897,Positive,Positive,5,5,Positive,Positive
10898,Positive,Positive,4,4,Positive,Positive
10899,Positive,Positive,5,5,Positive,Positive
10900,Positive,Positive,4,4,Positive,Positive
10901,Negative,Negative,2,2,Negative,Negative
10902,Positive,Positive,3,3,Neutral,Neutral
10903,Positive,Positive,5,5,Positive,Positive
10904,Positive,Positive,1,1,Negative,Negative
10905,Positive,Positive,5,5,Positive,Positive
10906,Positive,Positive,4,4,Positive,Positive
10907,Positive,Positive,4,4,Positive,Positive
10908,Positive,Positive,5,5,Positive,Positive
10909,Positive,Positive,4,4,Positive,Positive
10910,Positive,Positive,5,5,Positive,Positive
10911,Positive,Negative,4,4,Positive,Positive
10912,Positive,Positive,5,5,Positive,Positive
10913,Positive,Positive,4,4,Positive,Positive
10914,Positive,Positive,2,2,Negative,Negative
10915,Positive,Positive,4,4,Positive,Positive
10916,Positive,Positive,3,3,Neutral,Neutral
10917,Positive,Positive,4,4,Positive,Positive
10918,Positive,Positive,3,3,Neutral,Neutral
10919,Positive,Positive,5,5,Positive,Positive
10920,Positive,Positive,4,4,Positive,Positive
10921,Positive,Positive,5,5,Positive,Positive
10922,Negative,Negative,2,2,Negative,Negative
10923,Positive,Positive,5,5,Positive,Positive
10924,Positive,Positive,3,3,Neutral,Neutral
10925,Positive,Positive,4,4,Positive,Positive
10926,Positive,Positive,5,5,Positive,Positive
10927,Positive,Positive,5,5,Positive,Positive
10928,Positive,Positive,4,4,Positive,Positive
10929,Positive,Positive,1,1,Negative,Negative
10930,Positive,Positive,4,4,Positive,Positive
10931,Positive,Positive,5,5,Positive,Positive
10932,Positive,Positive,4,4,Positive,Positive
10933,Positive,Positive,5,5,Positive,Positive
10934,Positive,Positive,4,4,Positive,Positive
10935,Positive,Positive,5,5,Positive,Positive
10936,Positive,Positive,5,5,Positive,Positive
10937,Positive,Positive,4,4,Positive,Positive
10938,Positive,Positive,5,5,Positive,Positive
10939,Neutral,Neutral,3,3,Neutral,Neutral
10940,Positive,Positive,4,4,Positive,Positive
10941,Positive,Positive,4,4,Positive,Positive
10942,Positive,Positive,3,3,Neutral,Neutral
10943,Positive,Positive,3,3,Neutral,Neutral
10944,Positive,Positive,3,3,Neutral,Neutral
10945,Positive,Positive,4,4,Positive,Positive
10946,Positive,Positive,5,5,Positive,Positive
10947,Positive,Positive,5,5,Positive,Positive
10948,Positive,Positive,4,4,Positive,Positive
10949,Positive,Positive,4,4,Positive,Positive
10950,Positive,Positive,4,4,Positive,Positive
10951,Positive,Positive,5,5,Positive,Positive
10952,Positive,Positive,3,3,Neutral,Neutral
10953,Positive,Positive,4,4,Positive,Positive
10954,Positive,Positive,3,3,Neutral,Neutral
10955,Positive,Positive,5,5,Positive,Positive
10956,Positive,Positive,5,5,Positive,Positive
10957,Negative,Negative,2,2,Negative,Negative
10958,Positive,Positive,2,2,Negative,Negative
10959,Positive,Positive,5,5,Positive,Positive
10960,Positive,Positive,4,4,Positive,Positive
10961,Positive,Positive,2,1,Negative,Negative
10962,Positive,Positive,4,4,Positive,Positive
10963,Positive,Positive,5,5,Positive,Positive
10964,Negative,Negative,3,3,Neutral,Neutral
10965,Positive,Positive,4,4,Positive,Positive
10966,Positive,Positive,4,4,Positive,Positive
10967,Positive,Positive,5,5,Positive,Positive
10968,Positive,Positive,4,4,Positive,Positive
10969,Positive,Positive,5,5,Positive,Positive
10970,Positive,Positive,5,5,Positive,Positive
10971,Positive,Positive,5,5,Positive,Positive
10972,Positive,Positive,5,5,Positive,Positive
10973,Positive,Positive,3,3,Neutral,Neutral
10974,Positive,Positive,5,5,Positive,Positive
10975,Positive,Positive,4,4,Positive,Positive
10976,Positive,Positive,4,4,Positive,Positive
10977,Positive,Positive,4,4,Positive,Positive
10978,Positive,Positive,4,4,Positive,Positive
10979,Positive,Positive,4,4,Positive,Positive
10980,Positive,Positive,4,4,Positive,Positive
10981,Negative,Negative,1,1,Negative,Negative
10982,Positive,Positive,3,3,Neutral,Neutral
10983,Positive,Positive,5,5,Positive,Positive
10984,Positive,Positive,5,5,Positive,Positive
10985,Positive,Positive,5,5,Positive,Positive
10986,Positive,Positive,5,5,Positive,Positive
10987,Positive,Positive,4,4,Positive,Positive
10988,Positive,Positive,4,4,Positive,Positive
10989,Positive,Positive,4,4,Positive,Positive
10990,Positive,Positive,4,4,Positive,Positive
10991,Positive,Positive,5,5,Positive,Positive
10992,Positive,Positive,5,5,Positive,Positive
10993,Positive,Positive,5,5,Positive,Positive
10994,Positive,Positive,4,4,Positive,Positive
10995,Positive,Positive,5,5,Positive,Positive
10996,Positive,Positive,4,4,Positive,Positive
10997,Positive,Positive,5,5,Positive,Positive
10998,Positive,Positive,5,5,Positive,Positive
10999,Positive,Positive,5,5,Positive,Positive
11000,Positive,Positive,4,4,Positive,Positive
11001,Positive,Positive,3,3,Neutral,Neutral
11002,Positive,Positive,5,5,Positive,Positive
11003,Positive,Positive,5,5,Positive,Positive
11004,Positive,Positive,4,3,Positive,Neutral
11005,Positive,Positive,5,5,Positive,Positive
11006,Positive,Positive,4,4,Positive,Positive
11007,Positive,Positive,5,5,Positive,Positive
11008,Positive,Positive,4,4,Positive,Positive
11009,Positive,Positive,5,5,Positive,Positive
11010,Positive,Positive,5,5,Positive,Positive
11011,Positive,Positive,5,5,Positive,Positive
11012,Positive,Positive,4,4,Positive,Positive
11013,Positive,Positive,5,5,Positive,Positive
11014,Positive,Positive,5,5,Positive,Positive
11015,Positive,Positive,5,5,Positive,Positive
11016,Positive,Positive,5,5,Positive,Positive
11017,Positive,Positive,4,4,Positive,Positive
11018,Positive,Positive,4,4,Positive,Positive
11019,Positive,Positive,5,5,Positive,Positive
11020,Positive,Positive,5,5,Positive,Positive
11021,Positive,Positive,5,5,Positive,Positive
11022,Positive,Positive,3,3,Neutral,Neutral
11023,Positive,Positive,4,4,Positive,Positive
11024,Positive,Positive,5,5,Positive,Positive
11025,Positive,Positive,4,4,Positive,Positive
11026,Positive,Positive,5,5,Positive,Positive
11027,Positive,Positive,4,4,Positive,Positive
11028,Positive,Positive,5,5,Positive,Positive
11029,Positive,Positive,4,4,Positive,Positive
11030,Positive,Positive,5,5,Positive,Positive
11031,Positive,Positive,4,4,Positive,Positive
11032,Positive,Positive,4,4,Positive,Positive
11033,Positive,Positive,5,5,Positive,Positive
11034,Positive,Positive,4,4,Positive,Positive
11035,Negative,Negative,1,1,Negative,Negative
11036,Positive,Positive,4,4,Positive,Positive
11037,Positive,Positive,3,3,Neutral,Neutral
11038,Positive,Positive,4,4,Positive,Positive
11039,Neutral,Neutral,4,4,Positive,Positive
11040,Neutral,Neutral,4,4,Positive,Positive
11041,Positive,Positive,4,4,Positive,Positive
11042,Positive,Positive,4,4,Positive,Positive
11043,Positive,Positive,5,5,Positive,Positive
11044,Positive,Positive,5,5,Positive,Positive
11045,Positive,Positive,3,3,Neutral,Neutral
11046,Positive,Positive,3,3,Neutral,Neutral
11047,Positive,Positive,2,2,Negative,Negative
11048,Positive,Positive,5,5,Positive,Positive
11049,Positive,Positive,3,3,Neutral,Neutral
11050,Positive,Positive,4,4,Positive,Positive
11051,Positive,Positive,5,5,Positive,Positive
11052,Positive,Positive,5,5,Positive,Positive
11053,Negative,Negative,4,4,Positive,Positive
11054,Positive,Positive,5,5,Positive,Positive
11055,Positive,Positive,5,5,Positive,Positive
11056,Positive,Positive,2,2,Negative,Negative
11057,Positive,Positive,4,4,Positive,Positive
11058,Positive,Positive,4,4,Positive,Positive
11059,Positive,Positive,5,5,Positive,Positive
11060,Positive,Positive,4,5,Positive,Positive
11061,Positive,Positive,5,5,Positive,Positive
11062,Positive,Positive,3,3,Neutral,Neutral
11063,Positive,Positive,5,5,Positive,Positive
11064,Positive,Positive,5,5,Positive,Positive
11065,Positive,Positive,2,2,Negative,Negative
11066,Positive,Positive,5,5,Positive,Positive
11067,Positive,Positive,5,5,Positive,Positive
11068,Positive,Positive,4,4,Positive,Positive
11069,Positive,Positive,4,4,Positive,Positive
11070,Positive,Positive,4,4,Positive,Positive
11071,Positive,Positive,5,5,Positive,Positive
11072,Positive,Positive,4,4,Positive,Positive
11073,Positive,Positive,4,4,Positive,Positive
11074,Negative,Negative,2,2,Negative,Negative
11075,Positive,Positive,4,4,Positive,Positive
11076,Positive,Positive,5,5,Positive,Positive
11077,Positive,Positive,3,3,Neutral,Neutral
11078,Positive,Positive,5,5,Positive,Positive
11079,Positive,Positive,4,4,Positive,Positive
11080,Positive,Positive,3,3,Neutral,Neutral
11081,Positive,Positive,4,4,Positive,Positive
11082,Positive,Positive,4,4,Positive,Positive
11083,Negative,Negative,2,2,Negative,Negative
11084,Positive,Positive,4,4,Positive,Positive
11085,Positive,Positive,4,4,Positive,Positive
11086,Negative,Negative,3,3,Neutral,Neutral
11087,Positive,Positive,4,4,Positive,Positive
11088,Positive,Positive,5,5,Positive,Positive
11089,Positive,Positive,3,3,Neutral,Neutral
11090,Positive,Positive,4,4,Positive,Positive
11091,Negative,Negative,2,2,Negative,Negative
11092,Positive,Positive,3,3,Neutral,Neutral
11093,Positive,Positive,2,2,Negative,Negative
11094,Positive,Positive,5,5,Positive,Positive
11095,Positive,Positive,5,5,Positive,Positive
11096,Positive,Positive,3,3,Neutral,Neutral
11097,Positive,Positive,3,3,Neutral,Neutral
11098,Positive,Positive,4,4,Positive,Positive
11099,Positive,Positive,4,4,Positive,Positive
11100,Positive,Positive,5,5,Positive,Positive
11101,Positive,Positive,5,5,Positive,Positive
11102,Positive,Positive,3,3,Neutral,Neutral
11103,Positive,Positive,5,5,Positive,Positive
11104,Negative,Negative,4,4,Positive,Positive
11105,Positive,Positive,4,4,Positive,Positive
11106,Positive,Positive,5,5,Positive,Positive
11107,Negative,Negative,2,2,Negative,Negative
11108,Positive,Positive,4,4,Positive,Positive
11109,Positive,Positive,5,5,Positive,Positive
11110,Positive,Positive,4,4,Positive,Positive
11111,Negative,Negative,2,2,Negative,Negative
11112,Positive,Positive,5,5,Positive,Positive
11113,Positive,Positive,5,5,Positive,Positive
11114,Positive,Positive,4,4,Positive,Positive
11115,Positive,Positive,4,4,Positive,Positive
11116,Positive,Positive,4,4,Positive,Positive
11117,Positive,Positive,4,4,Positive,Positive
11118,Positive,Positive,5,5,Positive,Positive
11119,Positive,Positive,4,4,Positive,Positive
11120,Positive,Positive,4,4,Positive,Positive
11121,Positive,Positive,4,4,Positive,Positive
11122,Positive,Positive,5,5,Positive,Positive
11123,Positive,Positive,3,3,Neutral,Neutral
11124,Positive,Positive,4,4,Positive,Positive
11125,Neutral,Neutral,5,5,Positive,Positive
11126,Positive,Positive,4,4,Positive,Positive
11127,Neutral,Neutral,4,4,Positive,Positive
11128,Negative,Negative,2,2,Negative,Negative
11129,Positive,Positive,4,4,Positive,Positive
11130,Positive,Positive,4,4,Positive,Positive
11131,Neutral,Neutral,3,3,Neutral,Neutral
11132,Positive,Positive,3,3,Neutral,Neutral
11133,Positive,Positive,5,5,Positive,Positive
11134,Positive,Positive,3,3,Neutral,Neutral
11135,Positive,Positive,4,4,Positive,Positive
11136,Positive,Positive,5,5,Positive,Positive
11137,Positive,Positive,5,5,Positive,Positive
11138,Positive,Positive,4,4,Positive,Positive
11139,Positive,Positive,3,3,Neutral,Neutral
11140,Positive,Positive,3,3,Neutral,Neutral
11141,Positive,Positive,4,4,Positive,Positive
11142,Positive,Positive,5,5,Positive,Positive
11143,Positive,Positive,4,4,Positive,Positive
11144,Positive,Positive,4,3,Positive,Neutral
11145,Positive,Positive,4,4,Positive,Positive
11146,Positive,Positive,4,4,Positive,Positive
11147,Positive,Positive,5,5,Positive,Positive
11148,Positive,Positive,5,5,Positive,Positive
11149,Neutral,Neutral,5,5,Positive,Positive
11150,Positive,Positive,5,5,Positive,Positive
11151,Positive,Positive,4,4,Positive,Positive
11152,Positive,Positive,4,4,Positive,Positive
11153,Positive,Positive,5,5,Positive,Positive
11154,Positive,Positive,5,5,Positive,Positive
11155,Positive,Positive,4,4,Positive,Positive
11156,Positive,Positive,5,5,Positive,Positive
11157,Positive,Positive,5,5,Positive,Positive
11158,Positive,Positive,5,5,Positive,Positive
11159,Positive,Positive,4,3,Positive,Neutral
11160,Positive,Positive,5,5,Positive,Positive
11161,Positive,Positive,5,5,Positive,Positive
11162,Positive,Positive,5,5,Positive,Positive
11163,Positive,Positive,5,5,Positive,Positive
11164,Positive,Positive,3,3,Neutral,Neutral
11165,Neutral,Neutral,5,5,Positive,Positive
11166,Positive,Positive,5,5,Positive,Positive
11167,Positive,Positive,4,4,Positive,Positive
11168,Positive,Positive,4,4,Positive,Positive
11169,Positive,Positive,5,5,Positive,Positive
11170,Positive,Positive,4,4,Positive,Positive
11171,Positive,Positive,4,4,Positive,Positive
11172,Positive,Positive,5,5,Positive,Positive
11173,Negative,Negative,4,4,Positive,Positive
11174,Positive,Positive,2,2,Negative,Negative
11175,Positive,Positive,4,4,Positive,Positive
11176,Positive,Positive,5,5,Positive,Positive
11177,Positive,Positive,4,4,Positive,Positive
11178,Positive,Positive,4,4,Positive,Positive
11179,Positive,Positive,4,4,Positive,Positive
11180,Positive,Positive,3,3,Neutral,Neutral
11181,Positive,Positive,2,2,Negative,Negative
11182,Positive,Positive,4,4,Positive,Positive
11183,Positive,Positive,5,5,Positive,Positive
11184,Positive,Positive,5,5,Positive,Positive
11185,Positive,Positive,5,5,Positive,Positive
11186,Positive,Positive,5,4,Positive,Positive
11187,Positive,Positive,3,3,Neutral,Neutral
11188,Positive,Positive,5,5,Positive,Positive
11189,Positive,Positive,5,5,Positive,Positive
11190,Positive,Positive,5,5,Positive,Positive
11191,Positive,Positive,4,4,Positive,Positive
11192,Positive,Positive,5,5,Positive,Positive
11193,Positive,Positive,5,5,Positive,Positive
11194,Positive,Positive,4,4,Positive,Positive
11195,Positive,Positive,4,4,Positive,Positive
11196,Positive,Positive,5,5,Positive,Positive
11197,Positive,Positive,2,2,Negative,Negative
11198,Positive,Positive,4,4,Positive,Positive
11199,Positive,Positive,4,4,Positive,Positive
11200,Positive,Positive,5,5,Positive,Positive
11201,Positive,Positive,5,5,Positive,Positive
11202,Positive,Positive,5,5,Positive,Positive
11203,Positive,Positive,5,5,Positive,Positive
11204,Positive,Positive,5,5,Positive,Positive
11205,Positive,Positive,5,5,Positive,Positive
11206,Positive,Positive,4,4,Positive,Positive
11207,Positive,Positive,5,5,Positive,Positive
11208,Negative,Negative,2,2,Negative,Negative
11209,Positive,Positive,4,4,Positive,Positive
11210,Negative,Negative,3,3,Neutral,Neutral
11211,Positive,Positive,5,5,Positive,Positive
11212,Neutral,Neutral,3,3,Neutral,Neutral
11213,Positive,Positive,5,5,Positive,Positive
11214,Positive,Positive,4,4,Positive,Positive
11215,Positive,Positive,5,5,Positive,Positive
11216,Positive,Positive,4,4,Positive,Positive
11217,Positive,Positive,4,5,Positive,Positive
11218,Positive,Positive,5,5,Positive,Positive
11219,Positive,Positive,5,5,Positive,Positive
11220,Positive,Positive,5,5,Positive,Positive
11221,Positive,Positive,4,4,Positive,Positive
11222,Positive,Positive,5,5,Positive,Positive
11223,Positive,Positive,5,5,Positive,Positive
11224,Positive,Positive,4,4,Positive,Positive
11225,Positive,Positive,5,5,Positive,Positive
11226,Positive,Positive,5,5,Positive,Positive
11227,Positive,Positive,4,4,Positive,Positive
11228,Positive,Positive,4,4,Positive,Positive
11229,Positive,Positive,5,5,Positive,Positive
11230,Positive,Positive,4,4,Positive,Positive
11231,Positive,Positive,5,5,Positive,Positive
11232,Positive,Positive,4,4,Positive,Positive
11233,Positive,Positive,5,5,Positive,Positive
11234,Positive,Positive,4,4,Positive,Positive
11235,Positive,Positive,4,4,Positive,Positive
11236,Positive,Positive,5,5,Positive,Positive
11237,Positive,Positive,3,3,Neutral,Neutral
11238,Positive,Positive,2,2,Negative,Negative
11239,Positive,Positive,4,4,Positive,Positive
11240,Positive,Positive,4,4,Positive,Positive
11241,Positive,Positive,4,4,Positive,Positive
11242,Positive,Positive,5,5,Positive,Positive
11243,Positive,Positive,5,5,Positive,Positive
11244,Positive,Positive,4,4,Positive,Positive
11245,Positive,Positive,3,3,Neutral,Neutral
11246,Positive,Positive,5,5,Positive,Positive
11247,Positive,Positive,5,5,Positive,Positive
11248,Positive,Positive,5,5,Positive,Positive
11249,Positive,Positive,5,5,Positive,Positive
11250,Positive,Positive,5,5,Positive,Positive
11251,Positive,Positive,5,5,Positive,Positive
11252,Positive,Positive,4,4,Positive,Positive
11253,Positive,Positive,5,5,Positive,Positive
11254,Positive,Positive,5,5,Positive,Positive
11255,Positive,Positive,4,4,Positive,Positive
11256,Positive,Positive,2,2,Negative,Negative
11257,Positive,Positive,5,5,Positive,Positive
11258,Positive,Positive,4,4,Positive,Positive
11259,Positive,Positive,5,5,Positive,Positive
11260,Positive,Positive,4,4,Positive,Positive
11261,Positive,Positive,4,4,Positive,Positive
11262,Positive,Positive,5,5,Positive,Positive
11263,Positive,Positive,5,5,Positive,Positive
11264,Positive,Positive,3,3,Neutral,Neutral
11265,Positive,Positive,3,3,Neutral,Neutral
11266,Positive,Positive,5,5,Positive,Positive
11267,Positive,Positive,5,5,Positive,Positive
11268,Positive,Positive,5,5,Positive,Positive
11269,Positive,Positive,5,5,Positive,Positive
11270,Neutral,Neutral,4,4,Positive,Positive
11271,Positive,Positive,4,4,Positive,Positive
11272,Positive,Positive,5,5,Positive,Positive
11273,Positive,Positive,5,5,Positive,Positive
11274,Positive,Positive,5,5,Positive,Positive
11275,Positive,Positive,5,5,Positive,Positive
11276,Positive,Positive,5,5,Positive,Positive
11277,Negative,Negative,2,2,Negative,Negative
11278,Positive,Positive,5,5,Positive,Positive
11279,Positive,Positive,4,4,Positive,Positive
11280,Positive,Positive,4,4,Positive,Positive
11281,Positive,Positive,5,5,Positive,Positive
11282,Positive,Positive,3,3,Neutral,Neutral
11283,Positive,Positive,5,5,Positive,Positive
11284,Positive,Positive,5,5,Positive,Positive
11285,Positive,Positive,4,4,Positive,Positive
11286,Positive,Positive,3,3,Neutral,Neutral
11287,Positive,Positive,3,3,Neutral,Neutral
11288,Positive,Positive,4,4,Positive,Positive
11289,Positive,Positive,2,2,Negative,Negative
11290,Negative,Negative,4,4,Positive,Positive
11291,Positive,Positive,3,3,Neutral,Neutral
11292,Positive,Positive,5,5,Positive,Positive
11293,Positive,Positive,5,5,Positive,Positive
11294,Positive,Positive,4,4,Positive,Positive
11295,Positive,Positive,5,5,Positive,Positive
11296,Positive,Positive,4,4,Positive,Positive
11297,Positive,Positive,4,4,Positive,Positive
11298,Positive,Positive,5,5,Positive,Positive
11299,Positive,Positive,5,5,Positive,Positive
11300,Positive,Positive,4,4,Positive,Positive
11301,Positive,Positive,5,5,Positive,Positive
11302,Positive,Positive,4,4,Positive,Positive
11303,Positive,Positive,4,4,Positive,Positive
11304,Positive,Positive,5,5,Positive,Positive
11305,Positive,Positive,4,4,Positive,Positive
11306,Positive,Positive,5,5,Positive,Positive
11307,Positive,Positive,5,5,Positive,Positive
11308,Positive,Positive,4,4,Positive,Positive
11309,Positive,Positive,3,3,Neutral,Neutral
11310,Positive,Positive,4,4,Positive,Positive
11311,Positive,Positive,2,2,Negative,Negative
11312,Positive,Positive,5,5,Positive,Positive
11313,Positive,Positive,5,5,Positive,Positive
11314,Positive,Positive,5,5,Positive,Positive
11315,Positive,Positive,4,5,Positive,Positive
11316,Positive,Positive,5,5,Positive,Positive
11317,Positive,Positive,5,5,Positive,Positive
11318,Positive,Positive,5,5,Positive,Positive
11319,Positive,Positive,5,5,Positive,Positive
11320,Positive,Positive,5,5,Positive,Positive
11321,Positive,Positive,4,4,Positive,Positive
11322,Positive,Positive,4,4,Positive,Positive
11323,Positive,Positive,5,5,Positive,Positive
11324,Neutral,Neutral,3,3,Neutral,Neutral
11325,Positive,Positive,4,4,Positive,Positive
11326,Positive,Positive,4,4,Positive,Positive
11327,Positive,Positive,5,5,Positive,Positive
11328,Positive,Positive,4,4,Positive,Positive
11329,Positive,Positive,5,5,Positive,Positive
11330,Negative,Negative,4,4,Positive,Positive
11331,Positive,Positive,5,5,Positive,Positive
11332,Negative,Negative,3,3,Neutral,Neutral
11333,Positive,Positive,4,4,Positive,Positive
11334,Positive,Positive,5,5,Positive,Positive
11335,Positive,Positive,5,5,Positive,Positive
11336,Positive,Positive,3,2,Neutral,Negative
11337,Positive,Positive,4,4,Positive,Positive
11338,Positive,Positive,4,4,Positive,Positive
11339,Positive,Positive,5,5,Positive,Positive
11340,Negative,Negative,3,3,Neutral,Neutral
11341,Positive,Positive,5,5,Positive,Positive
11342,Positive,Positive,4,4,Positive,Positive
11343,Positive,Positive,5,5,Positive,Positive
11344,Positive,Positive,4,4,Positive,Positive
11345,Positive,Positive,4,4,Positive,Positive
11346,Positive,Positive,5,5,Positive,Positive
11347,Positive,Positive,5,5,Positive,Positive
11348,Positive,Positive,5,5,Positive,Positive
11349,Positive,Positive,5,5,Positive,Positive
11350,Positive,Positive,5,5,Positive,Positive
11351,Positive,Positive,4,4,Positive,Positive
11352,Positive,Positive,4,4,Positive,Positive
11353,Positive,Positive,5,5,Positive,Positive
11354,Positive,Positive,4,4,Positive,Positive
11355,Positive,Positive,4,4,Positive,Positive
11356,Positive,Positive,5,5,Positive,Positive
11357,Neutral,Neutral,4,4,Positive,Positive
11358,Positive,Positive,2,2,Negative,Negative
11359,Positive,Positive,3,3,Neutral,Neutral
11360,Positive,Positive,4,4,Positive,Positive
11361,Positive,Positive,4,4,Positive,Positive
11362,Positive,Positive,5,5,Positive,Positive
11363,Positive,Positive,5,5,Positive,Positive
11364,Positive,Positive,3,3,Neutral,Neutral
11365,Positive,Positive,4,4,Positive,Positive
11366,Positive,Positive,5,5,Positive,Positive
11367,Positive,Positive,5,5,Positive,Positive
11368,Positive,Positive,2,2,Negative,Negative
11369,Positive,Positive,4,4,Positive,Positive
11370,Negative,Negative,3,3,Neutral,Neutral
11371,Positive,Positive,5,5,Positive,Positive
11372,Positive,Positive,4,4,Positive,Positive
11373,Positive,Positive,3,3,Neutral,Neutral
11374,Positive,Positive,4,4,Positive,Positive
11375,Positive,Positive,4,4,Positive,Positive
11376,Positive,Positive,5,5,Positive,Positive
11377,Positive,Positive,4,4,Positive,Positive
11378,Positive,Positive,5,5,Positive,Positive
11379,Positive,Positive,4,4,Positive,Positive
11380,Positive,Positive,3,3,Neutral,Neutral
11381,Positive,Positive,5,5,Positive,Positive
11382,Positive,Positive,3,3,Neutral,Neutral
11383,Positive,Positive,4,4,Positive,Positive
11384,Positive,Positive,5,5,Positive,Positive
11385,Positive,Positive,5,5,Positive,Positive
11386,Positive,Positive,5,5,Positive,Positive
11387,Negative,Negative,3,3,Neutral,Neutral
11388,Positive,Positive,4,4,Positive,Positive
11389,Positive,Positive,3,3,Neutral,Neutral
11390,Positive,Positive,5,5,Positive,Positive
11391,Positive,Positive,5,5,Positive,Positive
11392,Positive,Positive,4,4,Positive,Positive
11393,Positive,Positive,4,4,Positive,Positive
11394,Positive,Positive,5,5,Positive,Positive
11395,Positive,Positive,5,5,Positive,Positive
11396,Positive,Positive,4,4,Positive,Positive
11397,Positive,Positive,4,4,Positive,Positive
11398,Positive,Positive,5,5,Positive,Positive
11399,Positive,Positive,5,5,Positive,Positive
11400,Positive,Positive,4,4,Positive,Positive
11401,Positive,Positive,4,4,Positive,Positive
11402,Positive,Positive,5,5,Positive,Positive
11403,Positive,Positive,5,5,Positive,Positive
11404,Positive,Positive,2,2,Negative,Negative
11405,Positive,Positive,4,4,Positive,Positive
11406,Positive,Positive,2,3,Negative,Neutral
11407,Positive,Positive,5,5,Positive,Positive
11408,Positive,Positive,5,5,Positive,Positive
11409,Positive,Positive,5,5,Positive,Positive
11410,Positive,Positive,5,5,Positive,Positive
11411,Positive,Positive,3,3,Neutral,Neutral
11412,Positive,Positive,4,4,Positive,Positive
11413,Positive,Positive,5,5,Positive,Positive
11414,Positive,Positive,5,5,Positive,Positive
11415,Positive,Positive,5,5,Positive,Positive
11416,Positive,Positive,5,5,Positive,Positive
11417,Positive,Positive,4,4,Positive,Positive
11418,Positive,Positive,4,4,Positive,Positive
11419,Positive,Positive,5,5,Positive,Positive
11420,Positive,Positive,5,5,Positive,Positive
11421,Positive,Positive,5,5,Positive,Positive
11422,Positive,Positive,4,4,Positive,Positive
11423,Positive,Positive,4,4,Positive,Positive
11424,Negative,Negative,4,4,Positive,Positive
11425,Neutral,Neutral,3,3,Neutral,Neutral
11426,Positive,Positive,5,5,Positive,Positive
11427,Positive,Positive,4,4,Positive,Positive
11428,Positive,Positive,5,5,Positive,Positive
11429,Positive,Positive,4,4,Positive,Positive
11430,Positive,Positive,5,5,Positive,Positive
11431,Positive,Positive,4,4,Positive,Positive
11432,Positive,Positive,2,2,Negative,Negative
11433,Neutral,Neutral,2,2,Negative,Negative
11434,Positive,Positive,4,4,Positive,Positive
11435,Positive,Positive,5,5,Positive,Positive
11436,Positive,Positive,2,2,Negative,Negative
11437,Positive,Positive,5,5,Positive,Positive
11438,Positive,Positive,1,1,Negative,Negative
11439,Positive,Positive,3,3,Neutral,Neutral
11440,Positive,Positive,3,3,Neutral,Neutral
11441,Positive,Positive,5,5,Positive,Positive
11442,Positive,Positive,5,5,Positive,Positive
11443,Positive,Positive,5,5,Positive,Positive
11444,Positive,Positive,5,5,Positive,Positive
11445,Positive,Positive,4,4,Positive,Positive
11446,Positive,Positive,5,5,Positive,Positive
11447,Positive,Positive,5,5,Positive,Positive
11448,Positive,Positive,5,5,Positive,Positive
11449,Positive,Positive,5,5,Positive,Positive
11450,Positive,Positive,5,5,Positive,Positive
11451,Positive,Positive,4,4,Positive,Positive
11452,Positive,Positive,5,4,Positive,Positive
11453,Positive,Positive,5,5,Positive,Positive
11454,Positive,Positive,5,5,Positive,Positive
11455,Positive,Positive,5,5,Positive,Positive
11456,Positive,Positive,5,5,Positive,Positive
11457,Positive,Positive,5,5,Positive,Positive
11458,Positive,Positive,5,5,Positive,Positive
11459,Positive,Positive,5,5,Positive,Positive
11460,Positive,Positive,5,5,Positive,Positive
11461,Positive,Positive,4,4,Positive,Positive
11462,Positive,Positive,4,4,Positive,Positive
11463,Positive,Positive,5,5,Positive,Positive
11464,Positive,Positive,4,4,Positive,Positive
11465,Positive,Positive,5,5,Positive,Positive
11466,Positive,Positive,5,5,Positive,Positive
11467,Positive,Positive,5,5,Positive,Positive
11468,Positive,Positive,4,4,Positive,Positive
11469,Positive,Positive,5,5,Positive,Positive
11470,Positive,Positive,5,5,Positive,Positive
11471,Positive,Positive,5,5,Positive,Positive
11472,Positive,Positive,1,1,Negative,Negative
11473,Positive,Positive,5,5,Positive,Positive
11474,Positive,Positive,5,5,Positive,Positive
11475,Positive,Positive,4,4,Positive,Positive
11476,Positive,Positive,3,3,Neutral,Neutral
11477,Positive,Positive,5,5,Positive,Positive
11478,Positive,Positive,5,5,Positive,Positive
11479,Positive,Positive,5,5,Positive,Positive
11480,Positive,Positive,4,4,Positive,Positive
11481,Positive,Positive,5,5,Positive,Positive
11482,Positive,Positive,5,5,Positive,Positive
11483,Negative,Negative,3,3,Neutral,Neutral
11484,Positive,Positive,5,5,Positive,Positive
11485,Positive,Positive,5,5,Positive,Positive
11486,Positive,Positive,2,2,Negative,Negative
11487,Positive,Positive,5,5,Positive,Positive
11488,Positive,Positive,5,5,Positive,Positive
11489,Positive,Positive,4,4,Positive,Positive
11490,Positive,Positive,4,4,Positive,Positive
11491,Positive,Positive,5,5,Positive,Positive
11492,Positive,Positive,4,4,Positive,Positive
11493,Positive,Positive,3,3,Neutral,Neutral
11494,Positive,Positive,5,5,Positive,Positive
11495,Positive,Positive,4,4,Positive,Positive
11496,Positive,Positive,4,4,Positive,Positive
11497,Positive,Positive,4,4,Positive,Positive
11498,Positive,Positive,5,5,Positive,Positive
11499,Positive,Positive,5,5,Positive,Positive
11500,Positive,Positive,5,5,Positive,Positive
11501,Positive,Positive,5,5,Positive,Positive
11502,Positive,Positive,4,4,Positive,Positive
11503,Positive,Positive,4,4,Positive,Positive
11504,Positive,Positive,5,5,Positive,Positive
11505,Positive,Positive,5,5,Positive,Positive
11506,Positive,Positive,4,4,Positive,Positive
11507,Positive,Positive,5,5,Positive,Positive
11508,Positive,Positive,5,5,Positive,Positive
11509,Positive,Positive,3,3,Neutral,Neutral
11510,Positive,Positive,5,5,Positive,Positive
11511,Positive,Positive,4,3,Positive,Neutral
11512,Positive,Positive,5,5,Positive,Positive
11513,Neutral,Neutral,3,3,Neutral,Neutral
11514,Positive,Positive,5,5,Positive,Positive
11515,Positive,Positive,4,4,Positive,Positive
11516,Negative,Negative,2,2,Negative,Negative
11517,Positive,Positive,5,5,Positive,Positive
11518,Positive,Positive,5,5,Positive,Positive
11519,Positive,Positive,4,4,Positive,Positive
11520,Positive,Positive,5,5,Positive,Positive
11521,Negative,Negative,3,3,Neutral,Neutral
11522,Positive,Positive,3,3,Neutral,Neutral
11523,Positive,Positive,4,4,Positive,Positive
11524,Positive,Positive,4,4,Positive,Positive
11525,Positive,Positive,5,5,Positive,Positive
11526,Positive,Positive,4,4,Positive,Positive
11527,Positive,Positive,4,4,Positive,Positive
11528,Positive,Positive,5,5,Positive,Positive
11529,Positive,Positive,5,5,Positive,Positive
11530,Positive,Positive,4,4,Positive,Positive
11531,Positive,Positive,4,4,Positive,Positive
11532,Positive,Positive,5,4,Positive,Positive
11533,Positive,Positive,5,5,Positive,Positive
11534,Positive,Positive,4,4,Positive,Positive
11535,Positive,Positive,5,5,Positive,Positive
11536,Positive,Positive,4,4,Positive,Positive
11537,Positive,Positive,3,3,Neutral,Neutral
11538,Positive,Positive,4,4,Positive,Positive
11539,Positive,Positive,4,4,Positive,Positive
11540,Positive,Positive,4,4,Positive,Positive
11541,Positive,Positive,5,5,Positive,Positive
11542,Positive,Positive,4,4,Positive,Positive
11543,Positive,Positive,5,5,Positive,Positive
11544,Positive,Positive,4,2,Positive,Negative
11545,Positive,Positive,4,4,Positive,Positive
11546,Positive,Positive,4,4,Positive,Positive
11547,Positive,Positive,5,5,Positive,Positive
11548,Positive,Positive,5,5,Positive,Positive
11549,Negative,Negative,3,3,Neutral,Neutral
11550,Positive,Positive,4,4,Positive,Positive
11551,Positive,Positive,4,4,Positive,Positive
11552,Positive,Positive,4,4,Positive,Positive
11553,Positive,Positive,5,5,Positive,Positive
11554,Positive,Positive,5,5,Positive,Positive
11555,Positive,Positive,5,5,Positive,Positive
11556,Positive,Positive,5,5,Positive,Positive
11557,Positive,Positive,4,4,Positive,Positive
11558,Positive,Positive,5,5,Positive,Positive
11559,Positive,Positive,5,5,Positive,Positive
11560,Positive,Positive,5,5,Positive,Positive
11561,Positive,Positive,5,5,Positive,Positive
11562,Positive,Positive,5,5,Positive,Positive
11563,Positive,Positive,5,5,Positive,Positive
11564,Positive,Positive,5,5,Positive,Positive
11565,Negative,Negative,1,1,Negative,Negative
11566,Positive,Positive,5,5,Positive,Positive
11567,Positive,Positive,5,5,Positive,Positive
11568,Positive,Positive,4,4,Positive,Positive
11569,Positive,Positive,5,5,Positive,Positive
11570,Positive,Positive,4,4,Positive,Positive
11571,Positive,Positive,5,5,Positive,Positive
11572,Positive,Positive,5,5,Positive,Positive
11573,Positive,Positive,5,5,Positive,Positive
11574,Positive,Negative,4,1,Positive,Negative
11575,Negative,Negative,4,4,Positive,Positive
11576,Positive,Positive,4,4,Positive,Positive
11577,Positive,Positive,4,4,Positive,Positive
11578,Positive,Positive,4,4,Positive,Positive
11579,Positive,Positive,5,5,Positive,Positive
11580,Positive,Positive,5,5,Positive,Positive
11581,Positive,Positive,5,5,Positive,Positive
11582,Positive,Positive,5,5,Positive,Positive
11583,Positive,Positive,5,5,Positive,Positive
11584,Positive,Positive,4,4,Positive,Positive
11585,Positive,Positive,5,5,Positive,Positive
11586,Positive,Positive,5,5,Positive,Positive
11587,Positive,Positive,5,5,Positive,Positive
11588,Positive,Positive,5,5,Positive,Positive
11589,Positive,Positive,5,5,Positive,Positive
11590,Positive,Positive,5,5,Positive,Positive
11591,Positive,Positive,5,5,Positive,Positive
11592,Positive,Positive,4,4,Positive,Positive
11593,Positive,Positive,3,3,Neutral,Neutral
11594,Positive,Positive,5,5,Positive,Positive
11595,Positive,Positive,5,5,Positive,Positive
11596,Positive,Positive,4,4,Positive,Positive
11597,Positive,Positive,5,5,Positive,Positive
11598,Positive,Positive,5,5,Positive,Positive
11599,Positive,Positive,4,4,Positive,Positive
11600,Positive,Positive,3,3,Neutral,Neutral
11601,Positive,Positive,4,4,Positive,Positive
11602,Positive,Positive,4,4,Positive,Positive
11603,Positive,Positive,5,1,Positive,Negative
11604,Positive,Positive,5,5,Positive,Positive
11605,Positive,Positive,5,5,Positive,Positive
11606,Positive,Positive,5,5,Positive,Positive
11607,Positive,Positive,5,5,Positive,Positive
11608,Positive,Positive,5,5,Positive,Positive
11609,Positive,Positive,4,4,Positive,Positive
11610,Positive,Positive,5,5,Positive,Positive
11611,Positive,Positive,5,5,Positive,Positive
11612,Positive,Positive,5,5,Positive,Positive
11613,Positive,Positive,4,4,Positive,Positive
11614,Positive,Positive,5,5,Positive,Positive
11615,Positive,Positive,5,5,Positive,Positive
11616,Positive,Positive,5,5,Positive,Positive
11617,Positive,Positive,3,3,Neutral,Neutral
11618,Positive,Positive,4,4,Positive,Positive
11619,Positive,Positive,4,4,Positive,Positive
11620,Positive,Positive,5,5,Positive,Positive
11621,Positive,Positive,4,4,Positive,Positive
11622,Positive,Positive,4,4,Positive,Positive
11623,Positive,Positive,5,5,Positive,Positive
11624,Positive,Positive,4,4,Positive,Positive
11625,Positive,Positive,5,5,Positive,Positive
11626,Positive,Positive,5,5,Positive,Positive
11627,Positive,Positive,5,5,Positive,Positive
11628,Neutral,Neutral,4,4,Positive,Positive
11629,Neutral,Neutral,4,4,Positive,Positive
11630,Positive,Positive,4,4,Positive,Positive
11631,Positive,Positive,4,4,Positive,Positive
11632,Positive,Positive,4,4,Positive,Positive
11633,Positive,Positive,4,4,Positive,Positive
11634,Positive,Positive,5,5,Positive,Positive
11635,Positive,Positive,5,5,Positive,Positive
11636,Positive,Positive,5,5,Positive,Positive
11637,Positive,Positive,4,4,Positive,Positive
11638,Positive,Positive,5,5,Positive,Positive
11639,Negative,Negative,5,5,Positive,Positive
11640,Positive,Positive,5,5,Positive,Positive
11641,Positive,Positive,5,2,Positive,Negative
11642,Positive,Positive,4,4,Positive,Positive
11643,Positive,Positive,5,5,Positive,Positive
11644,Positive,Positive,2,2,Negative,Negative
11645,Positive,Positive,5,5,Positive,Positive
11646,Positive,Positive,4,4,Positive,Positive
11647,Positive,Positive,4,4,Positive,Positive
11648,Positive,Positive,4,4,Positive,Positive
11649,Positive,Positive,5,5,Positive,Positive
11650,Positive,Positive,3,3,Neutral,Neutral
11651,Positive,Positive,5,5,Positive,Positive
11652,Positive,Positive,5,5,Positive,Positive
11653,Positive,Positive,4,4,Positive,Positive
11654,Positive,Positive,5,5,Positive,Positive
11655,Positive,Positive,4,4,Positive,Positive
11656,Positive,Positive,4,2,Positive,Negative
11657,Positive,Positive,3,3,Neutral,Neutral
11658,Positive,Positive,4,4,Positive,Positive
11659,Positive,Positive,5,5,Positive,Positive
11660,Positive,Positive,4,4,Positive,Positive
11661,Positive,Positive,4,4,Positive,Positive
11662,Positive,Positive,4,4,Positive,Positive
11663,Positive,Positive,3,3,Neutral,Neutral
11664,Positive,Positive,3,3,Neutral,Neutral
11665,Positive,Positive,5,5,Positive,Positive
11666,Positive,Positive,5,5,Positive,Positive
11667,Negative,Negative,3,3,Neutral,Neutral
11668,Positive,Positive,5,5,Positive,Positive
11669,Positive,Positive,3,3,Neutral,Neutral
11670,Positive,Positive,5,5,Positive,Positive
11671,Positive,Positive,4,4,Positive,Positive
11672,Positive,Positive,5,5,Positive,Positive
11673,Positive,Positive,5,5,Positive,Positive
11674,Positive,Positive,5,5,Positive,Positive
11675,Positive,Positive,4,5,Positive,Positive
11676,Positive,Positive,4,4,Positive,Positive
11677,Positive,Positive,4,4,Positive,Positive
11678,Positive,Positive,3,2,Neutral,Negative
11679,Positive,Positive,5,5,Positive,Positive
11680,Positive,Positive,3,3,Neutral,Neutral
11681,Positive,Positive,5,5,Positive,Positive
11682,Positive,Positive,4,4,Positive,Positive
11683,Positive,Positive,4,4,Positive,Positive
11684,Positive,Positive,5,5,Positive,Positive
11685,Positive,Positive,5,5,Positive,Positive
11686,Positive,Positive,4,4,Positive,Positive
11687,Positive,Positive,5,5,Positive,Positive
11688,Negative,Negative,2,2,Negative,Negative
11689,Positive,Positive,5,5,Positive,Positive
11690,Positive,Positive,4,4,Positive,Positive
11691,Positive,Positive,4,4,Positive,Positive
11692,Positive,Positive,4,4,Positive,Positive
11693,Negative,Negative,5,5,Positive,Positive
11694,Positive,Positive,4,4,Positive,Positive
11695,Positive,Positive,5,5,Positive,Positive
11696,Positive,Positive,3,3,Neutral,Neutral
11697,Positive,Positive,5,5,Positive,Positive
11698,Positive,Positive,4,4,Positive,Positive
11699,Positive,Positive,5,5,Positive,Positive
11700,Positive,Positive,5,5,Positive,Positive
11701,Positive,Positive,4,4,Positive,Positive
11702,Positive,Positive,4,4,Positive,Positive
11703,Positive,Positive,3,3,Neutral,Neutral
11704,Positive,Positive,4,4,Positive,Positive
11705,Positive,Positive,4,4,Positive,Positive
11706,Positive,Positive,5,5,Positive,Positive
11707,Positive,Positive,5,5,Positive,Positive
11708,Positive,Positive,4,4,Positive,Positive
11709,Positive,Positive,5,5,Positive,Positive
11710,Positive,Positive,5,5,Positive,Positive
11711,Positive,Positive,5,5,Positive,Positive
11712,Positive,Positive,5,5,Positive,Positive
11713,Positive,Positive,5,5,Positive,Positive
11714,Positive,Positive,4,4,Positive,Positive
11715,Positive,Positive,4,4,Positive,Positive
11716,Positive,Positive,4,4,Positive,Positive
11717,Positive,Positive,3,3,Neutral,Neutral
11718,Positive,Positive,5,5,Positive,Positive
11719,Positive,Positive,5,5,Positive,Positive
11720,Negative,Negative,3,3,Neutral,Neutral
11721,Positive,Positive,4,4,Positive,Positive
11722,Positive,Positive,5,5,Positive,Positive
11723,Negative,Negative,3,3,Neutral,Neutral
11724,Positive,Positive,5,5,Positive,Positive
11725,Positive,Positive,4,4,Positive,Positive
11726,Positive,Positive,5,5,Positive,Positive
11727,Positive,Positive,5,5,Positive,Positive
11728,Positive,Positive,4,4,Positive,Positive
11729,Positive,Positive,5,5,Positive,Positive
11730,Positive,Positive,4,4,Positive,Positive
11731,Positive,Positive,5,5,Positive,Positive
11732,Positive,Positive,4,4,Positive,Positive
11733,Positive,Positive,4,4,Positive,Positive
11734,Positive,Positive,5,5,Positive,Positive
11735,Positive,Positive,4,4,Positive,Positive
11736,Positive,Positive,4,4,Positive,Positive
11737,Positive,Positive,4,4,Positive,Positive
11738,Positive,Positive,5,5,Positive,Positive
11739,Positive,Positive,5,5,Positive,Positive
11740,Positive,Positive,5,5,Positive,Positive
11741,Positive,Positive,4,4,Positive,Positive
11742,Positive,Positive,4,4,Positive,Positive
11743,Positive,Positive,5,5,Positive,Positive
11744,Positive,Positive,4,4,Positive,Positive
11745,Positive,Positive,5,5,Positive,Positive
11746,Positive,Positive,5,5,Positive,Positive
11747,Positive,Positive,5,5,Positive,Positive
11748,Positive,Positive,4,4,Positive,Positive
11749,Positive,Positive,5,5,Positive,Positive
11750,Positive,Positive,5,5,Positive,Positive
11751,Positive,Positive,4,4,Positive,Positive
11752,Positive,Positive,5,5,Positive,Positive
11753,Positive,Positive,5,5,Positive,Positive
11754,Positive,Positive,4,4,Positive,Positive
11755,Positive,Positive,5,5,Positive,Positive
11756,Positive,Positive,4,4,Positive,Positive
11757,Positive,Positive,5,5,Positive,Positive
11758,Positive,Positive,5,5,Positive,Positive
11759,Positive,Positive,4,4,Positive,Positive
11760,Positive,Positive,5,5,Positive,Positive
11761,Positive,Positive,5,5,Positive,Positive
11762,Positive,Positive,4,4,Positive,Positive
11763,Positive,Positive,5,5,Positive,Positive
11764,Positive,Positive,4,4,Positive,Positive
11765,Positive,Positive,5,5,Positive,Positive
11766,Positive,Positive,5,5,Positive,Positive
11767,Positive,Positive,5,5,Positive,Positive
11768,Positive,Positive,3,3,Neutral,Neutral
11769,Positive,Positive,5,5,Positive,Positive
11770,Positive,Positive,4,4,Positive,Positive
11771,Neutral,Neutral,4,4,Positive,Positive
11772,Positive,Positive,5,5,Positive,Positive
11773,Positive,Positive,4,4,Positive,Positive
11774,Positive,Positive,3,3,Neutral,Neutral
11775,Positive,Positive,4,4,Positive,Positive
11776,Positive,Positive,5,5,Positive,Positive
11777,Positive,Positive,4,4,Positive,Positive
11778,Positive,Positive,5,5,Positive,Positive
11779,Neutral,Neutral,3,3,Neutral,Neutral
11780,Positive,Positive,5,5,Positive,Positive
11781,Positive,Positive,4,4,Positive,Positive
11782,Positive,Positive,4,4,Positive,Positive
11783,Positive,Positive,5,5,Positive,Positive
11784,Positive,Positive,5,5,Positive,Positive
11785,Positive,Positive,4,4,Positive,Positive
11786,Positive,Positive,3,3,Neutral,Neutral
11787,Positive,Positive,5,5,Positive,Positive
11788,Positive,Positive,5,5,Positive,Positive
11789,Positive,Positive,5,4,Positive,Positive
11790,Positive,Positive,5,5,Positive,Positive
11791,Positive,Positive,4,4,Positive,Positive
11792,Positive,Positive,4,4,Positive,Positive
11793,Positive,Positive,4,4,Positive,Positive
11794,Negative,Negative,3,3,Neutral,Neutral
11795,Negative,Negative,4,4,Positive,Positive
11796,Positive,Positive,4,4,Positive,Positive
11797,Positive,Positive,5,5,Positive,Positive
11798,Positive,Positive,5,5,Positive,Positive
11799,Positive,Positive,5,5,Positive,Positive
11800,Positive,Positive,5,5,Positive,Positive
11801,Positive,Positive,5,5,Positive,Positive
11802,Positive,Positive,5,5,Positive,Positive
11803,Positive,Positive,5,5,Positive,Positive
11804,Positive,Positive,4,4,Positive,Positive
11805,Positive,Positive,5,5,Positive,Positive
11806,Positive,Positive,5,5,Positive,Positive
11807,Positive,Positive,4,4,Positive,Positive
11808,Positive,Positive,3,3,Neutral,Neutral
11809,Positive,Positive,5,5,Positive,Positive
11810,Positive,Positive,4,4,Positive,Positive
11811,Negative,Negative,4,4,Positive,Positive
11812,Positive,Positive,5,5,Positive,Positive
11813,Positive,Positive,2,2,Negative,Negative
11814,Positive,Positive,4,4,Positive,Positive
11815,Positive,Positive,5,5,Positive,Positive
11816,Positive,Positive,5,5,Positive,Positive
11817,Positive,Positive,4,4,Positive,Positive
11818,Positive,Positive,4,4,Positive,Positive
11819,Neutral,Neutral,1,1,Negative,Negative
11820,Positive,Positive,5,5,Positive,Positive
11821,Positive,Positive,4,4,Positive,Positive
11822,Positive,Positive,5,5,Positive,Positive
11823,Positive,Positive,4,4,Positive,Positive
11824,Positive,Positive,4,4,Positive,Positive
11825,Positive,Positive,4,4,Positive,Positive
11826,Positive,Positive,4,4,Positive,Positive
11827,Positive,Negative,1,2,Negative,Negative
11828,Positive,Positive,5,5,Positive,Positive
11829,Positive,Positive,5,5,Positive,Positive
11830,Negative,Negative,3,3,Neutral,Neutral
11831,Positive,Positive,4,4,Positive,Positive
11832,Positive,Positive,4,4,Positive,Positive
11833,Negative,Negative,1,1,Negative,Negative
11834,Positive,Positive,5,5,Positive,Positive
11835,Positive,Positive,4,4,Positive,Positive
11836,Positive,Positive,5,5,Positive,Positive
11837,Positive,Positive,5,5,Positive,Positive
11838,Positive,Positive,4,4,Positive,Positive
11839,Positive,Positive,5,5,Positive,Positive
11840,Neutral,Neutral,5,5,Positive,Positive
11841,Positive,Positive,4,4,Positive,Positive
11842,Positive,Positive,5,5,Positive,Positive
11843,Positive,Positive,4,4,Positive,Positive
11844,Positive,Positive,4,4,Positive,Positive
11845,Positive,Positive,4,4,Positive,Positive
11846,Positive,Positive,5,5,Positive,Positive
11847,Positive,Positive,5,5,Positive,Positive
11848,Positive,Positive,3,3,Neutral,Neutral
11849,Positive,Positive,5,5,Positive,Positive
11850,Positive,Positive,2,2,Negative,Negative
11851,Positive,Positive,2,2,Negative,Negative
11852,Positive,Positive,4,4,Positive,Positive
11853,Positive,Positive,5,5,Positive,Positive
11854,Positive,Positive,5,5,Positive,Positive
11855,Positive,Positive,4,4,Positive,Positive
11856,Positive,Positive,5,5,Positive,Positive
11857,Positive,Positive,5,5,Positive,Positive
11858,Positive,Positive,5,5,Positive,Positive
11859,Positive,Positive,5,5,Positive,Positive
11860,Positive,Positive,5,5,Positive,Positive
11861,Positive,Positive,5,5,Positive,Positive
11862,Positive,Positive,5,5,Positive,Positive
11863,Positive,Positive,4,4,Positive,Positive
11864,Positive,Positive,4,4,Positive,Positive
11865,Positive,Positive,5,5,Positive,Positive
11866,Positive,Positive,5,5,Positive,Positive
11867,Positive,Positive,3,3,Neutral,Neutral
11868,Positive,Positive,5,5,Positive,Positive
11869,Positive,Positive,5,5,Positive,Positive
11870,Positive,Positive,3,3,Neutral,Neutral
11871,Positive,Positive,5,5,Positive,Positive
11872,Positive,Positive,5,5,Positive,Positive
11873,Positive,Positive,4,4,Positive,Positive
11874,Positive,Positive,5,5,Positive,Positive
11875,Positive,Positive,5,5,Positive,Positive
11876,Positive,Positive,4,4,Positive,Positive
11877,Positive,Positive,4,4,Positive,Positive
11878,Positive,Positive,5,5,Positive,Positive
11879,Positive,Positive,4,4,Positive,Positive
11880,Negative,Negative,2,2,Negative,Negative
11881,Positive,Positive,3,3,Neutral,Neutral
11882,Positive,Positive,5,5,Positive,Positive
11883,Positive,Positive,5,5,Positive,Positive
11884,Positive,Positive,5,5,Positive,Positive
11885,Positive,Positive,3,3,Neutral,Neutral
11886,Positive,Positive,5,5,Positive,Positive
11887,Positive,Positive,5,5,Positive,Positive
11888,Positive,Positive,5,5,Positive,Positive
11889,Positive,Positive,5,5,Positive,Positive
11890,Neutral,Neutral,3,3,Neutral,Neutral
11891,Positive,Positive,5,5,Positive,Positive
11892,Positive,Positive,4,4,Positive,Positive
11893,Positive,Positive,5,5,Positive,Positive
11894,Positive,Positive,5,5,Positive,Positive
11895,Positive,Positive,5,5,Positive,Positive
11896,Positive,Positive,3,3,Neutral,Neutral
11897,Neutral,Neutral,1,1,Negative,Negative
11898,Positive,Positive,5,5,Positive,Positive
11899,Positive,Positive,5,5,Positive,Positive
11900,Positive,Positive,4,4,Positive,Positive
11901,Positive,Positive,4,4,Positive,Positive
11902,Positive,Positive,5,5,Positive,Positive
11903,Positive,Positive,4,4,Positive,Positive
11904,Positive,Positive,5,5,Positive,Positive
11905,Positive,Positive,4,4,Positive,Positive
11906,Positive,Positive,4,4,Positive,Positive
11907,Positive,Positive,5,5,Positive,Positive
11908,Positive,Positive,5,5,Positive,Positive
11909,Positive,Positive,5,5,Positive,Positive
11910,Positive,Positive,5,5,Positive,Positive
11911,Positive,Positive,4,4,Positive,Positive
11912,Positive,Positive,5,5,Positive,Positive
11913,Positive,Positive,4,4,Positive,Positive
11914,Positive,Positive,4,4,Positive,Positive
11915,Positive,Positive,5,5,Positive,Positive
11916,Negative,Negative,3,3,Neutral,Neutral
11917,Positive,Positive,5,5,Positive,Positive
11918,Positive,Positive,5,5,Positive,Positive
11919,Positive,Positive,4,4,Positive,Positive
11920,Positive,Positive,4,4,Positive,Positive
11921,Positive,Positive,5,5,Positive,Positive
11922,Positive,Positive,5,5,Positive,Positive
11923,Neutral,Neutral,4,4,Positive,Positive
11924,Positive,Positive,5,5,Positive,Positive
11925,Positive,Positive,4,4,Positive,Positive
11926,Positive,Positive,2,2,Negative,Negative
11927,Positive,Positive,5,5,Positive,Positive
11928,Positive,Positive,5,4,Positive,Positive
11929,Negative,Negative,3,3,Neutral,Neutral
11930,Positive,Positive,3,3,Neutral,Neutral
11931,Positive,Positive,4,4,Positive,Positive
11932,Positive,Positive,5,5,Positive,Positive
11933,Positive,Positive,5,5,Positive,Positive
11934,Positive,Positive,4,4,Positive,Positive
11935,Positive,Positive,5,5,Positive,Positive
11936,Positive,Positive,5,5,Positive,Positive
11937,Positive,Positive,4,4,Positive,Positive
11938,Positive,Positive,4,4,Positive,Positive
11939,Positive,Positive,5,5,Positive,Positive
11940,Positive,Positive,5,5,Positive,Positive
11941,Positive,Positive,5,5,Positive,Positive
11942,Positive,Positive,2,2,Negative,Negative
11943,Positive,Positive,5,5,Positive,Positive
11944,Positive,Positive,4,4,Positive,Positive
11945,Positive,Positive,2,2,Negative,Negative
11946,Positive,Positive,5,5,Positive,Positive
11947,Positive,Positive,3,3,Neutral,Neutral
11948,Positive,Positive,5,5,Positive,Positive
11949,Positive,Positive,4,4,Positive,Positive
11950,Positive,Positive,3,3,Neutral,Neutral
11951,Positive,Positive,3,3,Neutral,Neutral
11952,Positive,Positive,4,4,Positive,Positive
11953,Positive,Positive,4,4,Positive,Positive
11954,Positive,Positive,5,5,Positive,Positive
11955,Positive,Positive,3,3,Neutral,Neutral
11956,Positive,Positive,3,3,Neutral,Neutral
11957,Positive,Positive,5,5,Positive,Positive
11958,Positive,Positive,3,3,Neutral,Neutral
11959,Positive,Positive,5,5,Positive,Positive
11960,Positive,Positive,5,5,Positive,Positive
11961,Positive,Positive,4,4,Positive,Positive
11962,Positive,Positive,5,5,Positive,Positive
11963,Positive,Positive,5,5,Positive,Positive
11964,Positive,Positive,4,4,Positive,Positive
11965,Positive,Positive,4,4,Positive,Positive
11966,Positive,Positive,4,4,Positive,Positive
11967,Positive,Positive,5,5,Positive,Positive
11968,Positive,Positive,4,4,Positive,Positive
11969,Positive,Positive,3,3,Neutral,Neutral
11970,Positive,Positive,3,3,Neutral,Neutral
11971,Positive,Positive,4,4,Positive,Positive
11972,Positive,Positive,4,4,Positive,Positive
11973,Positive,Positive,5,5,Positive,Positive
11974,Positive,Positive,4,4,Positive,Positive
11975,Positive,Positive,3,3,Neutral,Neutral
11976,Positive,Positive,4,4,Positive,Positive
11977,Positive,Neutral,4,2,Positive,Negative
11978,Positive,Positive,5,5,Positive,Positive
11979,Neutral,Neutral,5,5,Positive,Positive
11980,Positive,Positive,2,2,Negative,Negative
11981,Positive,Positive,4,4,Positive,Positive
11982,Positive,Positive,3,3,Neutral,Neutral
11983,Positive,Positive,5,5,Positive,Positive
11984,Positive,Positive,5,5,Positive,Positive
11985,Positive,Positive,4,4,Positive,Positive
11986,Positive,Positive,3,3,Neutral,Neutral
11987,Positive,Positive,4,4,Positive,Positive
11988,Positive,Positive,4,4,Positive,Positive
11989,Positive,Positive,5,5,Positive,Positive
11990,Positive,Positive,5,5,Positive,Positive
11991,Positive,Positive,5,5,Positive,Positive
11992,Positive,Positive,4,4,Positive,Positive
11993,Positive,Positive,2,2,Negative,Negative
11994,Positive,Positive,5,5,Positive,Positive
11995,Positive,Positive,5,5,Positive,Positive
11996,Positive,Positive,4,4,Positive,Positive
11997,Positive,Positive,3,3,Neutral,Neutral
11998,Positive,Positive,5,5,Positive,Positive
11999,Positive,Positive,4,4,Positive,Positive
12000,Positive,Positive,4,4,Positive,Positive
12001,Negative,Negative,2,2,Negative,Negative
12002,Positive,Positive,4,4,Positive,Positive
12003,Negative,Negative,1,1,Negative,Negative
12004,Positive,Positive,4,4,Positive,Positive
12005,Positive,Positive,4,4,Positive,Positive
12006,Negative,Negative,2,2,Negative,Negative
12007,Positive,Positive,4,4,Positive,Positive
12008,Positive,Positive,5,5,Positive,Positive
12009,Positive,Positive,5,5,Positive,Positive
12010,Positive,Positive,5,5,Positive,Positive
12011,Positive,Positive,5,5,Positive,Positive
12012,Positive,Positive,5,5,Positive,Positive
12013,Positive,Positive,5,5,Positive,Positive
12014,Positive,Positive,5,5,Positive,Positive
12015,Positive,Positive,3,3,Neutral,Neutral
12016,Positive,Positive,4,4,Positive,Positive
12017,Positive,Positive,4,4,Positive,Positive
12018,Positive,Positive,2,2,Negative,Negative
12019,Positive,Positive,5,5,Positive,Positive
12020,Positive,Positive,5,5,Positive,Positive
12021,Positive,Positive,5,5,Positive,Positive
12022,Positive,Positive,5,5,Positive,Positive
12023,Positive,Positive,4,4,Positive,Positive
12024,Positive,Positive,3,3,Neutral,Neutral
12025,Positive,Positive,4,4,Positive,Positive
12026,Positive,Positive,5,5,Positive,Positive
12027,Positive,Positive,5,5,Positive,Positive
12028,Positive,Positive,4,4,Positive,Positive
12029,Positive,Positive,4,4,Positive,Positive
12030,Positive,Positive,5,5,Positive,Positive
12031,Positive,Positive,5,5,Positive,Positive
12032,Positive,Positive,4,4,Positive,Positive
12033,Positive,Positive,3,3,Neutral,Neutral
12034,Positive,Positive,4,4,Positive,Positive
12035,Positive,Positive,5,5,Positive,Positive
12036,Positive,Positive,4,4,Positive,Positive
12037,Positive,Positive,5,5,Positive,Positive
12038,Positive,Positive,4,4,Positive,Positive
12039,Positive,Positive,5,5,Positive,Positive
12040,Positive,Positive,5,5,Positive,Positive
12041,Positive,Positive,5,5,Positive,Positive
12042,Negative,Negative,2,2,Negative,Negative
12043,Positive,Positive,5,5,Positive,Positive
12044,Positive,Positive,3,3,Neutral,Neutral
12045,Positive,Positive,5,5,Positive,Positive
12046,Positive,Positive,4,4,Positive,Positive
12047,Neutral,Neutral,5,5,Positive,Positive
12048,Positive,Positive,4,4,Positive,Positive
12049,Positive,Positive,5,5,Positive,Positive
12050,Positive,Positive,4,4,Positive,Positive
12051,Positive,Positive,5,5,Positive,Positive
12052,Positive,Positive,4,4,Positive,Positive
12053,Positive,Positive,5,5,Positive,Positive
12054,Positive,Positive,4,4,Positive,Positive
12055,Positive,Positive,3,3,Neutral,Neutral
12056,Positive,Positive,4,4,Positive,Positive
12057,Positive,Positive,4,4,Positive,Positive
12058,Positive,Positive,5,5,Positive,Positive
12059,Positive,Positive,5,5,Positive,Positive
12060,Positive,Positive,4,4,Positive,Positive
12061,Positive,Positive,4,4,Positive,Positive
12062,Positive,Positive,5,5,Positive,Positive
12063,Negative,Negative,1,1,Negative,Negative
12064,Positive,Positive,5,5,Positive,Positive
12065,Positive,Positive,5,5,Positive,Positive
12066,Positive,Positive,5,5,Positive,Positive
12067,Positive,Positive,5,5,Positive,Positive
12068,Positive,Positive,4,4,Positive,Positive
12069,Positive,Positive,5,5,Positive,Positive
12070,Positive,Positive,4,4,Positive,Positive
12071,Positive,Positive,5,5,Positive,Positive
12072,Positive,Positive,4,4,Positive,Positive
12073,Positive,Positive,5,5,Positive,Positive
12074,Positive,Positive,5,5,Positive,Positive
12075,Positive,Positive,4,4,Positive,Positive
12076,Positive,Positive,4,4,Positive,Positive
12077,Positive,Positive,4,4,Positive,Positive
12078,Positive,Positive,5,5,Positive,Positive
12079,Positive,Positive,4,4,Positive,Positive
12080,Positive,Positive,4,4,Positive,Positive
12081,Positive,Positive,5,5,Positive,Positive
12082,Positive,Positive,5,5,Positive,Positive
12083,Positive,Positive,5,5,Positive,Positive
12084,Positive,Positive,4,4,Positive,Positive
12085,Positive,Positive,5,5,Positive,Positive
12086,Positive,Positive,5,5,Positive,Positive
12087,Positive,Positive,5,4,Positive,Positive
12088,Positive,Positive,4,4,Positive,Positive
12089,Positive,Positive,4,4,Positive,Positive
12090,Positive,Positive,5,5,Positive,Positive
12091,Positive,Positive,5,5,Positive,Positive
12092,Positive,Positive,4,4,Positive,Positive
12093,Positive,Positive,4,4,Positive,Positive
12094,Positive,Positive,5,5,Positive,Positive
12095,Positive,Positive,5,5,Positive,Positive
12096,Positive,Positive,4,4,Positive,Positive
12097,Positive,Positive,5,5,Positive,Positive
12098,Positive,Positive,5,5,Positive,Positive
12099,Positive,Positive,4,4,Positive,Positive
12100,Positive,Positive,4,4,Positive,Positive
12101,Positive,Positive,5,5,Positive,Positive
12102,Positive,Positive,4,4,Positive,Positive
12103,Positive,Positive,5,5,Positive,Positive
12104,Positive,Positive,5,5,Positive,Positive
12105,Positive,Positive,5,5,Positive,Positive
12106,Positive,Positive,3,3,Neutral,Neutral
12107,Positive,Positive,5,5,Positive,Positive
12108,Negative,Negative,2,2,Negative,Negative
12109,Positive,Positive,4,4,Positive,Positive
12110,Positive,Positive,5,5,Positive,Positive
12111,Positive,Positive,5,5,Positive,Positive
12112,Positive,Positive,5,5,Positive,Positive
12113,Negative,Negative,3,3,Neutral,Neutral
12114,Positive,Positive,5,5,Positive,Positive
12115,Positive,Positive,5,5,Positive,Positive
12116,Positive,Positive,1,4,Negative,Positive
12117,Positive,Positive,5,5,Positive,Positive
12118,Positive,Positive,5,5,Positive,Positive
12119,Positive,Positive,5,5,Positive,Positive
12120,Positive,Positive,3,3,Neutral,Neutral
12121,Positive,Positive,3,3,Neutral,Neutral
12122,Positive,Positive,5,5,Positive,Positive
12123,Positive,Positive,5,5,Positive,Positive
12124,Positive,Positive,4,4,Positive,Positive
12125,Positive,Positive,5,5,Positive,Positive
12126,Positive,Positive,4,4,Positive,Positive
12127,Positive,Positive,3,3,Neutral,Neutral
12128,Positive,Positive,4,4,Positive,Positive
12129,Positive,Positive,4,4,Positive,Positive
12130,Positive,Positive,4,4,Positive,Positive
12131,Positive,Positive,4,4,Positive,Positive
12132,Positive,Positive,5,5,Positive,Positive
12133,Positive,Positive,4,4,Positive,Positive
12134,Positive,Positive,5,5,Positive,Positive
12135,Positive,Positive,4,4,Positive,Positive
12136,Positive,Positive,4,4,Positive,Positive
12137,Positive,Positive,4,4,Positive,Positive
12138,Positive,Positive,5,5,Positive,Positive
12139,Positive,Positive,5,5,Positive,Positive
12140,Positive,Positive,5,5,Positive,Positive
12141,Positive,Positive,5,5,Positive,Positive
12142,Positive,Positive,5,5,Positive,Positive
12143,Positive,Positive,4,4,Positive,Positive
12144,Positive,Positive,5,5,Positive,Positive
12145,Positive,Positive,4,4,Positive,Positive
12146,Positive,Positive,5,5,Positive,Positive
12147,Positive,Positive,4,4,Positive,Positive
12148,Positive,Positive,5,5,Positive,Positive
12149,Positive,Positive,3,3,Neutral,Neutral
12150,Positive,Positive,4,4,Positive,Positive
12151,Positive,Positive,5,5,Positive,Positive
12152,Negative,Negative,2,2,Negative,Negative
12153,Positive,Positive,5,5,Positive,Positive
12154,Positive,Positive,3,3,Neutral,Neutral
12155,Positive,Positive,5,5,Positive,Positive
12156,Positive,Positive,4,4,Positive,Positive
12157,Positive,Positive,2,2,Negative,Negative
12158,Positive,Positive,3,3,Neutral,Neutral
12159,Positive,Positive,3,3,Neutral,Neutral
12160,Negative,Negative,3,3,Neutral,Neutral
12161,Positive,Positive,5,5,Positive,Positive
12162,Positive,Positive,5,5,Positive,Positive
12163,Positive,Positive,5,5,Positive,Positive
12164,Positive,Positive,5,5,Positive,Positive
12165,Positive,Positive,4,4,Positive,Positive
12166,Positive,Positive,4,4,Positive,Positive
12167,Positive,Positive,5,5,Positive,Positive
12168,Positive,Positive,5,5,Positive,Positive
12169,Positive,Positive,4,4,Positive,Positive
12170,Positive,Positive,5,5,Positive,Positive
12171,Positive,Positive,4,4,Positive,Positive
12172,Positive,Positive,4,4,Positive,Positive
12173,Positive,Positive,4,4,Positive,Positive
12174,Positive,Positive,5,5,Positive,Positive
12175,Positive,Positive,5,5,Positive,Positive
12176,Positive,Positive,5,5,Positive,Positive
12177,Positive,Positive,5,5,Positive,Positive
12178,Positive,Positive,5,5,Positive,Positive
12179,Positive,Positive,5,5,Positive,Positive
12180,Positive,Positive,4,4,Positive,Positive
12181,Positive,Positive,5,5,Positive,Positive
12182,Positive,Positive,5,5,Positive,Positive
12183,Positive,Positive,5,5,Positive,Positive
12184,Positive,Positive,5,5,Positive,Positive
12185,Positive,Positive,4,4,Positive,Positive
12186,Positive,Positive,5,5,Positive,Positive
12187,Positive,Positive,5,5,Positive,Positive
12188,Positive,Positive,4,4,Positive,Positive
12189,Positive,Positive,3,3,Neutral,Neutral
12190,Positive,Positive,5,5,Positive,Positive
12191,Positive,Positive,5,5,Positive,Positive
12192,Positive,Positive,5,5,Positive,Positive
12193,Positive,Positive,5,5,Positive,Positive
12194,Positive,Positive,4,4,Positive,Positive
12195,Positive,Positive,5,5,Positive,Positive
12196,Positive,Positive,5,5,Positive,Positive
12197,Positive,Positive,5,5,Positive,Positive
12198,Positive,Positive,4,4,Positive,Positive
12199,Positive,Positive,4,4,Positive,Positive
12200,Positive,Positive,4,4,Positive,Positive
12201,Positive,Positive,5,5,Positive,Positive
12202,Positive,Positive,5,5,Positive,Positive
12203,Positive,Positive,5,5,Positive,Positive
12204,Positive,Positive,5,5,Positive,Positive
12205,Positive,Positive,4,4,Positive,Positive
12206,Positive,Positive,3,3,Neutral,Neutral
12207,Positive,Positive,5,5,Positive,Positive
12208,Positive,Positive,5,5,Positive,Positive
12209,Positive,Positive,5,5,Positive,Positive
12210,Positive,Positive,3,3,Neutral,Neutral
12211,Positive,Positive,4,4,Positive,Positive
12212,Positive,Positive,5,5,Positive,Positive
12213,Positive,Positive,3,3,Neutral,Neutral
12214,Positive,Positive,4,4,Positive,Positive
12215,Neutral,Neutral,4,4,Positive,Positive
12216,Positive,Positive,3,3,Neutral,Neutral
12217,Positive,Positive,3,3,Neutral,Neutral
12218,Positive,Positive,5,5,Positive,Positive
12219,Positive,Positive,4,4,Positive,Positive
12220,Positive,Positive,4,4,Positive,Positive
12221,Positive,Positive,4,4,Positive,Positive
12222,Positive,Positive,5,5,Positive,Positive
12223,Positive,Positive,5,5,Positive,Positive
12224,Positive,Positive,4,4,Positive,Positive
12225,Positive,Positive,3,3,Neutral,Neutral
12226,Positive,Positive,4,4,Positive,Positive
12227,Positive,Positive,5,5,Positive,Positive
12228,Negative,Negative,4,4,Positive,Positive
12229,Positive,Positive,5,5,Positive,Positive
12230,Positive,Positive,3,3,Neutral,Neutral
12231,Positive,Positive,5,5,Positive,Positive
12232,Positive,Positive,5,5,Positive,Positive
12233,Positive,Positive,4,4,Positive,Positive
12234,Positive,Positive,4,4,Positive,Positive
12235,Positive,Positive,5,5,Positive,Positive
12236,Positive,Positive,5,5,Positive,Positive
12237,Positive,Positive,4,4,Positive,Positive
12238,Positive,Positive,5,5,Positive,Positive
12239,Positive,Positive,5,5,Positive,Positive
12240,Positive,Positive,4,4,Positive,Positive
12241,Positive,Positive,5,5,Positive,Positive
12242,Positive,Positive,3,3,Neutral,Neutral
12243,Positive,Positive,5,5,Positive,Positive
12244,Positive,Positive,5,5,Positive,Positive
12245,Positive,Positive,5,5,Positive,Positive
12246,Positive,Positive,5,5,Positive,Positive
12247,Positive,Positive,4,4,Positive,Positive
12248,Positive,Positive,4,4,Positive,Positive
12249,Positive,Positive,3,3,Neutral,Neutral
12250,Positive,Positive,4,4,Positive,Positive
12251,Positive,Positive,4,4,Positive,Positive
12252,Positive,Positive,4,4,Positive,Positive
12253,Positive,Positive,5,5,Positive,Positive
12254,Positive,Positive,3,3,Neutral,Neutral
12255,Positive,Positive,5,5,Positive,Positive
12256,Positive,Positive,5,5,Positive,Positive
12257,Positive,Positive,5,5,Positive,Positive
12258,Positive,Positive,5,5,Positive,Positive
12259,Positive,Positive,3,3,Neutral,Neutral
12260,Positive,Positive,5,5,Positive,Positive
12261,Positive,Positive,4,4,Positive,Positive
12262,Positive,Positive,5,5,Positive,Positive
12263,Positive,Positive,4,4,Positive,Positive
12264,Positive,Positive,5,5,Positive,Positive
12265,Positive,Positive,5,5,Positive,Positive
12266,Positive,Positive,4,4,Positive,Positive
12267,Positive,Positive,5,5,Positive,Positive
12268,Positive,Positive,4,4,Positive,Positive
12269,Positive,Positive,5,5,Positive,Positive
12270,Positive,Positive,5,5,Positive,Positive
12271,Positive,Positive,5,5,Positive,Positive
12272,Positive,Positive,5,5,Positive,Positive
12273,Positive,Positive,5,5,Positive,Positive
12274,Positive,Positive,4,4,Positive,Positive
12275,Positive,Positive,5,5,Positive,Positive
12276,Positive,Positive,5,5,Positive,Positive
12277,Positive,Positive,4,4,Positive,Positive
12278,Positive,Positive,5,5,Positive,Positive
12279,Positive,Positive,5,5,Positive,Positive
12280,Positive,Positive,4,4,Positive,Positive
12281,Positive,Positive,5,5,Positive,Positive
12282,Positive,Positive,5,5,Positive,Positive
12283,Positive,Positive,4,4,Positive,Positive
12284,Positive,Positive,5,5,Positive,Positive
12285,Neutral,Neutral,5,5,Positive,Positive
12286,Positive,Positive,3,3,Neutral,Neutral
12287,Positive,Positive,5,5,Positive,Positive
12288,Positive,Positive,4,4,Positive,Positive
12289,Negative,Negative,2,2,Negative,Negative
12290,Positive,Positive,4,4,Positive,Positive
12291,Positive,Positive,4,4,Positive,Positive
12292,Positive,Positive,4,4,Positive,Positive
12293,Positive,Positive,5,5,Positive,Positive
12294,Positive,Positive,5,4,Positive,Positive
12295,Positive,Positive,5,5,Positive,Positive
12296,Positive,Positive,2,2,Negative,Negative
12297,Positive,Positive,4,4,Positive,Positive
12298,Positive,Positive,5,5,Positive,Positive
12299,Positive,Positive,5,5,Positive,Positive
12300,Negative,Negative,5,5,Positive,Positive
12301,Positive,Positive,5,5,Positive,Positive
12302,Positive,Positive,5,5,Positive,Positive
12303,Positive,Positive,5,5,Positive,Positive
12304,Positive,Positive,5,5,Positive,Positive
12305,Positive,Positive,4,4,Positive,Positive
12306,Positive,Positive,5,5,Positive,Positive
12307,Positive,Positive,4,4,Positive,Positive
12308,Positive,Positive,5,5,Positive,Positive
12309,Positive,Positive,5,5,Positive,Positive
12310,Positive,Positive,4,4,Positive,Positive
12311,Positive,Positive,5,5,Positive,Positive
12312,Positive,Positive,4,4,Positive,Positive
12313,Positive,Positive,5,5,Positive,Positive
12314,Positive,Positive,4,3,Positive,Neutral
12315,Positive,Positive,5,5,Positive,Positive
12316,Positive,Positive,5,5,Positive,Positive
12317,Positive,Positive,5,5,Positive,Positive
12318,Positive,Positive,4,4,Positive,Positive
12319,Positive,Positive,3,3,Neutral,Neutral
12320,Positive,Positive,4,4,Positive,Positive
12321,Positive,Positive,3,3,Neutral,Neutral
12322,Positive,Positive,5,5,Positive,Positive
12323,Positive,Positive,4,4,Positive,Positive
12324,Positive,Positive,5,5,Positive,Positive
12325,Positive,Positive,5,5,Positive,Positive
12326,Positive,Positive,5,5,Positive,Positive
12327,Positive,Positive,5,5,Positive,Positive
12328,Positive,Positive,4,4,Positive,Positive
12329,Positive,Positive,4,4,Positive,Positive
12330,Positive,Positive,5,5,Positive,Positive
12331,Positive,Positive,2,2,Negative,Negative
12332,Positive,Positive,3,3,Neutral,Neutral
12333,Negative,Negative,2,2,Negative,Negative
12334,Positive,Positive,4,4,Positive,Positive
12335,Positive,Positive,3,3,Neutral,Neutral
12336,Positive,Positive,5,5,Positive,Positive
12337,Positive,Positive,5,5,Positive,Positive
12338,Positive,Positive,5,5,Positive,Positive
12339,Positive,Positive,5,5,Positive,Positive
12340,Positive,Positive,4,5,Positive,Positive
12341,Positive,Positive,5,5,Positive,Positive
12342,Positive,Positive,4,4,Positive,Positive
12343,Positive,Positive,5,5,Positive,Positive
12344,Positive,Positive,5,5,Positive,Positive
12345,Positive,Positive,4,4,Positive,Positive
12346,Positive,Positive,5,5,Positive,Positive
12347,Positive,Positive,3,3,Neutral,Neutral
12348,Positive,Positive,5,5,Positive,Positive
12349,Positive,Positive,4,4,Positive,Positive
12350,Positive,Positive,4,4,Positive,Positive
12351,Positive,Positive,5,5,Positive,Positive
12352,Positive,Positive,5,5,Positive,Positive
12353,Positive,Positive,2,2,Negative,Negative
12354,Positive,Positive,4,4,Positive,Positive
12355,Positive,Positive,5,5,Positive,Positive
12356,Positive,Positive,5,5,Positive,Positive
12357,Positive,Positive,4,4,Positive,Positive
12358,Positive,Positive,5,5,Positive,Positive
12359,Positive,Positive,4,4,Positive,Positive
12360,Neutral,Neutral,3,3,Neutral,Neutral
12361,Positive,Positive,5,5,Positive,Positive
12362,Positive,Positive,4,4,Positive,Positive
12363,Positive,Positive,3,3,Neutral,Neutral
12364,Positive,Positive,5,5,Positive,Positive
12365,Positive,Positive,2,2,Negative,Negative
12366,Positive,Positive,5,5,Positive,Positive
12367,Positive,Positive,4,4,Positive,Positive
12368,Neutral,Neutral,5,5,Positive,Positive
12369,Positive,Positive,5,5,Positive,Positive
12370,Neutral,Neutral,4,4,Positive,Positive
12371,Positive,Positive,5,5,Positive,Positive
12372,Positive,Positive,3,3,Neutral,Neutral
12373,Positive,Positive,5,5,Positive,Positive
12374,Positive,Positive,4,4,Positive,Positive
12375,Positive,Positive,5,5,Positive,Positive
12376,Positive,Positive,5,5,Positive,Positive
12377,Positive,Positive,3,3,Neutral,Neutral
12378,Positive,Positive,5,5,Positive,Positive
12379,Positive,Positive,4,4,Positive,Positive
12380,Positive,Positive,5,5,Positive,Positive
12381,Positive,Positive,5,5,Positive,Positive
12382,Positive,Positive,5,5,Positive,Positive
12383,Positive,Positive,4,4,Positive,Positive
12384,Positive,Positive,5,5,Positive,Positive
12385,Positive,Positive,5,5,Positive,Positive
12386,Positive,Positive,4,4,Positive,Positive
12387,Positive,Positive,5,5,Positive,Positive
12388,Positive,Positive,5,5,Positive,Positive
12389,Positive,Positive,5,5,Positive,Positive
12390,Positive,Positive,4,4,Positive,Positive
12391,Positive,Positive,4,4,Positive,Positive
12392,Positive,Positive,5,5,Positive,Positive
12393,Positive,Positive,4,4,Positive,Positive
12394,Positive,Positive,4,4,Positive,Positive
12395,Positive,Positive,4,4,Positive,Positive
12396,Positive,Positive,4,4,Positive,Positive
12397,Positive,Positive,4,4,Positive,Positive
12398,Positive,Positive,5,5,Positive,Positive
12399,Positive,Positive,4,4,Positive,Positive
12400,Positive,Positive,5,5,Positive,Positive
12401,Positive,Positive,5,5,Positive,Positive
12402,Positive,Positive,3,3,Neutral,Neutral
12403,Positive,Positive,5,5,Positive,Positive
12404,Positive,Positive,4,4,Positive,Positive
12405,Positive,Positive,2,2,Negative,Negative
12406,Positive,Positive,4,3,Positive,Neutral
12407,Positive,Positive,4,4,Positive,Positive
12408,Neutral,Neutral,5,5,Positive,Positive
12409,Positive,Positive,5,5,Positive,Positive
12410,Positive,Positive,5,5,Positive,Positive
12411,Positive,Positive,5,5,Positive,Positive
12412,Positive,Positive,4,4,Positive,Positive
12413,Positive,Positive,5,5,Positive,Positive
12414,Positive,Positive,5,5,Positive,Positive
12415,Positive,Positive,5,5,Positive,Positive
12416,Positive,Positive,5,5,Positive,Positive
12417,Positive,Positive,3,3,Neutral,Neutral
12418,Positive,Positive,5,5,Positive,Positive
12419,Positive,Positive,4,4,Positive,Positive
12420,Positive,Positive,4,4,Positive,Positive
12421,Positive,Positive,5,5,Positive,Positive
12422,Positive,Positive,4,4,Positive,Positive
12423,Positive,Positive,4,4,Positive,Positive
12424,Positive,Positive,4,4,Positive,Positive
12425,Positive,Positive,5,5,Positive,Positive
12426,Positive,Positive,4,4,Positive,Positive
12427,Positive,Positive,4,4,Positive,Positive
12428,Positive,Positive,5,5,Positive,Positive
12429,Positive,Positive,5,5,Positive,Positive
12430,Positive,Positive,3,3,Neutral,Neutral
12431,Positive,Positive,4,4,Positive,Positive
12432,Positive,Positive,4,4,Positive,Positive
12433,Positive,Positive,3,3,Neutral,Neutral
12434,Positive,Positive,4,4,Positive,Positive
12435,Positive,Positive,5,5,Positive,Positive
12436,Positive,Positive,5,5,Positive,Positive
12437,Positive,Positive,3,3,Neutral,Neutral
12438,Positive,Positive,5,5,Positive,Positive
12439,Positive,Positive,4,4,Positive,Positive
12440,Positive,Positive,4,4,Positive,Positive
12441,Positive,Positive,5,5,Positive,Positive
12442,Positive,Positive,4,5,Positive,Positive
12443,Positive,Positive,4,4,Positive,Positive
12444,Positive,Positive,5,5,Positive,Positive
12445,Positive,Positive,4,4,Positive,Positive
12446,Positive,Positive,5,5,Positive,Positive
12447,Positive,Positive,5,5,Positive,Positive
12448,Positive,Positive,2,2,Negative,Negative
12449,Positive,Positive,5,5,Positive,Positive
12450,Positive,Positive,5,5,Positive,Positive
12451,Positive,Positive,4,4,Positive,Positive
12452,Positive,Positive,5,5,Positive,Positive
12453,Positive,Positive,5,5,Positive,Positive
12454,Positive,Positive,4,4,Positive,Positive
12455,Positive,Positive,4,4,Positive,Positive
12456,Positive,Positive,5,5,Positive,Positive
12457,Positive,Positive,4,4,Positive,Positive
12458,Positive,Positive,4,4,Positive,Positive
12459,Positive,Positive,2,2,Negative,Negative
12460,Positive,Positive,4,4,Positive,Positive
12461,Positive,Positive,4,4,Positive,Positive
12462,Positive,Positive,4,4,Positive,Positive
12463,Positive,Positive,5,5,Positive,Positive
12464,Negative,Negative,5,5,Positive,Positive
12465,Positive,Positive,5,5,Positive,Positive
12466,Positive,Positive,3,3,Neutral,Neutral
12467,Positive,Positive,5,5,Positive,Positive
12468,Positive,Positive,5,5,Positive,Positive
12469,Positive,Positive,5,5,Positive,Positive
12470,Positive,Positive,5,5,Positive,Positive
12471,Positive,Positive,5,5,Positive,Positive
12472,Negative,Negative,3,3,Neutral,Neutral
12473,Positive,Positive,4,4,Positive,Positive
12474,Positive,Positive,5,5,Positive,Positive
12475,Positive,Positive,5,5,Positive,Positive
12476,Positive,Positive,5,5,Positive,Positive
12477,Positive,Positive,4,4,Positive,Positive
12478,Positive,Positive,3,4,Neutral,Positive
12479,Positive,Positive,5,5,Positive,Positive
12480,Positive,Positive,4,4,Positive,Positive
12481,Positive,Positive,5,5,Positive,Positive
12482,Positive,Positive,4,4,Positive,Positive
12483,Positive,Positive,4,4,Positive,Positive
12484,Positive,Positive,5,5,Positive,Positive
12485,Positive,Positive,4,4,Positive,Positive
12486,Positive,Positive,5,5,Positive,Positive
12487,Positive,Positive,5,5,Positive,Positive
12488,Positive,Positive,5,5,Positive,Positive
12489,Positive,Positive,5,5,Positive,Positive
12490,Positive,Positive,4,4,Positive,Positive
12491,Positive,Positive,5,5,Positive,Positive
12492,Positive,Positive,5,5,Positive,Positive
12493,Positive,Positive,5,5,Positive,Positive
12494,Positive,Positive,5,5,Positive,Positive
12495,Positive,Positive,4,4,Positive,Positive
12496,Positive,Positive,5,5,Positive,Positive
12497,Positive,Positive,3,3,Neutral,Neutral
12498,Positive,Positive,4,4,Positive,Positive
12499,Negative,Negative,4,4,Positive,Positive
12500,Positive,Positive,5,5,Positive,Positive
12501,Positive,Positive,4,4,Positive,Positive
12502,Positive,Positive,4,4,Positive,Positive
12503,Positive,Positive,5,5,Positive,Positive
12504,Positive,Positive,5,5,Positive,Positive
12505,Positive,Positive,4,4,Positive,Positive
12506,Positive,Positive,5,5,Positive,Positive
12507,Positive,Positive,5,5,Positive,Positive
12508,Positive,Positive,4,4,Positive,Positive
12509,Positive,Positive,5,5,Positive,Positive
12510,Positive,Positive,5,5,Positive,Positive
12511,Positive,Positive,5,5,Positive,Positive
12512,Positive,Positive,5,5,Positive,Positive
12513,Positive,Positive,4,4,Positive,Positive
12514,Positive,Positive,5,5,Positive,Positive
12515,Positive,Positive,4,4,Positive,Positive
12516,Positive,Positive,2,2,Negative,Negative
12517,Positive,Positive,4,4,Positive,Positive
12518,Positive,Positive,4,4,Positive,Positive
12519,Positive,Positive,3,3,Neutral,Neutral
12520,Positive,Positive,5,5,Positive,Positive
12521,Positive,Positive,4,4,Positive,Positive
12522,Positive,Positive,5,5,Positive,Positive
12523,Positive,Positive,4,4,Positive,Positive
12524,Positive,Positive,5,5,Positive,Positive
12525,Positive,Positive,5,5,Positive,Positive
12526,Positive,Positive,4,4,Positive,Positive
12527,Positive,Positive,4,4,Positive,Positive
12528,Positive,Positive,5,5,Positive,Positive
12529,Positive,Positive,4,4,Positive,Positive
12530,Positive,Positive,5,5,Positive,Positive
12531,Positive,Positive,5,5,Positive,Positive
12532,Positive,Positive,5,5,Positive,Positive
12533,Positive,Positive,4,4,Positive,Positive
12534,Positive,Positive,4,4,Positive,Positive
12535,Positive,Positive,5,5,Positive,Positive
12536,Positive,Positive,4,4,Positive,Positive
12537,Positive,Positive,4,4,Positive,Positive
12538,Positive,Positive,5,5,Positive,Positive
12539,Positive,Positive,5,5,Positive,Positive
12540,Positive,Positive,4,4,Positive,Positive
12541,Positive,Positive,5,5,Positive,Positive
12542,Positive,Positive,4,4,Positive,Positive
12543,Positive,Positive,5,5,Positive,Positive
12544,Positive,Positive,4,4,Positive,Positive
12545,Positive,Positive,4,4,Positive,Positive
12546,Positive,Positive,5,5,Positive,Positive
12547,Positive,Positive,5,4,Positive,Positive
12548,Positive,Positive,5,5,Positive,Positive
12549,Positive,Positive,5,5,Positive,Positive
12550,Positive,Positive,4,4,Positive,Positive
12551,Positive,Positive,5,5,Positive,Positive
12552,Positive,Positive,4,4,Positive,Positive
12553,Positive,Positive,5,5,Positive,Positive
12554,Positive,Positive,5,5,Positive,Positive
12555,Positive,Positive,3,3,Neutral,Neutral
12556,Positive,Positive,3,3,Neutral,Neutral
12557,Positive,Positive,5,5,Positive,Positive
12558,Positive,Positive,4,4,Positive,Positive
12559,Positive,Positive,5,5,Positive,Positive
12560,Positive,Positive,5,5,Positive,Positive
12561,Positive,Positive,4,4,Positive,Positive
12562,Positive,Positive,5,5,Positive,Positive
12563,Positive,Positive,4,4,Positive,Positive
12564,Neutral,Neutral,5,5,Positive,Positive
12565,Positive,Positive,4,4,Positive,Positive
12566,Positive,Positive,5,5,Positive,Positive
12567,Positive,Positive,5,5,Positive,Positive
12568,Positive,Positive,4,4,Positive,Positive
12569,Positive,Positive,4,4,Positive,Positive
12570,Positive,Positive,5,5,Positive,Positive
12571,Positive,Positive,5,5,Positive,Positive
12572,Positive,Positive,5,5,Positive,Positive
12573,Positive,Positive,5,5,Positive,Positive
12574,Positive,Positive,4,4,Positive,Positive
12575,Negative,Negative,5,5,Positive,Positive
12576,Positive,Positive,5,5,Positive,Positive
12577,Positive,Positive,5,5,Positive,Positive
12578,Positive,Positive,5,5,Positive,Positive
12579,Positive,Positive,4,4,Positive,Positive
12580,Positive,Positive,4,4,Positive,Positive
12581,Positive,Positive,5,5,Positive,Positive
12582,Positive,Positive,5,5,Positive,Positive
12583,Positive,Positive,3,3,Neutral,Neutral
12584,Positive,Positive,4,4,Positive,Positive
12585,Positive,Positive,5,5,Positive,Positive
12586,Positive,Positive,5,5,Positive,Positive
12587,Positive,Positive,5,5,Positive,Positive
12588,Positive,Positive,4,4,Positive,Positive
12589,Negative,Negative,3,3,Neutral,Neutral
12590,Positive,Positive,3,3,Neutral,Neutral
12591,Positive,Positive,5,5,Positive,Positive
12592,Positive,Positive,4,4,Positive,Positive
12593,Positive,Positive,4,4,Positive,Positive
12594,Positive,Positive,4,4,Positive,Positive
12595,Positive,Positive,5,5,Positive,Positive
12596,Positive,Positive,5,5,Positive,Positive
12597,Positive,Positive,5,5,Positive,Positive
12598,Positive,Positive,2,2,Negative,Negative
12599,Positive,Positive,5,5,Positive,Positive
12600,Positive,Positive,5,5,Positive,Positive
12601,Positive,Positive,4,4,Positive,Positive
12602,Positive,Positive,5,5,Positive,Positive
12603,Positive,Positive,5,5,Positive,Positive
12604,Positive,Positive,5,5,Positive,Positive
12605,Positive,Positive,5,4,Positive,Positive
12606,Positive,Positive,5,5,Positive,Positive
12607,Positive,Positive,4,4,Positive,Positive
12608,Positive,Positive,4,4,Positive,Positive
12609,Negative,Negative,3,3,Neutral,Neutral
12610,Positive,Positive,4,4,Positive,Positive
12611,Positive,Positive,5,5,Positive,Positive
12612,Positive,Positive,5,5,Positive,Positive
12613,Positive,Positive,5,5,Positive,Positive
12614,Positive,Positive,4,4,Positive,Positive
12615,Positive,Positive,4,4,Positive,Positive
12616,Positive,Positive,5,5,Positive,Positive
12617,Positive,Positive,5,5,Positive,Positive
12618,Positive,Positive,5,5,Positive,Positive
12619,Positive,Positive,4,4,Positive,Positive
12620,Positive,Positive,5,5,Positive,Positive
12621,Positive,Positive,4,4,Positive,Positive
12622,Negative,Negative,3,3,Neutral,Neutral
12623,Positive,Positive,3,3,Neutral,Neutral
12624,Positive,Positive,5,5,Positive,Positive
12625,Positive,Positive,5,5,Positive,Positive
12626,Positive,Positive,4,4,Positive,Positive
12627,Positive,Positive,4,4,Positive,Positive
12628,Positive,Positive,3,3,Neutral,Neutral
12629,Positive,Positive,3,3,Neutral,Neutral
12630,Positive,Positive,5,5,Positive,Positive
12631,Positive,Positive,4,4,Positive,Positive
12632,Positive,Positive,4,4,Positive,Positive
12633,Positive,Positive,5,5,Positive,Positive
12634,Positive,Positive,4,4,Positive,Positive
12635,Positive,Positive,4,4,Positive,Positive
12636,Positive,Positive,4,4,Positive,Positive
12637,Positive,Positive,4,4,Positive,Positive
12638,Neutral,Neutral,5,5,Positive,Positive
12639,Positive,Positive,4,4,Positive,Positive
12640,Positive,Positive,4,4,Positive,Positive
12641,Positive,Positive,3,3,Neutral,Neutral
12642,Positive,Positive,5,5,Positive,Positive
12643,Positive,Positive,5,5,Positive,Positive
12644,Positive,Positive,4,4,Positive,Positive
12645,Negative,Negative,4,4,Positive,Positive
12646,Positive,Positive,5,5,Positive,Positive
12647,Neutral,Neutral,5,5,Positive,Positive
12648,Positive,Positive,5,5,Positive,Positive
12649,Positive,Positive,4,4,Positive,Positive
12650,Negative,Negative,2,2,Negative,Negative
12651,Positive,Positive,4,4,Positive,Positive
12652,Positive,Positive,4,4,Positive,Positive
12653,Positive,Positive,5,5,Positive,Positive
12654,Positive,Positive,4,4,Positive,Positive
12655,Positive,Positive,4,4,Positive,Positive
12656,Positive,Positive,4,5,Positive,Positive
12657,Positive,Positive,5,5,Positive,Positive
12658,Positive,Positive,5,5,Positive,Positive
12659,Negative,Negative,5,5,Positive,Positive
12660,Positive,Positive,4,4,Positive,Positive
12661,Positive,Positive,5,5,Positive,Positive
12662,Positive,Positive,3,3,Neutral,Neutral
12663,Positive,Positive,5,5,Positive,Positive
12664,Positive,Positive,5,5,Positive,Positive
12665,Positive,Positive,5,5,Positive,Positive
12666,Positive,Positive,5,5,Positive,Positive
12667,Positive,Positive,4,4,Positive,Positive
12668,Positive,Positive,5,5,Positive,Positive
12669,Positive,Positive,4,4,Positive,Positive
12670,Positive,Positive,5,5,Positive,Positive
12671,Positive,Positive,4,4,Positive,Positive
12672,Positive,Positive,4,4,Positive,Positive
12673,Negative,Negative,2,2,Negative,Negative
12674,Negative,Negative,2,2,Negative,Negative
12675,Positive,Positive,5,5,Positive,Positive
12676,Positive,Positive,5,5,Positive,Positive
12677,Positive,Positive,4,4,Positive,Positive
12678,Positive,Positive,5,5,Positive,Positive
12679,Positive,Positive,5,5,Positive,Positive
12680,Positive,Positive,3,3,Neutral,Neutral
12681,Positive,Positive,5,5,Positive,Positive
12682,Positive,Positive,5,5,Positive,Positive
12683,Positive,Positive,5,5,Positive,Positive
12684,Positive,Positive,4,4,Positive,Positive
12685,Positive,Positive,4,4,Positive,Positive
12686,Positive,Positive,3,3,Neutral,Neutral
12687,Positive,Positive,5,5,Positive,Positive
12688,Positive,Positive,4,4,Positive,Positive
12689,Positive,Positive,5,5,Positive,Positive
12690,Positive,Positive,5,5,Positive,Positive
12691,Positive,Positive,4,4,Positive,Positive
12692,Positive,Positive,5,5,Positive,Positive
12693,Positive,Positive,4,4,Positive,Positive
12694,Positive,Positive,4,4,Positive,Positive
12695,Positive,Positive,5,5,Positive,Positive
12696,Positive,Positive,5,5,Positive,Positive
12697,Positive,Positive,5,5,Positive,Positive
12698,Positive,Positive,5,5,Positive,Positive
12699,Positive,Positive,5,5,Positive,Positive
12700,Positive,Positive,5,5,Positive,Positive
12701,Positive,Positive,5,5,Positive,Positive
12702,Positive,Positive,3,3,Neutral,Neutral
12703,Positive,Positive,5,5,Positive,Positive
12704,Positive,Positive,5,5,Positive,Positive
12705,Positive,Positive,4,4,Positive,Positive
12706,Positive,Positive,5,5,Positive,Positive
12707,Negative,Negative,3,3,Neutral,Neutral
12708,Positive,Positive,4,4,Positive,Positive
12709,Positive,Positive,5,5,Positive,Positive
12710,Positive,Positive,4,4,Positive,Positive
12711,Positive,Positive,5,5,Positive,Positive
12712,Positive,Positive,5,5,Positive,Positive
12713,Positive,Positive,4,4,Positive,Positive
12714,Positive,Positive,3,3,Neutral,Neutral
12715,Positive,Positive,4,4,Positive,Positive
12716,Positive,Positive,4,4,Positive,Positive
12717,Positive,Positive,5,5,Positive,Positive
12718,Positive,Positive,5,5,Positive,Positive
12719,Positive,Positive,5,5,Positive,Positive
12720,Positive,Positive,5,5,Positive,Positive
12721,Positive,Positive,4,4,Positive,Positive
12722,Negative,Negative,4,4,Positive,Positive
12723,Positive,Positive,5,5,Positive,Positive
12724,Negative,Negative,3,3,Neutral,Neutral
12725,Positive,Positive,5,5,Positive,Positive
12726,Positive,Positive,5,5,Positive,Positive
12727,Positive,Positive,5,5,Positive,Positive
12728,Positive,Positive,5,5,Positive,Positive
12729,Positive,Positive,3,3,Neutral,Neutral
12730,Positive,Positive,5,5,Positive,Positive
12731,Positive,Positive,5,5,Positive,Positive
12732,Positive,Positive,4,4,Positive,Positive
12733,Positive,Positive,2,2,Negative,Negative
12734,Positive,Positive,5,5,Positive,Positive
12735,Positive,Positive,5,5,Positive,Positive
12736,Positive,Positive,3,3,Neutral,Neutral
12737,Positive,Positive,4,4,Positive,Positive
12738,Positive,Positive,5,5,Positive,Positive
12739,Positive,Positive,4,4,Positive,Positive
12740,Positive,Positive,4,4,Positive,Positive
12741,Positive,Positive,5,5,Positive,Positive
12742,Positive,Positive,5,5,Positive,Positive
12743,Positive,Positive,5,5,Positive,Positive
12744,Positive,Positive,4,4,Positive,Positive
12745,Positive,Positive,5,5,Positive,Positive
12746,Positive,Positive,5,5,Positive,Positive
12747,Positive,Positive,5,5,Positive,Positive
12748,Positive,Positive,4,4,Positive,Positive
12749,Positive,Positive,4,4,Positive,Positive
12750,Negative,Negative,2,2,Negative,Negative
12751,Negative,Negative,3,3,Neutral,Neutral
12752,Positive,Positive,4,5,Positive,Positive
12753,Positive,Positive,4,4,Positive,Positive
12754,Positive,Positive,5,5,Positive,Positive
12755,Positive,Positive,4,4,Positive,Positive
12756,Positive,Positive,5,5,Positive,Positive
12757,Positive,Positive,4,4,Positive,Positive
12758,Positive,Positive,5,5,Positive,Positive
12759,Positive,Positive,5,5,Positive,Positive
12760,Positive,Positive,5,5,Positive,Positive
12761,Positive,Positive,5,5,Positive,Positive
12762,Positive,Positive,4,4,Positive,Positive
12763,Negative,Negative,3,3,Neutral,Neutral
12764,Positive,Positive,4,4,Positive,Positive
12765,Positive,Positive,4,4,Positive,Positive
12766,Positive,Positive,5,5,Positive,Positive
12767,Positive,Positive,3,3,Neutral,Neutral
12768,Positive,Positive,5,5,Positive,Positive
12769,Positive,Positive,5,5,Positive,Positive
12770,Positive,Positive,5,5,Positive,Positive
12771,Positive,Positive,5,5,Positive,Positive
12772,Positive,Positive,5,5,Positive,Positive
12773,Positive,Positive,5,5,Positive,Positive
12774,Positive,Positive,5,5,Positive,Positive
12775,Positive,Positive,5,5,Positive,Positive
12776,Positive,Positive,5,5,Positive,Positive
12777,Negative,Negative,3,3,Neutral,Neutral
12778,Negative,Negative,3,3,Neutral,Neutral
12779,Positive,Positive,4,4,Positive,Positive
12780,Positive,Positive,4,4,Positive,Positive
12781,Positive,Positive,5,5,Positive,Positive
12782,Positive,Positive,4,4,Positive,Positive
12783,Positive,Positive,3,3,Neutral,Neutral
12784,Positive,Positive,4,4,Positive,Positive
12785,Positive,Positive,5,5,Positive,Positive
12786,Positive,Positive,4,4,Positive,Positive
12787,Positive,Positive,5,5,Positive,Positive
12788,Positive,Positive,5,5,Positive,Positive
12789,Positive,Positive,4,4,Positive,Positive
12790,Positive,Positive,5,5,Positive,Positive
12791,Positive,Positive,4,4,Positive,Positive
12792,Positive,Positive,2,2,Negative,Negative
12793,Positive,Positive,5,5,Positive,Positive
12794,Positive,Positive,5,5,Positive,Positive
12795,Neutral,Neutral,2,2,Negative,Negative
12796,Positive,Positive,4,4,Positive,Positive
12797,Positive,Positive,4,4,Positive,Positive
12798,Positive,Positive,5,5,Positive,Positive
12799,Positive,Positive,5,5,Positive,Positive
12800,Positive,Positive,5,5,Positive,Positive
12801,Positive,Positive,4,4,Positive,Positive
12802,Positive,Positive,4,4,Positive,Positive
12803,Positive,Positive,4,4,Positive,Positive
12804,Positive,Positive,4,4,Positive,Positive
12805,Positive,Positive,5,5,Positive,Positive
12806,Positive,Positive,4,4,Positive,Positive
12807,Positive,Positive,4,4,Positive,Positive
12808,Positive,Positive,4,4,Positive,Positive
12809,Negative,Negative,3,3,Neutral,Neutral
12810,Positive,Positive,3,3,Neutral,Neutral
12811,Positive,Positive,4,4,Positive,Positive
12812,Positive,Positive,3,3,Neutral,Neutral
12813,Positive,Positive,5,5,Positive,Positive
12814,Positive,Positive,3,3,Neutral,Neutral
12815,Negative,Negative,2,2,Negative,Negative
12816,Positive,Positive,5,5,Positive,Positive
12817,Positive,Positive,5,5,Positive,Positive
12818,Positive,Positive,5,5,Positive,Positive
12819,Positive,Positive,5,5,Positive,Positive
12820,Positive,Positive,5,5,Positive,Positive
12821,Positive,Positive,5,5,Positive,Positive
12822,Positive,Positive,4,4,Positive,Positive
12823,Positive,Positive,5,5,Positive,Positive
12824,Positive,Positive,4,4,Positive,Positive
12825,Positive,Positive,5,5,Positive,Positive
12826,Positive,Positive,4,4,Positive,Positive
12827,Positive,Positive,5,5,Positive,Positive
12828,Positive,Positive,4,5,Positive,Positive
12829,Positive,Positive,5,4,Positive,Positive
12830,Positive,Positive,4,4,Positive,Positive
12831,Positive,Positive,5,5,Positive,Positive
12832,Positive,Positive,4,4,Positive,Positive
12833,Positive,Positive,4,4,Positive,Positive
12834,Positive,Positive,5,5,Positive,Positive
12835,Positive,Positive,5,5,Positive,Positive
12836,Positive,Positive,5,5,Positive,Positive
12837,Positive,Positive,4,4,Positive,Positive
12838,Positive,Positive,4,4,Positive,Positive
12839,Positive,Positive,4,4,Positive,Positive
12840,Positive,Positive,5,5,Positive,Positive
12841,Positive,Positive,3,3,Neutral,Neutral
12842,Positive,Positive,4,4,Positive,Positive
12843,Positive,Positive,5,5,Positive,Positive
12844,Negative,Negative,3,3,Neutral,Neutral
12845,Positive,Positive,5,5,Positive,Positive
12846,Positive,Positive,5,5,Positive,Positive
12847,Positive,Positive,3,3,Neutral,Neutral
12848,Positive,Positive,4,4,Positive,Positive
12849,Positive,Positive,4,4,Positive,Positive
12850,Positive,Positive,5,5,Positive,Positive
12851,Positive,Positive,4,4,Positive,Positive
12852,Positive,Positive,3,3,Neutral,Neutral
12853,Positive,Positive,5,5,Positive,Positive
12854,Positive,Positive,5,5,Positive,Positive
12855,Positive,Positive,4,4,Positive,Positive
12856,Positive,Positive,5,5,Positive,Positive
12857,Positive,Positive,5,5,Positive,Positive
12858,Positive,Positive,4,4,Positive,Positive
12859,Positive,Positive,4,4,Positive,Positive
12860,Positive,Positive,5,5,Positive,Positive
12861,Positive,Positive,3,3,Neutral,Neutral
12862,Positive,Positive,4,4,Positive,Positive
12863,Positive,Positive,1,1,Negative,Negative
12864,Positive,Positive,5,5,Positive,Positive
12865,Positive,Positive,4,4,Positive,Positive
12866,Positive,Positive,5,5,Positive,Positive
12867,Negative,Negative,3,3,Neutral,Neutral
12868,Positive,Positive,5,5,Positive,Positive
12869,Positive,Positive,5,5,Positive,Positive
12870,Positive,Positive,4,4,Positive,Positive
12871,Positive,Positive,4,4,Positive,Positive
12872,Positive,Positive,5,5,Positive,Positive
12873,Positive,Positive,4,4,Positive,Positive
12874,Positive,Positive,4,4,Positive,Positive
12875,Positive,Positive,5,5,Positive,Positive
12876,Positive,Positive,5,5,Positive,Positive
12877,Positive,Positive,4,4,Positive,Positive
12878,Positive,Positive,5,5,Positive,Positive
12879,Positive,Positive,2,2,Negative,Negative
12880,Positive,Positive,5,5,Positive,Positive
12881,Positive,Positive,5,5,Positive,Positive
12882,Positive,Positive,4,4,Positive,Positive
12883,Positive,Positive,4,4,Positive,Positive
12884,Positive,Positive,4,4,Positive,Positive
12885,Positive,Positive,4,4,Positive,Positive
12886,Positive,Positive,3,3,Neutral,Neutral
12887,Positive,Positive,4,4,Positive,Positive
12888,Positive,Positive,2,2,Negative,Negative
12889,Positive,Positive,5,5,Positive,Positive
12890,Positive,Positive,5,5,Positive,Positive
12891,Positive,Positive,5,5,Positive,Positive
12892,Positive,Positive,5,5,Positive,Positive
12893,Positive,Positive,3,3,Neutral,Neutral
12894,Positive,Positive,2,2,Negative,Negative
12895,Positive,Positive,4,4,Positive,Positive
12896,Positive,Positive,5,5,Positive,Positive
12897,Positive,Positive,5,5,Positive,Positive
12898,Negative,Negative,3,3,Neutral,Neutral
12899,Positive,Positive,5,5,Positive,Positive
12900,Negative,Negative,4,4,Positive,Positive
12901,Negative,Negative,3,3,Neutral,Neutral
12902,Positive,Positive,3,3,Neutral,Neutral
12903,Positive,Positive,4,5,Positive,Positive
12904,Positive,Positive,4,4,Positive,Positive
12905,Positive,Positive,5,5,Positive,Positive
12906,Positive,Positive,5,5,Positive,Positive
12907,Positive,Positive,3,3,Neutral,Neutral
12908,Positive,Positive,4,4,Positive,Positive
12909,Neutral,Neutral,4,4,Positive,Positive
12910,Negative,Negative,2,2,Negative,Negative
12911,Neutral,Neutral,3,3,Neutral,Neutral
12912,Positive,Positive,5,5,Positive,Positive
12913,Positive,Positive,4,4,Positive,Positive
12914,Positive,Positive,4,4,Positive,Positive
12915,Positive,Positive,5,5,Positive,Positive
12916,Positive,Positive,5,5,Positive,Positive
12917,Positive,Positive,4,4,Positive,Positive
12918,Positive,Positive,4,4,Positive,Positive
12919,Positive,Positive,5,5,Positive,Positive
12920,Positive,Positive,4,4,Positive,Positive
12921,Negative,Negative,4,4,Positive,Positive
12922,Positive,Positive,5,5,Positive,Positive
12923,Positive,Positive,5,5,Positive,Positive
12924,Positive,Positive,5,5,Positive,Positive
12925,Positive,Positive,5,5,Positive,Positive
12926,Positive,Positive,5,5,Positive,Positive
12927,Positive,Positive,4,4,Positive,Positive
12928,Positive,Positive,5,5,Positive,Positive
12929,Positive,Positive,5,5,Positive,Positive
12930,Positive,Positive,5,5,Positive,Positive
12931,Positive,Positive,3,3,Neutral,Neutral
12932,Positive,Positive,4,4,Positive,Positive
12933,Positive,Positive,4,4,Positive,Positive
12934,Positive,Positive,5,5,Positive,Positive
12935,Positive,Positive,4,4,Positive,Positive
12936,Positive,Positive,5,5,Positive,Positive
12937,Positive,Positive,5,5,Positive,Positive
12938,Positive,Positive,5,5,Positive,Positive
12939,Positive,Positive,5,5,Positive,Positive
12940,Positive,Positive,5,5,Positive,Positive
12941,Positive,Positive,5,5,Positive,Positive
12942,Positive,Positive,4,4,Positive,Positive
12943,Positive,Positive,5,5,Positive,Positive
12944,Positive,Positive,4,4,Positive,Positive
12945,Positive,Positive,4,4,Positive,Positive
12946,Positive,Positive,5,5,Positive,Positive
12947,Positive,Positive,4,4,Positive,Positive
12948,Positive,Positive,5,5,Positive,Positive
12949,Positive,Positive,5,5,Positive,Positive
12950,Positive,Positive,5,5,Positive,Positive
12951,Negative,Negative,2,2,Negative,Negative
12952,Positive,Positive,4,4,Positive,Positive
12953,Positive,Positive,4,4,Positive,Positive
12954,Positive,Positive,5,5,Positive,Positive
12955,Positive,Positive,3,3,Neutral,Neutral
12956,Positive,Positive,5,5,Positive,Positive
12957,Neutral,Neutral,4,4,Positive,Positive
12958,Positive,Positive,3,3,Neutral,Neutral
12959,Positive,Positive,5,5,Positive,Positive
12960,Positive,Positive,5,5,Positive,Positive
12961,Positive,Positive,4,4,Positive,Positive
12962,Positive,Positive,4,4,Positive,Positive
12963,Positive,Positive,4,4,Positive,Positive
12964,Positive,Positive,5,5,Positive,Positive
12965,Positive,Positive,1,1,Negative,Negative
12966,Positive,Positive,5,5,Positive,Positive
12967,Positive,Positive,5,5,Positive,Positive
12968,Positive,Positive,4,4,Positive,Positive
12969,Positive,Positive,3,3,Neutral,Neutral
12970,Positive,Positive,5,5,Positive,Positive
12971,Positive,Positive,5,5,Positive,Positive
12972,Positive,Positive,2,2,Negative,Negative
12973,Positive,Positive,4,4,Positive,Positive
12974,Positive,Positive,4,4,Positive,Positive
12975,Positive,Positive,4,4,Positive,Positive
12976,Positive,Positive,5,5,Positive,Positive
12977,Positive,Positive,4,4,Positive,Positive
12978,Positive,Positive,4,4,Positive,Positive
12979,Positive,Positive,5,5,Positive,Positive
12980,Positive,Positive,4,4,Positive,Positive
12981,Positive,Positive,5,5,Positive,Positive
12982,Positive,Positive,4,4,Positive,Positive
12983,Positive,Positive,4,4,Positive,Positive
12984,Positive,Positive,5,5,Positive,Positive
12985,Positive,Positive,5,5,Positive,Positive
12986,Positive,Positive,4,4,Positive,Positive
12987,Positive,Positive,5,5,Positive,Positive
12988,Positive,Positive,4,4,Positive,Positive
12989,Positive,Positive,5,5,Positive,Positive
12990,Positive,Positive,5,5,Positive,Positive
12991,Positive,Positive,4,4,Positive,Positive
12992,Positive,Positive,3,3,Neutral,Neutral
12993,Positive,Positive,4,4,Positive,Positive
12994,Positive,Positive,5,5,Positive,Positive
12995,Positive,Positive,5,5,Positive,Positive
12996,Positive,Positive,5,5,Positive,Positive
12997,Positive,Positive,2,2,Negative,Negative
12998,Positive,Positive,5,5,Positive,Positive
12999,Positive,Positive,4,4,Positive,Positive
13000,Positive,Positive,4,4,Positive,Positive
13001,Positive,Positive,5,5,Positive,Positive
13002,Positive,Positive,4,4,Positive,Positive
13003,Positive,Positive,4,4,Positive,Positive
13004,Positive,Positive,5,5,Positive,Positive
13005,Positive,Neutral,4,3,Positive,Neutral
13006,Positive,Positive,4,4,Positive,Positive
13007,Positive,Positive,5,5,Positive,Positive
13008,Positive,Positive,5,5,Positive,Positive
13009,Positive,Positive,4,4,Positive,Positive
13010,Positive,Positive,4,4,Positive,Positive
13011,Positive,Positive,5,5,Positive,Positive
13012,Positive,Positive,5,5,Positive,Positive
13013,Positive,Positive,4,4,Positive,Positive
13014,Positive,Positive,5,5,Positive,Positive
13015,Positive,Positive,4,4,Positive,Positive
13016,Positive,Positive,4,4,Positive,Positive
13017,Neutral,Neutral,5,5,Positive,Positive
13018,Positive,Positive,4,4,Positive,Positive
13019,Positive,Positive,4,4,Positive,Positive
13020,Neutral,Positive,3,3,Neutral,Neutral
13021,Positive,Positive,5,5,Positive,Positive
13022,Positive,Positive,4,4,Positive,Positive
13023,Positive,Positive,5,5,Positive,Positive
13024,Positive,Positive,4,4,Positive,Positive
13025,Negative,Negative,3,3,Neutral,Neutral
13026,Positive,Positive,5,5,Positive,Positive
13027,Positive,Positive,4,4,Positive,Positive
13028,Positive,Positive,5,5,Positive,Positive
13029,Positive,Positive,4,4,Positive,Positive
13030,Positive,Positive,5,5,Positive,Positive
13031,Negative,Negative,5,5,Positive,Positive
13032,Positive,Positive,5,5,Positive,Positive
13033,Negative,Negative,3,3,Neutral,Neutral
13034,Positive,Positive,4,4,Positive,Positive
13035,Positive,Positive,5,5,Positive,Positive
13036,Positive,Positive,4,4,Positive,Positive
13037,Positive,Positive,3,3,Neutral,Neutral
13038,Positive,Positive,3,3,Neutral,Neutral
13039,Positive,Positive,5,5,Positive,Positive
13040,Negative,Negative,3,3,Neutral,Neutral
13041,Positive,Positive,5,5,Positive,Positive
13042,Positive,Positive,4,4,Positive,Positive
13043,Negative,Negative,3,3,Neutral,Neutral
13044,Positive,Positive,4,4,Positive,Positive
13045,Positive,Positive,5,5,Positive,Positive
13046,Positive,Positive,4,4,Positive,Positive
13047,Positive,Positive,4,4,Positive,Positive
13048,Positive,Positive,5,5,Positive,Positive
13049,Positive,Positive,4,4,Positive,Positive
13050,Positive,Positive,4,4,Positive,Positive
13051,Positive,Positive,4,4,Positive,Positive
13052,Positive,Positive,4,4,Positive,Positive
13053,Positive,Positive,5,5,Positive,Positive
13054,Positive,Positive,4,4,Positive,Positive
13055,Positive,Positive,4,4,Positive,Positive
13056,Positive,Positive,4,4,Positive,Positive
13057,Positive,Positive,5,5,Positive,Positive
13058,Positive,Positive,5,5,Positive,Positive
13059,Positive,Positive,5,5,Positive,Positive
13060,Positive,Positive,3,3,Neutral,Neutral
13061,Negative,Negative,2,2,Negative,Negative
13062,Positive,Positive,4,4,Positive,Positive
13063,Positive,Positive,5,5,Positive,Positive
13064,Positive,Positive,5,5,Positive,Positive
13065,Positive,Positive,5,5,Positive,Positive
13066,Neutral,Neutral,5,5,Positive,Positive
13067,Positive,Positive,4,4,Positive,Positive
13068,Positive,Positive,5,5,Positive,Positive
13069,Positive,Positive,5,5,Positive,Positive
13070,Positive,Positive,4,4,Positive,Positive
13071,Positive,Positive,5,5,Positive,Positive
13072,Positive,Positive,5,5,Positive,Positive
13073,Positive,Positive,4,4,Positive,Positive
13074,Positive,Positive,5,5,Positive,Positive
13075,Negative,Negative,3,3,Neutral,Neutral
13076,Positive,Positive,4,4,Positive,Positive
13077,Positive,Positive,3,3,Neutral,Neutral
13078,Positive,Positive,4,4,Positive,Positive
13079,Neutral,Neutral,2,2,Negative,Negative
13080,Positive,Positive,5,5,Positive,Positive
13081,Positive,Positive,3,3,Neutral,Neutral
13082,Positive,Positive,4,4,Positive,Positive
13083,Positive,Positive,4,4,Positive,Positive
13084,Positive,Positive,5,5,Positive,Positive
13085,Positive,Positive,5,5,Positive,Positive
13086,Positive,Positive,4,4,Positive,Positive
13087,Positive,Positive,5,5,Positive,Positive
13088,Positive,Positive,5,5,Positive,Positive
13089,Positive,Positive,4,5,Positive,Positive
13090,Negative,Negative,3,3,Neutral,Neutral
13091,Positive,Positive,5,5,Positive,Positive
13092,Negative,Negative,4,4,Positive,Positive
13093,Positive,Positive,5,5,Positive,Positive
13094,Positive,Positive,5,5,Positive,Positive
13095,Positive,Positive,5,5,Positive,Positive
13096,Positive,Positive,4,5,Positive,Positive
13097,Positive,Positive,3,3,Neutral,Neutral
13098,Positive,Positive,4,4,Positive,Positive
13099,Positive,Positive,4,4,Positive,Positive
13100,Positive,Positive,5,5,Positive,Positive
13101,Positive,Positive,4,4,Positive,Positive
13102,Positive,Positive,5,5,Positive,Positive
13103,Positive,Positive,4,4,Positive,Positive
13104,Positive,Positive,4,4,Positive,Positive
13105,Positive,Positive,5,5,Positive,Positive
13106,Positive,Positive,4,4,Positive,Positive
13107,Positive,Positive,5,5,Positive,Positive
13108,Positive,Positive,5,5,Positive,Positive
13109,Positive,Positive,4,4,Positive,Positive
13110,Positive,Positive,3,3,Neutral,Neutral
13111,Positive,Positive,3,3,Neutral,Neutral
13112,Positive,Positive,4,4,Positive,Positive
13113,Positive,Positive,5,5,Positive,Positive
13114,Positive,Positive,4,4,Positive,Positive
13115,Positive,Positive,3,3,Neutral,Neutral
13116,Positive,Positive,5,5,Positive,Positive
13117,Positive,Positive,4,4,Positive,Positive
13118,Positive,Positive,5,5,Positive,Positive
13119,Positive,Positive,4,4,Positive,Positive
13120,Positive,Positive,4,4,Positive,Positive
13121,Positive,Positive,4,4,Positive,Positive
13122,Positive,Positive,4,4,Positive,Positive
13123,Positive,Positive,5,5,Positive,Positive
13124,Positive,Positive,3,3,Neutral,Neutral
13125,Positive,Positive,4,4,Positive,Positive
13126,Positive,Positive,4,4,Positive,Positive
13127,Positive,Positive,4,4,Positive,Positive
13128,Positive,Positive,4,4,Positive,Positive
13129,Positive,Positive,5,5,Positive,Positive
13130,Positive,Positive,5,5,Positive,Positive
13131,Positive,Positive,4,4,Positive,Positive
13132,Positive,Positive,4,4,Positive,Positive
13133,Positive,Positive,4,4,Positive,Positive
13134,Negative,Negative,2,2,Negative,Negative
13135,Positive,Positive,5,5,Positive,Positive
13136,Positive,Positive,3,3,Neutral,Neutral
13137,Positive,Positive,3,3,Neutral,Neutral
13138,Positive,Positive,4,4,Positive,Positive
13139,Positive,Positive,5,5,Positive,Positive
13140,Positive,Positive,4,4,Positive,Positive
13141,Positive,Positive,5,5,Positive,Positive
13142,Positive,Positive,4,4,Positive,Positive
13143,Positive,Positive,4,4,Positive,Positive
13144,Negative,Negative,5,5,Positive,Positive
13145,Positive,Positive,3,3,Neutral,Neutral
13146,Positive,Positive,5,5,Positive,Positive
13147,Positive,Positive,4,4,Positive,Positive
13148,Positive,Positive,2,2,Negative,Negative
13149,Positive,Positive,5,5,Positive,Positive
13150,Positive,Positive,5,5,Positive,Positive
13151,Positive,Positive,2,3,Negative,Neutral
13152,Positive,Positive,5,5,Positive,Positive
13153,Positive,Positive,4,4,Positive,Positive
13154,Positive,Positive,4,4,Positive,Positive
13155,Positive,Positive,5,5,Positive,Positive
13156,Positive,Positive,4,4,Positive,Positive
13157,Negative,Negative,4,4,Positive,Positive
13158,Positive,Positive,5,5,Positive,Positive
13159,Positive,Positive,4,4,Positive,Positive
13160,Positive,Positive,4,4,Positive,Positive
13161,Positive,Positive,3,3,Neutral,Neutral
13162,Positive,Positive,4,4,Positive,Positive
13163,Positive,Positive,5,5,Positive,Positive
13164,Positive,Positive,5,5,Positive,Positive
13165,Positive,Positive,4,4,Positive,Positive
13166,Positive,Positive,3,3,Neutral,Neutral
13167,Positive,Positive,5,5,Positive,Positive
13168,Positive,Positive,5,5,Positive,Positive
13169,Positive,Positive,5,5,Positive,Positive
13170,Positive,Positive,5,5,Positive,Positive
13171,Positive,Positive,5,5,Positive,Positive
13172,Positive,Positive,5,5,Positive,Positive
13173,Positive,Positive,5,5,Positive,Positive
13174,Positive,Positive,4,4,Positive,Positive
13175,Positive,Positive,3,3,Neutral,Neutral
13176,Positive,Positive,4,4,Positive,Positive
13177,Positive,Positive,4,4,Positive,Positive
13178,Positive,Positive,3,3,Neutral,Neutral
13179,Positive,Positive,4,4,Positive,Positive
13180,Positive,Positive,4,4,Positive,Positive
13181,Positive,Positive,5,5,Positive,Positive
13182,Positive,Positive,4,4,Positive,Positive
13183,Positive,Positive,5,5,Positive,Positive
13184,Positive,Positive,4,4,Positive,Positive
13185,Positive,Positive,4,4,Positive,Positive
13186,Positive,Positive,5,5,Positive,Positive
13187,Positive,Positive,5,5,Positive,Positive
13188,Positive,Positive,4,4,Positive,Positive
13189,Positive,Positive,4,4,Positive,Positive
13190,Positive,Positive,5,5,Positive,Positive
13191,Neutral,Neutral,4,4,Positive,Positive
13192,Positive,Positive,4,4,Positive,Positive
13193,Positive,Positive,4,4,Positive,Positive
13194,Positive,Positive,4,4,Positive,Positive
13195,Positive,Positive,4,4,Positive,Positive
13196,Positive,Positive,4,4,Positive,Positive
13197,Positive,Positive,4,4,Positive,Positive
13198,Positive,Positive,4,4,Positive,Positive
13199,Negative,Negative,2,2,Negative,Negative
13200,Positive,Positive,5,5,Positive,Positive
13201,Positive,Positive,4,4,Positive,Positive
13202,Positive,Positive,1,1,Negative,Negative
13203,Negative,Negative,2,2,Negative,Negative
13204,Positive,Positive,5,5,Positive,Positive
13205,Positive,Positive,3,3,Neutral,Neutral
13206,Positive,Positive,5,5,Positive,Positive
13207,Positive,Positive,2,3,Negative,Neutral
13208,Positive,Positive,4,4,Positive,Positive
13209,Positive,Positive,4,4,Positive,Positive
13210,Positive,Positive,2,2,Negative,Negative
13211,Positive,Positive,3,3,Neutral,Neutral
13212,Positive,Positive,4,4,Positive,Positive
13213,Positive,Positive,4,4,Positive,Positive
13214,Positive,Positive,5,5,Positive,Positive
13215,Positive,Positive,4,4,Positive,Positive
13216,Positive,Positive,4,4,Positive,Positive
13217,Positive,Positive,4,4,Positive,Positive
13218,Positive,Positive,4,4,Positive,Positive
13219,Positive,Positive,4,4,Positive,Positive
13220,Positive,Positive,4,4,Positive,Positive
13221,Positive,Positive,5,5,Positive,Positive
13222,Positive,Positive,4,4,Positive,Positive
13223,Positive,Positive,5,5,Positive,Positive
13224,Positive,Positive,5,5,Positive,Positive
13225,Positive,Positive,5,5,Positive,Positive
13226,Positive,Negative,3,2,Neutral,Negative
13227,Positive,Positive,4,4,Positive,Positive
13228,Positive,Positive,4,4,Positive,Positive
13229,Positive,Positive,1,1,Negative,Negative
13230,Positive,Positive,4,4,Positive,Positive
13231,Positive,Positive,4,4,Positive,Positive
13232,Positive,Positive,5,5,Positive,Positive
13233,Positive,Positive,5,5,Positive,Positive
13234,Positive,Positive,4,4,Positive,Positive
13235,Negative,Negative,4,4,Positive,Positive
13236,Positive,Positive,3,3,Neutral,Neutral
13237,Positive,Positive,4,4,Positive,Positive
13238,Positive,Positive,4,4,Positive,Positive
13239,Positive,Positive,4,4,Positive,Positive
13240,Positive,Positive,5,5,Positive,Positive
13241,Positive,Positive,4,4,Positive,Positive
13242,Positive,Positive,3,3,Neutral,Neutral
13243,Negative,Negative,3,3,Neutral,Neutral
13244,Positive,Positive,5,5,Positive,Positive
13245,Positive,Positive,4,4,Positive,Positive
13246,Positive,Positive,4,4,Positive,Positive
13247,Positive,Positive,5,5,Positive,Positive
13248,Positive,Positive,4,4,Positive,Positive
13249,Positive,Positive,4,4,Positive,Positive
13250,Positive,Positive,2,2,Negative,Negative
13251,Positive,Positive,4,4,Positive,Positive
13252,Positive,Positive,4,4,Positive,Positive
13253,Positive,Positive,1,1,Negative,Negative
13254,Positive,Positive,4,4,Positive,Positive
13255,Positive,Positive,5,5,Positive,Positive
13256,Positive,Positive,5,5,Positive,Positive
13257,Positive,Positive,4,4,Positive,Positive
13258,Positive,Positive,5,5,Positive,Positive
13259,Positive,Positive,4,4,Positive,Positive
13260,Positive,Positive,5,5,Positive,Positive
13261,Neutral,Neutral,3,3,Neutral,Neutral
13262,Positive,Positive,5,5,Positive,Positive
13263,Positive,Positive,5,5,Positive,Positive
13264,Positive,Positive,5,5,Positive,Positive
13265,Positive,Positive,5,5,Positive,Positive
13266,Positive,Positive,4,4,Positive,Positive
13267,Positive,Positive,5,5,Positive,Positive
13268,Positive,Positive,4,4,Positive,Positive
13269,Negative,Negative,3,3,Neutral,Neutral
13270,Positive,Positive,4,4,Positive,Positive
13271,Positive,Positive,4,4,Positive,Positive
13272,Positive,Positive,5,5,Positive,Positive
13273,Positive,Positive,4,4,Positive,Positive
13274,Positive,Positive,2,2,Negative,Negative
13275,Positive,Positive,2,2,Negative,Negative
13276,Positive,Positive,3,3,Neutral,Neutral
13277,Positive,Positive,4,4,Positive,Positive
13278,Positive,Positive,5,5,Positive,Positive
13279,Positive,Positive,4,4,Positive,Positive
13280,Positive,Positive,5,5,Positive,Positive
13281,Positive,Positive,4,4,Positive,Positive
13282,Positive,Positive,5,5,Positive,Positive
13283,Positive,Positive,4,4,Positive,Positive
13284,Negative,Negative,4,4,Positive,Positive
13285,Negative,Negative,2,2,Negative,Negative
13286,Negative,Negative,3,3,Neutral,Neutral
13287,Positive,Positive,4,4,Positive,Positive
13288,Positive,Positive,4,4,Positive,Positive
13289,Positive,Positive,4,4,Positive,Positive
13290,Positive,Positive,5,5,Positive,Positive
13291,Positive,Positive,4,4,Positive,Positive
13292,Positive,Positive,2,2,Negative,Negative
13293,Positive,Positive,5,5,Positive,Positive
13294,Positive,Positive,4,4,Positive,Positive
13295,Positive,Positive,3,3,Neutral,Neutral
13296,Positive,Positive,4,4,Positive,Positive
13297,Positive,Positive,4,4,Positive,Positive
13298,Negative,Negative,2,2,Negative,Negative
13299,Positive,Positive,3,3,Neutral,Neutral
13300,Positive,Positive,5,5,Positive,Positive
13301,Positive,Positive,4,4,Positive,Positive
13302,Positive,Positive,4,4,Positive,Positive
13303,Positive,Positive,5,5,Positive,Positive
13304,Positive,Positive,4,4,Positive,Positive
13305,Positive,Positive,4,4,Positive,Positive
13306,Positive,Positive,4,4,Positive,Positive
13307,Positive,Positive,5,5,Positive,Positive
13308,Positive,Positive,5,5,Positive,Positive
13309,Positive,Positive,2,2,Negative,Negative
13310,Positive,Positive,4,4,Positive,Positive
13311,Positive,Positive,5,5,Positive,Positive
13312,Positive,Positive,5,5,Positive,Positive
13313,Positive,Positive,4,4,Positive,Positive
13314,Positive,Positive,3,3,Neutral,Neutral
13315,Positive,Positive,5,5,Positive,Positive
13316,Positive,Positive,4,4,Positive,Positive
13317,Positive,Positive,5,5,Positive,Positive
13318,Positive,Positive,2,2,Negative,Negative
13319,Positive,Positive,4,4,Positive,Positive
13320,Positive,Positive,4,4,Positive,Positive
13321,Positive,Positive,5,5,Positive,Positive
13322,Positive,Positive,4,4,Positive,Positive
13323,Positive,Positive,5,5,Positive,Positive
13324,Positive,Positive,5,5,Positive,Positive
13325,Positive,Positive,5,5,Positive,Positive
13326,Positive,Positive,3,3,Neutral,Neutral
13327,Positive,Positive,4,4,Positive,Positive
13328,Positive,Positive,4,4,Positive,Positive
13329,Positive,Positive,4,4,Positive,Positive
13330,Positive,Positive,3,3,Neutral,Neutral
13331,Positive,Positive,4,4,Positive,Positive
13332,Positive,Positive,5,5,Positive,Positive
13333,Positive,Positive,5,5,Positive,Positive
13334,Positive,Positive,5,5,Positive,Positive
13335,Positive,Positive,4,4,Positive,Positive
13336,Positive,Positive,4,4,Positive,Positive
13337,Negative,Negative,3,3,Neutral,Neutral
13338,Positive,Positive,4,4,Positive,Positive
13339,Positive,Positive,5,5,Positive,Positive
13340,Negative,Negative,3,3,Neutral,Neutral
13341,Positive,Positive,2,2,Negative,Negative
13342,Positive,Positive,4,4,Positive,Positive
13343,Positive,Positive,3,2,Neutral,Negative
13344,Positive,Positive,5,5,Positive,Positive
13345,Positive,Positive,5,5,Positive,Positive
13346,Positive,Positive,5,5,Positive,Positive
13347,Positive,Positive,4,4,Positive,Positive
13348,Negative,Negative,4,4,Positive,Positive
13349,Positive,Positive,2,2,Negative,Negative
13350,Positive,Positive,5,5,Positive,Positive
13351,Positive,Positive,4,4,Positive,Positive
13352,Negative,Negative,5,5,Positive,Positive
13353,Positive,Positive,4,4,Positive,Positive
13354,Positive,Positive,5,5,Positive,Positive
13355,Positive,Positive,4,4,Positive,Positive
13356,Positive,Positive,5,5,Positive,Positive
13357,Positive,Positive,5,5,Positive,Positive
13358,Positive,Positive,4,4,Positive,Positive
13359,Positive,Positive,5,5,Positive,Positive
13360,Positive,Positive,3,3,Neutral,Neutral
13361,Positive,Positive,5,5,Positive,Positive
13362,Positive,Positive,5,5,Positive,Positive
13363,Positive,Positive,5,5,Positive,Positive
13364,Positive,Positive,4,4,Positive,Positive
13365,Positive,Positive,4,4,Positive,Positive
13366,Positive,Positive,4,4,Positive,Positive
13367,Positive,Positive,5,5,Positive,Positive
13368,Positive,Positive,5,5,Positive,Positive
13369,Positive,Positive,3,3,Neutral,Neutral
13370,Positive,Positive,4,4,Positive,Positive
13371,Positive,Positive,5,5,Positive,Positive
13372,Positive,Positive,5,5,Positive,Positive
13373,Positive,Positive,3,3,Neutral,Neutral
13374,Negative,Negative,3,3,Neutral,Neutral
13375,Positive,Positive,4,4,Positive,Positive
13376,Positive,Positive,4,4,Positive,Positive
13377,Positive,Positive,4,4,Positive,Positive
13378,Positive,Positive,2,2,Negative,Negative
13379,Positive,Positive,5,5,Positive,Positive
13380,Positive,Positive,5,5,Positive,Positive
13381,Positive,Positive,4,4,Positive,Positive
13382,Positive,Positive,4,4,Positive,Positive
13383,Negative,Negative,3,3,Neutral,Neutral
13384,Positive,Positive,4,4,Positive,Positive
13385,Positive,Positive,4,4,Positive,Positive
13386,Positive,Positive,4,4,Positive,Positive
13387,Positive,Positive,5,5,Positive,Positive
13388,Positive,Positive,4,4,Positive,Positive
13389,Positive,Positive,4,4,Positive,Positive
13390,Positive,Positive,4,4,Positive,Positive
13391,Positive,Positive,3,3,Neutral,Neutral
13392,Positive,Positive,4,4,Positive,Positive
13393,Positive,Positive,4,4,Positive,Positive
13394,Positive,Positive,5,5,Positive,Positive
13395,Positive,Positive,5,5,Positive,Positive
13396,Positive,Positive,5,5,Positive,Positive
13397,Positive,Positive,5,5,Positive,Positive
13398,Positive,Positive,3,4,Neutral,Positive
13399,Positive,Positive,4,4,Positive,Positive
13400,Positive,Positive,3,3,Neutral,Neutral
13401,Positive,Positive,4,4,Positive,Positive
13402,Positive,Positive,4,4,Positive,Positive
13403,Positive,Positive,4,4,Positive,Positive
13404,Positive,Positive,4,4,Positive,Positive
13405,Positive,Positive,4,4,Positive,Positive
13406,Positive,Positive,4,4,Positive,Positive
13407,Positive,Positive,4,4,Positive,Positive
13408,Positive,Positive,5,5,Positive,Positive
13409,Positive,Positive,4,4,Positive,Positive
13410,Positive,Positive,4,4,Positive,Positive
13411,Positive,Positive,5,5,Positive,Positive
13412,Positive,Positive,3,3,Neutral,Neutral
13413,Negative,Negative,3,3,Neutral,Neutral
13414,Negative,Negative,3,3,Neutral,Neutral
13415,Positive,Positive,4,4,Positive,Positive
13416,Neutral,Neutral,3,3,Neutral,Neutral
13417,Positive,Positive,5,5,Positive,Positive
13418,Positive,Positive,4,4,Positive,Positive
13419,Positive,Positive,4,4,Positive,Positive
13420,Neutral,Neutral,3,3,Neutral,Neutral
13421,Positive,Positive,4,4,Positive,Positive
13422,Positive,Positive,5,5,Positive,Positive
13423,Positive,Positive,4,4,Positive,Positive
13424,Positive,Positive,4,4,Positive,Positive
13425,Positive,Positive,5,5,Positive,Positive
13426,Positive,Positive,4,4,Positive,Positive
13427,Positive,Positive,4,4,Positive,Positive
13428,Positive,Positive,4,4,Positive,Positive
13429,Positive,Positive,5,5,Positive,Positive
13430,Positive,Positive,4,4,Positive,Positive
13431,Positive,Positive,4,4,Positive,Positive
13432,Positive,Positive,4,4,Positive,Positive
13433,Positive,Positive,5,5,Positive,Positive
13434,Positive,Positive,4,4,Positive,Positive
13435,Positive,Positive,5,5,Positive,Positive
13436,Positive,Positive,4,4,Positive,Positive
13437,Positive,Positive,5,5,Positive,Positive
13438,Positive,Positive,5,5,Positive,Positive
13439,Positive,Positive,5,5,Positive,Positive
13440,Positive,Positive,4,4,Positive,Positive
13441,Positive,Positive,5,5,Positive,Positive
13442,Positive,Positive,3,3,Neutral,Neutral
13443,Positive,Positive,5,5,Positive,Positive
13444,Positive,Positive,4,4,Positive,Positive
13445,Positive,Positive,4,4,Positive,Positive
13446,Positive,Positive,5,5,Positive,Positive
13447,Positive,Positive,4,4,Positive,Positive
13448,Positive,Positive,4,4,Positive,Positive
13449,Positive,Positive,3,3,Neutral,Neutral
13450,Positive,Positive,4,4,Positive,Positive
13451,Positive,Positive,4,4,Positive,Positive
13452,Positive,Positive,4,4,Positive,Positive
13453,Positive,Positive,5,5,Positive,Positive
13454,Positive,Positive,5,5,Positive,Positive
13455,Positive,Positive,5,5,Positive,Positive
13456,Positive,Positive,4,4,Positive,Positive
13457,Positive,Positive,4,4,Positive,Positive
13458,Positive,Positive,5,5,Positive,Positive
13459,Positive,Positive,4,4,Positive,Positive
13460,Positive,Positive,5,5,Positive,Positive
13461,Positive,Positive,5,5,Positive,Positive
13462,Positive,Positive,4,4,Positive,Positive
13463,Positive,Positive,4,4,Positive,Positive
13464,Positive,Positive,4,4,Positive,Positive
13465,Positive,Positive,4,4,Positive,Positive
13466,Positive,Positive,5,5,Positive,Positive
13467,Positive,Positive,4,4,Positive,Positive
13468,Positive,Positive,4,4,Positive,Positive
13469,Positive,Positive,3,3,Neutral,Neutral
13470,Positive,Positive,5,5,Positive,Positive
13471,Positive,Positive,5,5,Positive,Positive
13472,Positive,Positive,4,4,Positive,Positive
13473,Positive,Positive,5,5,Positive,Positive
13474,Neutral,Neutral,3,3,Neutral,Neutral
13475,Positive,Positive,4,4,Positive,Positive
13476,Positive,Positive,5,5,Positive,Positive
13477,Positive,Positive,4,4,Positive,Positive
13478,Negative,Negative,3,3,Neutral,Neutral
13479,Positive,Positive,4,4,Positive,Positive
13480,Positive,Positive,5,5,Positive,Positive
13481,Positive,Positive,4,4,Positive,Positive
13482,Positive,Positive,5,5,Positive,Positive
13483,Positive,Positive,4,5,Positive,Positive
13484,Positive,Positive,5,5,Positive,Positive
13485,Positive,Positive,4,4,Positive,Positive
13486,Positive,Positive,5,5,Positive,Positive
13487,Positive,Positive,4,4,Positive,Positive
13488,Positive,Positive,5,5,Positive,Positive
13489,Positive,Positive,4,4,Positive,Positive
13490,Positive,Positive,5,5,Positive,Positive
13491,Positive,Positive,5,5,Positive,Positive
13492,Positive,Positive,1,1,Negative,Negative
13493,Positive,Positive,3,3,Neutral,Neutral
13494,Positive,Positive,4,4,Positive,Positive
13495,Positive,Positive,4,4,Positive,Positive
13496,Positive,Positive,5,5,Positive,Positive
13497,Positive,Positive,5,5,Positive,Positive
13498,Positive,Positive,5,5,Positive,Positive
13499,Positive,Positive,5,5,Positive,Positive
13500,Positive,Positive,5,5,Positive,Positive
13501,Positive,Positive,4,4,Positive,Positive
13502,Positive,Positive,4,4,Positive,Positive
13503,Positive,Positive,2,2,Negative,Negative
13504,Positive,Positive,4,4,Positive,Positive
13505,Positive,Positive,3,3,Neutral,Neutral
13506,Neutral,Neutral,1,1,Negative,Negative
13507,Positive,Positive,4,4,Positive,Positive
13508,Positive,Positive,3,3,Neutral,Neutral
13509,Positive,Positive,4,4,Positive,Positive
13510,Negative,Negative,3,3,Neutral,Neutral
13511,Positive,Positive,4,4,Positive,Positive
13512,Positive,Positive,5,5,Positive,Positive
13513,Positive,Positive,4,4,Positive,Positive
13514,Negative,Negative,4,4,Positive,Positive
13515,Positive,Positive,5,5,Positive,Positive
13516,Positive,Positive,5,5,Positive,Positive
13517,Positive,Positive,4,4,Positive,Positive
13518,Positive,Positive,4,4,Positive,Positive
13519,Positive,Positive,4,4,Positive,Positive
13520,Positive,Positive,5,5,Positive,Positive
13521,Positive,Positive,5,5,Positive,Positive
13522,Positive,Positive,4,4,Positive,Positive
13523,Positive,Positive,5,5,Positive,Positive
13524,Positive,Positive,5,5,Positive,Positive
13525,Positive,Positive,5,5,Positive,Positive
13526,Positive,Positive,5,5,Positive,Positive
13527,Negative,Negative,3,3,Neutral,Neutral
13528,Positive,Positive,5,5,Positive,Positive
13529,Positive,Positive,5,5,Positive,Positive
13530,Positive,Positive,5,5,Positive,Positive
13531,Positive,Positive,4,4,Positive,Positive
13532,Positive,Positive,5,5,Positive,Positive
13533,Positive,Positive,5,5,Positive,Positive
13534,Positive,Positive,5,5,Positive,Positive
13535,Positive,Positive,4,4,Positive,Positive
13536,Positive,Positive,4,4,Positive,Positive
13537,Positive,Positive,4,4,Positive,Positive
13538,Positive,Positive,5,5,Positive,Positive
13539,Negative,Negative,2,2,Negative,Negative
13540,Positive,Positive,5,5,Positive,Positive
13541,Neutral,Neutral,4,4,Positive,Positive
13542,Positive,Positive,4,4,Positive,Positive
13543,Positive,Positive,4,4,Positive,Positive
13544,Positive,Positive,4,4,Positive,Positive
13545,Positive,Positive,5,5,Positive,Positive
13546,Positive,Positive,5,5,Positive,Positive
13547,Negative,Negative,2,2,Negative,Negative
13548,Positive,Positive,4,4,Positive,Positive
13549,Neutral,Neutral,2,2,Negative,Negative
13550,Positive,Positive,5,5,Positive,Positive
13551,Positive,Positive,5,5,Positive,Positive
13552,Positive,Positive,5,5,Positive,Positive
13553,Positive,Positive,4,4,Positive,Positive
13554,Positive,Positive,5,5,Positive,Positive
13555,Positive,Positive,4,4,Positive,Positive
13556,Positive,Positive,4,4,Positive,Positive
13557,Positive,Positive,5,5,Positive,Positive
13558,Positive,Positive,4,4,Positive,Positive
13559,Negative,Negative,4,4,Positive,Positive
13560,Positive,Positive,4,5,Positive,Positive
13561,Positive,Positive,4,4,Positive,Positive
13562,Positive,Positive,4,4,Positive,Positive
13563,Positive,Positive,5,5,Positive,Positive
13564,Positive,Positive,2,2,Negative,Negative
13565,Positive,Positive,4,4,Positive,Positive
13566,Positive,Positive,5,5,Positive,Positive
13567,Negative,Negative,3,3,Neutral,Neutral
13568,Positive,Positive,4,4,Positive,Positive
13569,Positive,Positive,4,4,Positive,Positive
13570,Positive,Positive,5,5,Positive,Positive
13571,Positive,Positive,4,4,Positive,Positive
13572,Positive,Positive,3,3,Neutral,Neutral
13573,Positive,Positive,4,4,Positive,Positive
13574,Positive,Positive,5,5,Positive,Positive
13575,Positive,Positive,2,2,Negative,Negative
13576,Positive,Positive,3,3,Neutral,Neutral
13577,Positive,Positive,4,4,Positive,Positive
13578,Positive,Positive,4,4,Positive,Positive
13579,Positive,Positive,4,4,Positive,Positive
13580,Positive,Positive,5,5,Positive,Positive
13581,Positive,Positive,5,5,Positive,Positive
13582,Negative,Negative,3,3,Neutral,Neutral
13583,Positive,Positive,5,5,Positive,Positive
13584,Positive,Positive,2,2,Negative,Negative
13585,Positive,Positive,5,5,Positive,Positive
13586,Positive,Positive,5,5,Positive,Positive
13587,Negative,Negative,4,4,Positive,Positive
13588,Positive,Positive,4,4,Positive,Positive
13589,Negative,Negative,5,5,Positive,Positive
13590,Positive,Positive,4,4,Positive,Positive
13591,Positive,Positive,2,2,Negative,Negative
13592,Positive,Positive,5,5,Positive,Positive
13593,Negative,Negative,2,2,Negative,Negative
13594,Positive,Positive,5,5,Positive,Positive
13595,Positive,Positive,4,4,Positive,Positive
13596,Negative,Negative,4,4,Positive,Positive
13597,Positive,Positive,3,3,Neutral,Neutral
13598,Positive,Positive,3,3,Neutral,Neutral
13599,Positive,Positive,4,4,Positive,Positive
13600,Positive,Positive,5,5,Positive,Positive
13601,Positive,Positive,5,5,Positive,Positive
13602,Positive,Positive,4,4,Positive,Positive
13603,Positive,Positive,4,4,Positive,Positive
13604,Positive,Positive,5,5,Positive,Positive
13605,Positive,Positive,5,5,Positive,Positive
13606,Neutral,Neutral,2,2,Negative,Negative
13607,Positive,Positive,4,4,Positive,Positive
13608,Positive,Positive,5,5,Positive,Positive
13609,Positive,Positive,5,5,Positive,Positive
13610,Positive,Positive,4,4,Positive,Positive
13611,Positive,Positive,4,4,Positive,Positive
13612,Positive,Positive,4,4,Positive,Positive
13613,Positive,Positive,5,5,Positive,Positive
13614,Positive,Positive,5,5,Positive,Positive
13615,Positive,Positive,3,3,Neutral,Neutral
13616,Positive,Positive,4,4,Positive,Positive
13617,Positive,Positive,5,5,Positive,Positive
13618,Positive,Positive,5,5,Positive,Positive
13619,Positive,Positive,5,5,Positive,Positive
13620,Positive,Positive,4,4,Positive,Positive
13621,Positive,Positive,4,4,Positive,Positive
13622,Positive,Positive,5,5,Positive,Positive
13623,Positive,Positive,5,5,Positive,Positive
13624,Positive,Positive,4,4,Positive,Positive
13625,Positive,Positive,5,5,Positive,Positive
13626,Positive,Positive,4,4,Positive,Positive
13627,Positive,Positive,5,5,Positive,Positive
13628,Positive,Positive,5,5,Positive,Positive
13629,Positive,Positive,5,5,Positive,Positive
13630,Positive,Positive,5,5,Positive,Positive
13631,Positive,Positive,5,5,Positive,Positive
13632,Negative,Negative,1,1,Negative,Negative
13633,Positive,Positive,4,4,Positive,Positive
13634,Positive,Positive,5,5,Positive,Positive
13635,Negative,Negative,1,1,Negative,Negative
13636,Positive,Positive,5,5,Positive,Positive
13637,Positive,Positive,4,4,Positive,Positive
13638,Positive,Positive,5,5,Positive,Positive
13639,Positive,Positive,5,5,Positive,Positive
13640,Positive,Positive,4,4,Positive,Positive
13641,Positive,Positive,4,4,Positive,Positive
13642,Positive,Positive,5,5,Positive,Positive
13643,Positive,Positive,4,4,Positive,Positive
13644,Positive,Positive,4,4,Positive,Positive
13645,Positive,Positive,5,5,Positive,Positive
13646,Positive,Positive,4,4,Positive,Positive
13647,Positive,Positive,5,5,Positive,Positive
13648,Positive,Positive,5,5,Positive,Positive
13649,Positive,Positive,5,5,Positive,Positive
13650,Positive,Positive,3,3,Neutral,Neutral
13651,Positive,Positive,5,5,Positive,Positive
13652,Positive,Positive,4,4,Positive,Positive
13653,Positive,Positive,4,2,Positive,Negative
13654,Positive,Positive,4,4,Positive,Positive
13655,Positive,Positive,4,4,Positive,Positive
13656,Positive,Positive,5,5,Positive,Positive
13657,Positive,Positive,5,5,Positive,Positive
13658,Positive,Positive,4,4,Positive,Positive
13659,Positive,Positive,4,4,Positive,Positive
13660,Negative,Negative,2,2,Negative,Negative
13661,Positive,Positive,5,5,Positive,Positive
13662,Positive,Positive,3,3,Neutral,Neutral
13663,Positive,Positive,4,4,Positive,Positive
13664,Positive,Positive,3,3,Neutral,Neutral
13665,Positive,Positive,4,4,Positive,Positive
13666,Negative,Negative,1,1,Negative,Negative
13667,Positive,Positive,3,3,Neutral,Neutral
13668,Positive,Positive,5,5,Positive,Positive
13669,Positive,Positive,4,4,Positive,Positive
13670,Positive,Positive,2,2,Negative,Negative
13671,Positive,Positive,4,4,Positive,Positive
13672,Positive,Positive,4,4,Positive,Positive
13673,Negative,Negative,4,4,Positive,Positive
13674,Positive,Positive,4,4,Positive,Positive
13675,Positive,Positive,4,4,Positive,Positive
13676,Positive,Positive,5,5,Positive,Positive
13677,Positive,Positive,5,5,Positive,Positive
13678,Positive,Positive,4,4,Positive,Positive
13679,Positive,Positive,4,4,Positive,Positive
13680,Positive,Positive,4,4,Positive,Positive
13681,Positive,Positive,4,4,Positive,Positive
13682,Positive,Positive,5,5,Positive,Positive
13683,Positive,Positive,5,5,Positive,Positive
13684,Positive,Positive,4,4,Positive,Positive
13685,Positive,Positive,5,5,Positive,Positive
13686,Positive,Positive,4,4,Positive,Positive
13687,Positive,Positive,3,3,Neutral,Neutral
13688,Positive,Positive,4,4,Positive,Positive
13689,Positive,Positive,4,4,Positive,Positive
13690,Positive,Positive,3,3,Neutral,Neutral
13691,Positive,Positive,2,2,Negative,Negative
13692,Negative,Negative,3,3,Neutral,Neutral
13693,Positive,Positive,3,3,Neutral,Neutral
13694,Positive,Positive,5,5,Positive,Positive
13695,Negative,Negative,1,1,Negative,Negative
13696,Positive,Positive,4,4,Positive,Positive
13697,Positive,Positive,4,4,Positive,Positive
13698,Positive,Positive,4,4,Positive,Positive
13699,Negative,Negative,4,4,Positive,Positive
13700,Positive,Positive,4,4,Positive,Positive
13701,Negative,Negative,1,1,Negative,Negative
13702,Negative,Negative,2,2,Negative,Negative
13703,Positive,Positive,3,3,Neutral,Neutral
13704,Positive,Positive,3,3,Neutral,Neutral
13705,Positive,Positive,5,5,Positive,Positive
13706,Positive,Positive,4,4,Positive,Positive
13707,Positive,Positive,4,4,Positive,Positive
13708,Positive,Positive,4,4,Positive,Positive
13709,Positive,Positive,5,5,Positive,Positive
13710,Positive,Positive,5,5,Positive,Positive
13711,Positive,Positive,5,5,Positive,Positive
13712,Positive,Positive,4,4,Positive,Positive
13713,Positive,Positive,5,5,Positive,Positive
13714,Positive,Positive,3,4,Neutral,Positive
13715,Positive,Positive,5,5,Positive,Positive
13716,Positive,Positive,3,3,Neutral,Neutral
13717,Positive,Positive,4,4,Positive,Positive
13718,Positive,Positive,3,3,Neutral,Neutral
13719,Positive,Positive,4,4,Positive,Positive
13720,Positive,Positive,4,4,Positive,Positive
13721,Positive,Positive,5,5,Positive,Positive
13722,Neutral,Neutral,3,3,Neutral,Neutral
13723,Positive,Positive,4,4,Positive,Positive
13724,Positive,Positive,3,3,Neutral,Neutral
13725,Positive,Positive,3,3,Neutral,Neutral
13726,Positive,Positive,4,4,Positive,Positive
13727,Positive,Positive,4,4,Positive,Positive
13728,Positive,Positive,2,2,Negative,Negative
13729,Positive,Positive,4,4,Positive,Positive
13730,Positive,Positive,4,4,Positive,Positive
13731,Positive,Positive,5,5,Positive,Positive
13732,Positive,Positive,2,2,Negative,Negative
13733,Positive,Positive,1,1,Negative,Negative
13734,Positive,Positive,4,4,Positive,Positive
13735,Positive,Positive,4,4,Positive,Positive
13736,Positive,Positive,4,4,Positive,Positive
13737,Positive,Positive,4,4,Positive,Positive
13738,Positive,Positive,4,4,Positive,Positive
13739,Positive,Positive,5,5,Positive,Positive
13740,Positive,Positive,4,4,Positive,Positive
13741,Positive,Positive,5,5,Positive,Positive
13742,Positive,Positive,2,3,Negative,Neutral
13743,Neutral,Neutral,2,2,Negative,Negative
13744,Negative,Negative,4,4,Positive,Positive
13745,Positive,Positive,4,4,Positive,Positive
13746,Positive,Positive,4,4,Positive,Positive
13747,Positive,Positive,4,4,Positive,Positive
13748,Positive,Positive,3,3,Neutral,Neutral
13749,Positive,Positive,5,5,Positive,Positive
13750,Positive,Positive,5,5,Positive,Positive
13751,Positive,Positive,3,3,Neutral,Neutral
13752,Positive,Positive,4,4,Positive,Positive
13753,Positive,Positive,5,5,Positive,Positive
13754,Positive,Positive,5,5,Positive,Positive
13755,Positive,Positive,4,4,Positive,Positive
13756,Positive,Positive,5,5,Positive,Positive
13757,Positive,Positive,3,3,Neutral,Neutral
13758,Positive,Positive,4,4,Positive,Positive
13759,Positive,Positive,4,4,Positive,Positive
13760,Positive,Positive,5,5,Positive,Positive
13761,Positive,Positive,3,3,Neutral,Neutral
13762,Positive,Positive,4,4,Positive,Positive
13763,Positive,Positive,3,3,Neutral,Neutral
13764,Positive,Positive,5,5,Positive,Positive
13765,Negative,Negative,3,3,Neutral,Neutral
13766,Positive,Positive,5,5,Positive,Positive
13767,Positive,Positive,5,5,Positive,Positive
13768,Positive,Positive,4,4,Positive,Positive
13769,Positive,Positive,2,2,Negative,Negative
13770,Positive,Positive,5,5,Positive,Positive
13771,Positive,Positive,4,4,Positive,Positive
13772,Positive,Positive,4,4,Positive,Positive
13773,Positive,Positive,3,3,Neutral,Neutral
13774,Positive,Positive,5,5,Positive,Positive
13775,Positive,Positive,4,4,Positive,Positive
13776,Positive,Positive,4,4,Positive,Positive
13777,Positive,Positive,4,4,Positive,Positive
13778,Positive,Positive,5,5,Positive,Positive
13779,Negative,Negative,3,3,Neutral,Neutral
13780,Positive,Positive,4,4,Positive,Positive
13781,Positive,Positive,5,5,Positive,Positive
13782,Positive,Positive,3,3,Neutral,Neutral
13783,Positive,Positive,5,5,Positive,Positive
13784,Positive,Positive,5,5,Positive,Positive
13785,Positive,Positive,4,4,Positive,Positive
13786,Positive,Positive,5,5,Positive,Positive
13787,Positive,Positive,4,4,Positive,Positive
13788,Positive,Positive,3,3,Neutral,Neutral
13789,Positive,Positive,4,4,Positive,Positive
13790,Positive,Positive,2,2,Negative,Negative
13791,Positive,Positive,4,4,Positive,Positive
13792,Positive,Positive,3,3,Neutral,Neutral
13793,Negative,Negative,3,3,Neutral,Neutral
13794,Positive,Positive,5,5,Positive,Positive
13795,Positive,Positive,5,5,Positive,Positive
13796,Positive,Positive,4,4,Positive,Positive
13797,Positive,Positive,2,2,Negative,Negative
13798,Positive,Positive,2,2,Negative,Negative
13799,Positive,Positive,3,3,Neutral,Neutral
13800,Positive,Positive,4,4,Positive,Positive
13801,Positive,Positive,4,4,Positive,Positive
13802,Positive,Positive,5,5,Positive,Positive
13803,Positive,Positive,1,1,Negative,Negative
13804,Positive,Positive,5,5,Positive,Positive
13805,Positive,Positive,4,4,Positive,Positive
13806,Positive,Positive,5,5,Positive,Positive
13807,Neutral,Neutral,2,2,Negative,Negative
13808,Positive,Positive,5,5,Positive,Positive
13809,Positive,Positive,4,4,Positive,Positive
13810,Positive,Positive,5,5,Positive,Positive
13811,Positive,Positive,4,4,Positive,Positive
13812,Positive,Positive,5,5,Positive,Positive
13813,Negative,Negative,2,2,Negative,Negative
13814,Negative,Negative,2,2,Negative,Negative
13815,Positive,Positive,3,3,Neutral,Neutral
13816,Positive,Positive,4,4,Positive,Positive
13817,Positive,Positive,5,5,Positive,Positive
13818,Positive,Positive,5,5,Positive,Positive
13819,Positive,Negative,4,2,Positive,Negative
13820,Positive,Positive,3,3,Neutral,Neutral
13821,Negative,Negative,3,3,Neutral,Neutral
13822,Positive,Positive,5,5,Positive,Positive
13823,Positive,Positive,5,5,Positive,Positive
13824,Positive,Positive,5,5,Positive,Positive
13825,Positive,Positive,4,4,Positive,Positive
13826,Positive,Positive,5,5,Positive,Positive
13827,Positive,Positive,4,4,Positive,Positive
13828,Positive,Positive,5,5,Positive,Positive
13829,Positive,Positive,5,5,Positive,Positive
13830,Positive,Positive,4,4,Positive,Positive
13831,Positive,Positive,5,5,Positive,Positive
13832,Positive,Positive,3,3,Neutral,Neutral
13833,Positive,Positive,5,5,Positive,Positive
13834,Positive,Positive,4,4,Positive,Positive
13835,Positive,Positive,4,4,Positive,Positive
13836,Positive,Positive,3,3,Neutral,Neutral
13837,Positive,Positive,2,2,Negative,Negative
13838,Positive,Positive,5,5,Positive,Positive
13839,Positive,Positive,2,2,Negative,Negative
13840,Positive,Positive,4,4,Positive,Positive
13841,Positive,Positive,4,4,Positive,Positive
13842,Positive,Positive,4,4,Positive,Positive
13843,Positive,Positive,5,5,Positive,Positive
13844,Positive,Positive,5,5,Positive,Positive
13845,Positive,Positive,5,5,Positive,Positive
13846,Neutral,Neutral,4,4,Positive,Positive
13847,Positive,Positive,5,5,Positive,Positive
13848,Positive,Positive,4,4,Positive,Positive
13849,Positive,Positive,4,4,Positive,Positive
13850,Positive,Positive,5,5,Positive,Positive
13851,Positive,Positive,5,5,Positive,Positive
13852,Positive,Positive,5,5,Positive,Positive
13853,Positive,Positive,4,4,Positive,Positive
13854,Positive,Positive,5,5,Positive,Positive
13855,Positive,Positive,5,5,Positive,Positive
13856,Positive,Positive,4,4,Positive,Positive
13857,Positive,Positive,3,3,Neutral,Neutral
13858,Positive,Positive,1,1,Negative,Negative
13859,Positive,Positive,4,4,Positive,Positive
13860,Positive,Positive,3,3,Neutral,Neutral
13861,Positive,Positive,4,4,Positive,Positive
13862,Positive,Positive,5,5,Positive,Positive
13863,Positive,Positive,2,2,Negative,Negative
13864,Positive,Positive,5,5,Positive,Positive
13865,Positive,Positive,4,4,Positive,Positive
13866,Positive,Positive,3,3,Neutral,Neutral
13867,Positive,Positive,5,5,Positive,Positive
13868,Positive,Positive,4,4,Positive,Positive
13869,Positive,Positive,5,5,Positive,Positive
13870,Positive,Positive,4,4,Positive,Positive
13871,Positive,Positive,4,4,Positive,Positive
13872,Positive,Positive,4,4,Positive,Positive
13873,Positive,Positive,4,4,Positive,Positive
13874,Positive,Positive,4,4,Positive,Positive
13875,Positive,Positive,4,4,Positive,Positive
13876,Positive,Positive,5,5,Positive,Positive
13877,Positive,Positive,4,4,Positive,Positive
13878,Positive,Positive,5,5,Positive,Positive
13879,Negative,Negative,3,3,Neutral,Neutral
13880,Positive,Positive,5,5,Positive,Positive
13881,Positive,Positive,4,4,Positive,Positive
13882,Negative,Negative,4,4,Positive,Positive
13883,Positive,Positive,5,5,Positive,Positive
13884,Negative,Negative,1,1,Negative,Negative
13885,Positive,Positive,5,5,Positive,Positive
13886,Positive,Positive,5,5,Positive,Positive
13887,Positive,Positive,5,5,Positive,Positive
13888,Positive,Positive,4,4,Positive,Positive
13889,Positive,Positive,5,5,Positive,Positive
13890,Positive,Positive,4,4,Positive,Positive
13891,Positive,Positive,4,4,Positive,Positive
13892,Positive,Positive,2,2,Negative,Negative
13893,Positive,Positive,5,5,Positive,Positive
13894,Positive,Positive,4,4,Positive,Positive
13895,Positive,Positive,4,4,Positive,Positive
13896,Positive,Positive,5,5,Positive,Positive
13897,Positive,Positive,5,5,Positive,Positive
13898,Positive,Positive,5,5,Positive,Positive
13899,Positive,Positive,4,4,Positive,Positive
13900,Positive,Positive,4,4,Positive,Positive
13901,Positive,Positive,5,5,Positive,Positive
13902,Positive,Positive,5,5,Positive,Positive
13903,Positive,Positive,4,4,Positive,Positive
13904,Positive,Positive,4,4,Positive,Positive
13905,Positive,Positive,5,5,Positive,Positive
13906,Positive,Positive,5,5,Positive,Positive
13907,Positive,Positive,4,4,Positive,Positive
13908,Positive,Positive,5,5,Positive,Positive
13909,Positive,Positive,3,3,Neutral,Neutral
13910,Positive,Positive,5,5,Positive,Positive
13911,Positive,Positive,4,4,Positive,Positive
13912,Positive,Positive,5,5,Positive,Positive
13913,Positive,Positive,5,5,Positive,Positive
13914,Positive,Positive,4,4,Positive,Positive
13915,Positive,Positive,5,5,Positive,Positive
13916,Positive,Positive,3,3,Neutral,Neutral
13917,Negative,Negative,5,5,Positive,Positive
13918,Positive,Positive,4,4,Positive,Positive
13919,Positive,Positive,4,4,Positive,Positive
13920,Positive,Positive,2,2,Negative,Negative
13921,Positive,Positive,2,2,Negative,Negative
13922,Positive,Positive,3,3,Neutral,Neutral
13923,Positive,Positive,5,5,Positive,Positive
13924,Positive,Positive,5,5,Positive,Positive
13925,Positive,Positive,5,5,Positive,Positive
13926,Positive,Positive,5,5,Positive,Positive
13927,Positive,Positive,3,3,Neutral,Neutral
13928,Positive,Positive,4,4,Positive,Positive
13929,Positive,Positive,3,3,Neutral,Neutral
13930,Positive,Positive,3,3,Neutral,Neutral
13931,Positive,Positive,4,4,Positive,Positive
13932,Positive,Positive,5,5,Positive,Positive
13933,Negative,Negative,3,3,Neutral,Neutral
13934,Positive,Positive,2,2,Negative,Negative
13935,Positive,Positive,5,5,Positive,Positive
13936,Neutral,Neutral,2,2,Negative,Negative
13937,Positive,Positive,4,4,Positive,Positive
13938,Positive,Positive,4,4,Positive,Positive
13939,Positive,Positive,5,5,Positive,Positive
13940,Positive,Positive,4,4,Positive,Positive
13941,Positive,Positive,5,5,Positive,Positive
13942,Positive,Positive,4,4,Positive,Positive
13943,Positive,Positive,4,4,Positive,Positive
13944,Positive,Positive,5,5,Positive,Positive
13945,Negative,Negative,3,3,Neutral,Neutral
13946,Positive,Positive,4,4,Positive,Positive
13947,Positive,Positive,4,4,Positive,Positive
13948,Positive,Positive,5,5,Positive,Positive
13949,Positive,Positive,2,2,Negative,Negative
13950,Positive,Positive,4,4,Positive,Positive
13951,Positive,Positive,4,4,Positive,Positive
13952,Neutral,Neutral,4,4,Positive,Positive
13953,Positive,Positive,4,4,Positive,Positive
13954,Positive,Positive,4,4,Positive,Positive
13955,Positive,Positive,4,4,Positive,Positive
13956,Positive,Positive,4,4,Positive,Positive
13957,Positive,Positive,5,5,Positive,Positive
13958,Positive,Positive,3,3,Neutral,Neutral
13959,Positive,Positive,3,3,Neutral,Neutral
13960,Positive,Positive,5,5,Positive,Positive
13961,Negative,Positive,4,4,Positive,Positive
13962,Positive,Positive,4,4,Positive,Positive
13963,Positive,Positive,5,5,Positive,Positive
13964,Neutral,Neutral,2,2,Negative,Negative
13965,Positive,Positive,4,4,Positive,Positive
13966,Positive,Positive,4,4,Positive,Positive
13967,Negative,Negative,2,2,Negative,Negative
13968,Positive,Positive,4,4,Positive,Positive
13969,Positive,Positive,5,5,Positive,Positive
13970,Positive,Positive,4,4,Positive,Positive
13971,Positive,Positive,5,5,Positive,Positive
13972,Positive,Positive,5,5,Positive,Positive
13973,Positive,Positive,4,4,Positive,Positive
13974,Positive,Positive,4,4,Positive,Positive
13975,Positive,Positive,5,5,Positive,Positive
13976,Positive,Positive,5,5,Positive,Positive
13977,Positive,Positive,5,5,Positive,Positive
13978,Positive,Positive,5,4,Positive,Positive
13979,Positive,Positive,5,5,Positive,Positive
13980,Positive,Positive,4,4,Positive,Positive
13981,Positive,Positive,5,5,Positive,Positive
13982,Positive,Positive,4,4,Positive,Positive
13983,Positive,Positive,5,5,Positive,Positive
13984,Positive,Positive,5,5,Positive,Positive
13985,Negative,Negative,3,3,Neutral,Neutral
13986,Positive,Positive,4,4,Positive,Positive
13987,Positive,Positive,5,5,Positive,Positive
13988,Positive,Positive,3,3,Neutral,Neutral
13989,Positive,Positive,5,5,Positive,Positive
13990,Positive,Positive,3,3,Neutral,Neutral
13991,Positive,Positive,5,5,Positive,Positive
13992,Positive,Positive,5,5,Positive,Positive
13993,Positive,Positive,3,3,Neutral,Neutral
13994,Positive,Positive,5,5,Positive,Positive
13995,Positive,Positive,3,3,Neutral,Neutral
13996,Positive,Positive,4,4,Positive,Positive
13997,Negative,Negative,2,2,Negative,Negative
13998,Positive,Positive,3,3,Neutral,Neutral
13999,Positive,Positive,3,3,Neutral,Neutral
14000,Positive,Positive,5,5,Positive,Positive
14001,Positive,Positive,4,4,Positive,Positive
14002,Positive,Positive,4,4,Positive,Positive
14003,Positive,Positive,4,4,Positive,Positive
14004,Negative,Negative,3,3,Neutral,Neutral
14005,Positive,Positive,5,5,Positive,Positive
14006,Positive,Positive,5,5,Positive,Positive
14007,Positive,Positive,4,4,Positive,Positive
14008,Positive,Positive,4,4,Positive,Positive
14009,Positive,Positive,5,5,Positive,Positive
14010,Positive,Positive,4,4,Positive,Positive
14011,Positive,Positive,5,5,Positive,Positive
14012,Positive,Positive,5,5,Positive,Positive
14013,Positive,Positive,5,4,Positive,Positive
14014,Positive,Positive,5,5,Positive,Positive
14015,Positive,Positive,5,5,Positive,Positive
14016,Positive,Positive,5,5,Positive,Positive
14017,Positive,Positive,5,5,Positive,Positive
14018,Positive,Positive,3,3,Neutral,Neutral
14019,Positive,Positive,4,4,Positive,Positive
14020,Positive,Positive,4,4,Positive,Positive
14021,Positive,Positive,5,5,Positive,Positive
14022,Positive,Positive,4,4,Positive,Positive
14023,Positive,Positive,5,5,Positive,Positive
14024,Positive,Positive,5,5,Positive,Positive
14025,Positive,Positive,4,4,Positive,Positive
14026,Positive,Positive,5,5,Positive,Positive
14027,Positive,Positive,5,5,Positive,Positive
14028,Positive,Positive,5,5,Positive,Positive
14029,Positive,Positive,4,4,Positive,Positive
14030,Positive,Positive,5,5,Positive,Positive
14031,Positive,Positive,4,4,Positive,Positive
14032,Positive,Positive,4,4,Positive,Positive
14033,Positive,Positive,4,4,Positive,Positive
14034,Positive,Positive,5,5,Positive,Positive
14035,Positive,Positive,4,4,Positive,Positive
14036,Positive,Positive,4,4,Positive,Positive
14037,Positive,Positive,2,2,Negative,Negative
14038,Positive,Positive,2,2,Negative,Negative
14039,Positive,Positive,4,4,Positive,Positive
14040,Positive,Positive,3,3,Neutral,Neutral
14041,Positive,Positive,5,5,Positive,Positive
14042,Positive,Positive,5,5,Positive,Positive
14043,Positive,Positive,4,4,Positive,Positive
14044,Negative,Negative,2,2,Negative,Negative
14045,Negative,Negative,3,3,Neutral,Neutral
14046,Positive,Positive,5,5,Positive,Positive
14047,Positive,Positive,4,4,Positive,Positive
14048,Positive,Positive,4,4,Positive,Positive
14049,Positive,Positive,5,5,Positive,Positive
14050,Positive,Positive,5,5,Positive,Positive
14051,Positive,Positive,3,3,Neutral,Neutral
14052,Positive,Positive,3,3,Neutral,Neutral
14053,Positive,Positive,4,4,Positive,Positive
14054,Positive,Positive,5,5,Positive,Positive
14055,Negative,Negative,3,3,Neutral,Neutral
14056,Positive,Positive,5,5,Positive,Positive
14057,Positive,Positive,5,5,Positive,Positive
14058,Positive,Positive,4,4,Positive,Positive
14059,Positive,Positive,5,5,Positive,Positive
14060,Positive,Positive,5,5,Positive,Positive
14061,Positive,Positive,4,2,Positive,Negative
14062,Positive,Positive,4,4,Positive,Positive
14063,Positive,Positive,5,5,Positive,Positive
14064,Positive,Positive,4,4,Positive,Positive
14065,Positive,Positive,5,5,Positive,Positive
14066,Positive,Positive,5,5,Positive,Positive
14067,Positive,Positive,4,4,Positive,Positive
14068,Positive,Positive,4,4,Positive,Positive
14069,Positive,Positive,5,5,Positive,Positive
14070,Positive,Positive,5,5,Positive,Positive
14071,Positive,Positive,4,4,Positive,Positive
14072,Negative,Negative,3,3,Neutral,Neutral
14073,Positive,Positive,4,4,Positive,Positive
14074,Positive,Positive,4,4,Positive,Positive
14075,Positive,Positive,5,5,Positive,Positive
14076,Positive,Positive,5,5,Positive,Positive
14077,Positive,Positive,4,4,Positive,Positive
14078,Positive,Positive,5,5,Positive,Positive
14079,Positive,Positive,5,5,Positive,Positive
14080,Positive,Positive,4,4,Positive,Positive
14081,Positive,Positive,5,5,Positive,Positive
14082,Positive,Positive,5,5,Positive,Positive
14083,Positive,Positive,4,4,Positive,Positive
14084,Positive,Positive,5,5,Positive,Positive
14085,Positive,Positive,5,5,Positive,Positive
14086,Positive,Positive,4,4,Positive,Positive
14087,Positive,Positive,5,5,Positive,Positive
14088,Negative,Negative,4,4,Positive,Positive
14089,Positive,Positive,4,4,Positive,Positive
14090,Positive,Positive,3,3,Neutral,Neutral
14091,Positive,Positive,4,4,Positive,Positive
14092,Positive,Positive,4,4,Positive,Positive
14093,Negative,Negative,4,4,Positive,Positive
14094,Positive,Positive,2,2,Negative,Negative
14095,Positive,Positive,5,5,Positive,Positive
14096,Positive,Positive,4,4,Positive,Positive
14097,Positive,Positive,5,5,Positive,Positive
14098,Positive,Positive,5,5,Positive,Positive
14099,Positive,Positive,4,4,Positive,Positive
14100,Positive,Positive,3,3,Neutral,Neutral
14101,Positive,Positive,4,4,Positive,Positive
14102,Positive,Positive,5,5,Positive,Positive
14103,Positive,Positive,4,4,Positive,Positive
14104,Positive,Positive,5,5,Positive,Positive
14105,Positive,Positive,4,4,Positive,Positive
14106,Positive,Positive,4,4,Positive,Positive
14107,Positive,Positive,4,4,Positive,Positive
14108,Positive,Positive,5,5,Positive,Positive
14109,Negative,Negative,4,4,Positive,Positive
14110,Positive,Positive,4,4,Positive,Positive
14111,Positive,Positive,4,4,Positive,Positive
14112,Positive,Positive,4,4,Positive,Positive
14113,Positive,Positive,4,4,Positive,Positive
14114,Positive,Positive,3,3,Neutral,Neutral
14115,Positive,Positive,3,3,Neutral,Neutral
14116,Positive,Positive,5,5,Positive,Positive
14117,Positive,Positive,3,3,Neutral,Neutral
14118,Positive,Positive,4,4,Positive,Positive
14119,Positive,Positive,5,5,Positive,Positive
14120,Positive,Positive,4,4,Positive,Positive
14121,Positive,Positive,2,2,Negative,Negative
14122,Positive,Positive,5,5,Positive,Positive
14123,Positive,Positive,5,5,Positive,Positive
14124,Positive,Positive,3,3,Neutral,Neutral
14125,Positive,Positive,5,5,Positive,Positive
14126,Positive,Positive,5,5,Positive,Positive
14127,Positive,Positive,4,4,Positive,Positive
14128,Positive,Positive,4,4,Positive,Positive
14129,Negative,Negative,5,5,Positive,Positive
14130,Positive,Positive,4,4,Positive,Positive
14131,Negative,Negative,4,4,Positive,Positive
14132,Positive,Positive,5,5,Positive,Positive
14133,Positive,Positive,5,5,Positive,Positive
14134,Positive,Positive,4,4,Positive,Positive
14135,Positive,Positive,5,5,Positive,Positive
14136,Positive,Positive,4,4,Positive,Positive
14137,Positive,Positive,4,4,Positive,Positive
14138,Positive,Positive,5,5,Positive,Positive
14139,Positive,Positive,2,2,Negative,Negative
14140,Positive,Positive,4,4,Positive,Positive
14141,Positive,Positive,4,4,Positive,Positive
14142,Positive,Positive,4,4,Positive,Positive
14143,Positive,Positive,5,5,Positive,Positive
14144,Positive,Positive,4,4,Positive,Positive
14145,Negative,Negative,3,3,Neutral,Neutral
14146,Positive,Positive,4,4,Positive,Positive
14147,Negative,Negative,3,3,Neutral,Neutral
14148,Negative,Negative,2,2,Negative,Negative
14149,Positive,Positive,4,4,Positive,Positive
14150,Positive,Positive,5,5,Positive,Positive
14151,Positive,Positive,3,3,Neutral,Neutral
14152,Positive,Positive,5,5,Positive,Positive
14153,Positive,Positive,5,5,Positive,Positive
14154,Positive,Positive,5,5,Positive,Positive
14155,Positive,Positive,4,4,Positive,Positive
14156,Positive,Positive,4,4,Positive,Positive
14157,Positive,Positive,5,4,Positive,Positive
14158,Positive,Positive,5,5,Positive,Positive
14159,Positive,Positive,5,5,Positive,Positive
14160,Positive,Positive,4,4,Positive,Positive
14161,Positive,Positive,4,4,Positive,Positive
14162,Positive,Positive,5,5,Positive,Positive
14163,Positive,Positive,4,4,Positive,Positive
14164,Positive,Positive,4,4,Positive,Positive
14165,Positive,Positive,5,5,Positive,Positive
14166,Positive,Positive,5,5,Positive,Positive
14167,Positive,Positive,5,5,Positive,Positive
14168,Positive,Positive,4,4,Positive,Positive
14169,Positive,Positive,5,5,Positive,Positive
14170,Positive,Positive,4,4,Positive,Positive
14171,Negative,Negative,2,2,Negative,Negative
14172,Positive,Positive,2,2,Negative,Negative
14173,Positive,Positive,3,3,Neutral,Neutral
14174,Positive,Positive,4,4,Positive,Positive
14175,Positive,Positive,5,5,Positive,Positive
14176,Positive,Positive,4,4,Positive,Positive
14177,Positive,Positive,5,5,Positive,Positive
14178,Positive,Positive,4,4,Positive,Positive
14179,Positive,Positive,5,5,Positive,Positive
14180,Positive,Positive,3,3,Neutral,Neutral
14181,Positive,Positive,4,4,Positive,Positive
14182,Positive,Positive,4,4,Positive,Positive
14183,Positive,Positive,4,4,Positive,Positive
14184,Positive,Positive,5,5,Positive,Positive
14185,Positive,Positive,5,5,Positive,Positive
14186,Positive,Positive,3,3,Neutral,Neutral
14187,Positive,Positive,4,4,Positive,Positive
14188,Positive,Positive,5,5,Positive,Positive
14189,Positive,Positive,5,5,Positive,Positive
14190,Positive,Positive,5,5,Positive,Positive
14191,Positive,Positive,4,4,Positive,Positive
14192,Positive,Positive,4,4,Positive,Positive
14193,Positive,Positive,4,4,Positive,Positive
14194,Neutral,Negative,3,3,Neutral,Neutral
14195,Positive,Positive,5,5,Positive,Positive
14196,Positive,Positive,3,3,Neutral,Neutral
14197,Positive,Positive,3,3,Neutral,Neutral
14198,Positive,Positive,5,5,Positive,Positive
14199,Positive,Positive,5,5,Positive,Positive
14200,Neutral,Neutral,2,2,Negative,Negative
14201,Positive,Positive,5,5,Positive,Positive
14202,Positive,Positive,5,5,Positive,Positive
14203,Positive,Positive,2,2,Negative,Negative
14204,Positive,Positive,4,4,Positive,Positive
14205,Neutral,Neutral,4,4,Positive,Positive
14206,Positive,Positive,5,5,Positive,Positive
14207,Positive,Positive,4,3,Positive,Neutral
14208,Positive,Positive,3,3,Neutral,Neutral
14209,Positive,Positive,3,3,Neutral,Neutral
14210,Positive,Positive,5,5,Positive,Positive
14211,Positive,Positive,4,4,Positive,Positive
14212,Positive,Positive,4,4,Positive,Positive
14213,Positive,Positive,5,5,Positive,Positive
14214,Positive,Positive,4,4,Positive,Positive
14215,Positive,Positive,4,4,Positive,Positive
14216,Positive,Positive,4,4,Positive,Positive
14217,Positive,Positive,3,3,Neutral,Neutral
14218,Positive,Positive,3,3,Neutral,Neutral
14219,Positive,Positive,5,5,Positive,Positive
14220,Positive,Positive,3,3,Neutral,Neutral
14221,Positive,Positive,5,5,Positive,Positive
14222,Positive,Positive,5,5,Positive,Positive
14223,Positive,Positive,4,4,Positive,Positive
14224,Positive,Positive,5,5,Positive,Positive
14225,Positive,Positive,3,3,Neutral,Neutral
14226,Positive,Positive,4,4,Positive,Positive
14227,Positive,Positive,4,4,Positive,Positive
14228,Positive,Positive,5,5,Positive,Positive
14229,Positive,Positive,5,5,Positive,Positive
14230,Positive,Positive,4,4,Positive,Positive
14231,Positive,Positive,2,2,Negative,Negative
14232,Positive,Positive,4,4,Positive,Positive
14233,Positive,Positive,3,3,Neutral,Neutral
14234,Positive,Positive,4,4,Positive,Positive
14235,Positive,Positive,5,5,Positive,Positive
14236,Positive,Positive,4,4,Positive,Positive
14237,Positive,Positive,4,4,Positive,Positive
14238,Positive,Positive,4,4,Positive,Positive
14239,Positive,Positive,3,3,Neutral,Neutral
14240,Positive,Positive,4,4,Positive,Positive
14241,Positive,Positive,4,4,Positive,Positive
14242,Neutral,Neutral,4,4,Positive,Positive
14243,Positive,Positive,4,4,Positive,Positive
14244,Positive,Positive,4,4,Positive,Positive
14245,Positive,Positive,4,4,Positive,Positive
14246,Positive,Positive,4,4,Positive,Positive
14247,Negative,Negative,2,2,Negative,Negative
14248,Positive,Positive,5,5,Positive,Positive
14249,Positive,Positive,4,4,Positive,Positive
14250,Positive,Positive,4,4,Positive,Positive
14251,Positive,Positive,3,3,Neutral,Neutral
14252,Positive,Positive,4,3,Positive,Neutral
14253,Positive,Positive,5,5,Positive,Positive
14254,Positive,Positive,4,4,Positive,Positive
14255,Positive,Positive,3,3,Neutral,Neutral
14256,Positive,Positive,4,4,Positive,Positive
14257,Positive,Positive,5,5,Positive,Positive
14258,Positive,Positive,5,5,Positive,Positive
14259,Positive,Positive,4,4,Positive,Positive
14260,Positive,Positive,5,5,Positive,Positive
14261,Positive,Positive,4,4,Positive,Positive
14262,Positive,Positive,4,4,Positive,Positive
14263,Positive,Positive,4,4,Positive,Positive
14264,Positive,Positive,4,4,Positive,Positive
14265,Positive,Positive,3,3,Neutral,Neutral
14266,Positive,Positive,4,4,Positive,Positive
14267,Positive,Positive,5,5,Positive,Positive
14268,Positive,Positive,5,5,Positive,Positive
14269,Positive,Positive,4,4,Positive,Positive
14270,Positive,Positive,5,5,Positive,Positive
14271,Negative,Negative,3,3,Neutral,Neutral
14272,Positive,Positive,5,5,Positive,Positive
14273,Negative,Negative,2,2,Negative,Negative
14274,Neutral,Neutral,1,1,Negative,Negative
14275,Positive,Positive,5,5,Positive,Positive
14276,Positive,Positive,5,5,Positive,Positive
14277,Positive,Positive,3,3,Neutral,Neutral
14278,Positive,Positive,3,3,Neutral,Neutral
14279,Positive,Positive,4,4,Positive,Positive
14280,Positive,Positive,4,4,Positive,Positive
14281,Positive,Positive,5,5,Positive,Positive
14282,Positive,Positive,4,4,Positive,Positive
14283,Negative,Negative,4,4,Positive,Positive
14284,Positive,Positive,3,3,Neutral,Neutral
14285,Positive,Positive,4,4,Positive,Positive
14286,Positive,Positive,5,5,Positive,Positive
14287,Negative,Negative,3,3,Neutral,Neutral
14288,Positive,Positive,4,4,Positive,Positive
14289,Positive,Positive,4,4,Positive,Positive
14290,Positive,Positive,5,5,Positive,Positive
14291,Positive,Positive,4,4,Positive,Positive
14292,Positive,Positive,5,5,Positive,Positive
14293,Positive,Positive,4,4,Positive,Positive
14294,Positive,Positive,5,5,Positive,Positive
14295,Positive,Positive,3,3,Neutral,Neutral
14296,Positive,Positive,2,4,Negative,Positive
14297,Positive,Positive,5,5,Positive,Positive
14298,Neutral,Neutral,1,1,Negative,Negative
14299,Positive,Positive,2,2,Negative,Negative
14300,Negative,Negative,2,2,Negative,Negative
14301,Positive,Positive,5,5,Positive,Positive
14302,Positive,Positive,3,3,Neutral,Neutral
14303,Positive,Positive,4,4,Positive,Positive
14304,Positive,Positive,4,4,Positive,Positive
14305,Positive,Positive,4,4,Positive,Positive
14306,Positive,Positive,4,4,Positive,Positive
14307,Positive,Positive,4,4,Positive,Positive
14308,Positive,Positive,5,5,Positive,Positive
14309,Positive,Positive,5,5,Positive,Positive
14310,Positive,Positive,5,5,Positive,Positive
14311,Positive,Positive,4,4,Positive,Positive
14312,Positive,Positive,4,4,Positive,Positive
14313,Positive,Positive,4,4,Positive,Positive
14314,Positive,Positive,1,1,Negative,Negative
14315,Positive,Positive,3,3,Neutral,Neutral
14316,Positive,Positive,5,5,Positive,Positive
14317,Positive,Positive,2,2,Negative,Negative
14318,Positive,Positive,4,4,Positive,Positive
14319,Positive,Positive,3,3,Neutral,Neutral
14320,Positive,Positive,4,4,Positive,Positive
14321,Negative,Negative,2,3,Negative,Neutral
14322,Positive,Positive,4,4,Positive,Positive
14323,Positive,Positive,4,4,Positive,Positive
14324,Positive,Positive,2,2,Negative,Negative
14325,Positive,Positive,5,5,Positive,Positive
14326,Positive,Positive,4,4,Positive,Positive
14327,Positive,Positive,4,4,Positive,Positive
14328,Positive,Positive,5,5,Positive,Positive
14329,Positive,Positive,5,5,Positive,Positive
14330,Negative,Negative,2,2,Negative,Negative
14331,Positive,Positive,4,4,Positive,Positive
14332,Positive,Positive,4,4,Positive,Positive
14333,Positive,Positive,4,4,Positive,Positive
14334,Positive,Positive,4,4,Positive,Positive
14335,Positive,Positive,5,5,Positive,Positive
14336,Positive,Positive,4,4,Positive,Positive
14337,Positive,Positive,4,4,Positive,Positive
14338,Positive,Positive,4,4,Positive,Positive
14339,Positive,Positive,5,5,Positive,Positive
14340,Positive,Positive,5,5,Positive,Positive
14341,Positive,Positive,3,3,Neutral,Neutral
14342,Positive,Positive,5,5,Positive,Positive
14343,Positive,Positive,4,4,Positive,Positive
14344,Positive,Positive,5,5,Positive,Positive
14345,Positive,Positive,4,4,Positive,Positive
14346,Positive,Positive,5,5,Positive,Positive
14347,Positive,Positive,5,5,Positive,Positive
14348,Positive,Positive,3,3,Neutral,Neutral
14349,Positive,Positive,5,5,Positive,Positive
14350,Positive,Positive,5,5,Positive,Positive
14351,Negative,Negative,3,3,Neutral,Neutral
14352,Neutral,Neutral,4,4,Positive,Positive
14353,Negative,Negative,2,2,Negative,Negative
14354,Positive,Positive,4,4,Positive,Positive
14355,Positive,Positive,5,5,Positive,Positive
14356,Positive,Positive,5,5,Positive,Positive
14357,Positive,Positive,4,4,Positive,Positive
14358,Positive,Positive,3,3,Neutral,Neutral
14359,Positive,Positive,3,3,Neutral,Neutral
14360,Positive,Positive,5,5,Positive,Positive
14361,Neutral,Neutral,3,3,Neutral,Neutral
14362,Positive,Positive,5,5,Positive,Positive
14363,Positive,Positive,4,4,Positive,Positive
14364,Positive,Positive,5,5,Positive,Positive
14365,Positive,Positive,4,4,Positive,Positive
14366,Positive,Positive,2,2,Negative,Negative
14367,Positive,Positive,4,4,Positive,Positive
14368,Negative,Negative,5,5,Positive,Positive
14369,Positive,Positive,4,4,Positive,Positive
14370,Positive,Positive,5,5,Positive,Positive
14371,Positive,Positive,4,4,Positive,Positive
14372,Positive,Positive,4,4,Positive,Positive
14373,Positive,Positive,4,4,Positive,Positive
14374,Neutral,Neutral,2,2,Negative,Negative
14375,Positive,Positive,4,4,Positive,Positive
14376,Positive,Positive,4,4,Positive,Positive
14377,Positive,Positive,3,3,Neutral,Neutral
14378,Positive,Positive,3,3,Neutral,Neutral
14379,Positive,Positive,3,3,Neutral,Neutral
14380,Positive,Positive,4,4,Positive,Positive
14381,Negative,Negative,2,2,Negative,Negative
14382,Positive,Positive,5,5,Positive,Positive
14383,Positive,Positive,4,4,Positive,Positive
14384,Positive,Positive,2,2,Negative,Negative
14385,Positive,Positive,4,4,Positive,Positive
14386,Positive,Positive,3,3,Neutral,Neutral
14387,Positive,Positive,3,3,Neutral,Neutral
14388,Positive,Positive,4,4,Positive,Positive
14389,Positive,Positive,3,3,Neutral,Neutral
14390,Positive,Positive,5,5,Positive,Positive
14391,Positive,Positive,5,5,Positive,Positive
14392,Positive,Positive,4,4,Positive,Positive
14393,Positive,Positive,5,5,Positive,Positive
14394,Positive,Positive,4,4,Positive,Positive
14395,Positive,Positive,5,5,Positive,Positive
14396,Positive,Positive,4,4,Positive,Positive
14397,Negative,Negative,2,2,Negative,Negative
14398,Negative,Negative,2,2,Negative,Negative
14399,Positive,Positive,2,2,Negative,Negative
14400,Positive,Positive,2,2,Negative,Negative
14401,Negative,Negative,2,2,Negative,Negative
14402,Positive,Positive,4,4,Positive,Positive
14403,Positive,Positive,5,5,Positive,Positive
14404,Positive,Positive,4,4,Positive,Positive
14405,Positive,Positive,4,4,Positive,Positive
14406,Positive,Positive,5,5,Positive,Positive
14407,Positive,Positive,4,4,Positive,Positive
14408,Positive,Positive,4,4,Positive,Positive
14409,Positive,Positive,4,4,Positive,Positive
14410,Positive,Positive,4,4,Positive,Positive
14411,Positive,Positive,4,4,Positive,Positive
14412,Positive,Positive,4,4,Positive,Positive
14413,Positive,Positive,4,4,Positive,Positive
14414,Positive,Positive,3,3,Neutral,Neutral
14415,Positive,Positive,5,5,Positive,Positive
14416,Positive,Positive,4,4,Positive,Positive
14417,Positive,Positive,5,5,Positive,Positive
14418,Positive,Positive,4,4,Positive,Positive
14419,Positive,Positive,5,5,Positive,Positive
14420,Positive,Positive,5,5,Positive,Positive
14421,Positive,Positive,5,5,Positive,Positive
14422,Positive,Positive,4,4,Positive,Positive
14423,Positive,Positive,5,5,Positive,Positive
14424,Positive,Positive,5,5,Positive,Positive
14425,Positive,Positive,4,4,Positive,Positive
14426,Neutral,Neutral,4,4,Positive,Positive
14427,Positive,Positive,4,4,Positive,Positive
14428,Positive,Positive,4,3,Positive,Neutral
14429,Positive,Positive,3,3,Neutral,Neutral
14430,Positive,Positive,5,5,Positive,Positive
14431,Positive,Positive,5,5,Positive,Positive
14432,Negative,Negative,4,4,Positive,Positive
14433,Positive,Positive,5,5,Positive,Positive
14434,Positive,Positive,3,3,Neutral,Neutral
14435,Positive,Positive,4,4,Positive,Positive
14436,Positive,Positive,4,4,Positive,Positive
14437,Positive,Positive,5,5,Positive,Positive
14438,Positive,Positive,4,4,Positive,Positive
14439,Positive,Positive,4,4,Positive,Positive
14440,Positive,Positive,5,5,Positive,Positive
14441,Positive,Positive,5,5,Positive,Positive
14442,Positive,Positive,4,2,Positive,Negative
14443,Positive,Positive,3,3,Neutral,Neutral
14444,Positive,Positive,4,4,Positive,Positive
14445,Positive,Positive,2,2,Negative,Negative
14446,Positive,Positive,4,4,Positive,Positive
14447,Positive,Positive,4,4,Positive,Positive
14448,Positive,Positive,5,5,Positive,Positive
14449,Positive,Positive,3,3,Neutral,Neutral
14450,Positive,Positive,4,4,Positive,Positive
14451,Positive,Positive,4,4,Positive,Positive
14452,Positive,Positive,4,4,Positive,Positive
14453,Positive,Positive,5,5,Positive,Positive
14454,Positive,Positive,5,5,Positive,Positive
14455,Positive,Positive,5,5,Positive,Positive
14456,Positive,Positive,5,5,Positive,Positive
14457,Negative,Negative,3,3,Neutral,Neutral
14458,Positive,Positive,4,4,Positive,Positive
14459,Positive,Positive,4,4,Positive,Positive
14460,Positive,Positive,3,3,Neutral,Neutral
14461,Positive,Positive,2,2,Negative,Negative
14462,Positive,Positive,4,4,Positive,Positive
14463,Positive,Positive,4,4,Positive,Positive
14464,Positive,Positive,5,5,Positive,Positive
14465,Positive,Positive,5,5,Positive,Positive
14466,Negative,Negative,3,3,Neutral,Neutral
14467,Positive,Positive,5,5,Positive,Positive
14468,Positive,Positive,4,4,Positive,Positive
14469,Positive,Positive,5,5,Positive,Positive
14470,Positive,Positive,5,5,Positive,Positive
14471,Positive,Positive,3,3,Neutral,Neutral
14472,Positive,Positive,5,5,Positive,Positive
14473,Positive,Positive,3,3,Neutral,Neutral
14474,Neutral,Neutral,4,4,Positive,Positive
14475,Positive,Positive,4,4,Positive,Positive
14476,Positive,Positive,4,4,Positive,Positive
14477,Positive,Positive,5,5,Positive,Positive
14478,Positive,Positive,5,5,Positive,Positive
14479,Positive,Positive,4,4,Positive,Positive
14480,Positive,Positive,2,2,Negative,Negative
14481,Positive,Positive,3,3,Neutral,Neutral
14482,Positive,Positive,4,4,Positive,Positive
14483,Positive,Positive,2,2,Negative,Negative
14484,Positive,Positive,4,4,Positive,Positive
14485,Positive,Positive,5,5,Positive,Positive
14486,Positive,Positive,3,3,Neutral,Neutral
14487,Negative,Negative,2,2,Negative,Negative
14488,Positive,Positive,5,5,Positive,Positive
14489,Positive,Positive,4,4,Positive,Positive
14490,Positive,Positive,5,5,Positive,Positive
14491,Positive,Positive,4,4,Positive,Positive
14492,Neutral,Neutral,3,3,Neutral,Neutral
14493,Positive,Positive,4,4,Positive,Positive
14494,Positive,Positive,5,5,Positive,Positive
14495,Positive,Positive,4,4,Positive,Positive
14496,Positive,Positive,5,5,Positive,Positive
14497,Negative,Negative,4,4,Positive,Positive
14498,Positive,Positive,3,3,Neutral,Neutral
14499,Positive,Positive,3,3,Neutral,Neutral
14500,Positive,Positive,5,5,Positive,Positive
14501,Positive,Positive,4,4,Positive,Positive
14502,Positive,Positive,4,4,Positive,Positive
14503,Positive,Positive,3,3,Neutral,Neutral
14504,Positive,Positive,3,3,Neutral,Neutral
14505,Positive,Positive,5,5,Positive,Positive
14506,Neutral,Neutral,5,5,Positive,Positive
14507,Positive,Positive,4,4,Positive,Positive
14508,Positive,Positive,4,4,Positive,Positive
14509,Positive,Positive,5,5,Positive,Positive
14510,Positive,Positive,4,4,Positive,Positive
14511,Positive,Positive,4,4,Positive,Positive
14512,Positive,Positive,4,4,Positive,Positive
14513,Positive,Positive,4,4,Positive,Positive
14514,Positive,Positive,4,4,Positive,Positive
14515,Positive,Positive,5,5,Positive,Positive
14516,Positive,Positive,5,5,Positive,Positive
14517,Positive,Positive,3,3,Neutral,Neutral
14518,Positive,Positive,4,4,Positive,Positive
14519,Negative,Negative,2,2,Negative,Negative
14520,Positive,Positive,3,3,Neutral,Neutral
14521,Positive,Positive,4,4,Positive,Positive
14522,Positive,Positive,5,5,Positive,Positive
14523,Negative,Negative,4,4,Positive,Positive
14524,Positive,Positive,5,5,Positive,Positive
14525,Positive,Positive,5,5,Positive,Positive
14526,Positive,Positive,4,4,Positive,Positive
14527,Positive,Positive,5,5,Positive,Positive
14528,Neutral,Neutral,3,3,Neutral,Neutral
14529,Positive,Positive,4,4,Positive,Positive
14530,Positive,Positive,5,5,Positive,Positive
14531,Positive,Positive,3,3,Neutral,Neutral
14532,Positive,Positive,5,5,Positive,Positive
14533,Positive,Positive,5,5,Positive,Positive
14534,Negative,Negative,3,3,Neutral,Neutral
14535,Positive,Positive,5,5,Positive,Positive
14536,Positive,Negative,4,4,Positive,Positive
14537,Positive,Positive,3,3,Neutral,Neutral
14538,Positive,Positive,5,5,Positive,Positive
14539,Negative,Negative,2,2,Negative,Negative
14540,Negative,Negative,3,3,Neutral,Neutral
14541,Positive,Positive,3,3,Neutral,Neutral
14542,Positive,Positive,4,4,Positive,Positive
14543,Positive,Positive,5,5,Positive,Positive
14544,Negative,Negative,1,1,Negative,Negative
14545,Positive,Positive,4,4,Positive,Positive
14546,Positive,Positive,5,5,Positive,Positive
14547,Positive,Positive,5,5,Positive,Positive
14548,Positive,Positive,3,3,Neutral,Neutral
14549,Positive,Positive,4,4,Positive,Positive
14550,Positive,Positive,4,4,Positive,Positive
14551,Positive,Positive,3,3,Neutral,Neutral
14552,Positive,Positive,5,5,Positive,Positive
14553,Positive,Positive,5,5,Positive,Positive
14554,Positive,Positive,4,4,Positive,Positive
14555,Positive,Positive,4,4,Positive,Positive
14556,Positive,Positive,5,5,Positive,Positive
14557,Positive,Positive,4,4,Positive,Positive
14558,Positive,Positive,5,5,Positive,Positive
14559,Positive,Positive,4,4,Positive,Positive
14560,Positive,Positive,4,4,Positive,Positive
14561,Positive,Positive,4,4,Positive,Positive
14562,Positive,Positive,4,4,Positive,Positive
14563,Positive,Positive,5,5,Positive,Positive
14564,Positive,Positive,2,2,Negative,Negative
14565,Positive,Positive,4,4,Positive,Positive
14566,Positive,Positive,5,5,Positive,Positive
14567,Positive,Positive,4,4,Positive,Positive
14568,Positive,Positive,3,3,Neutral,Neutral
14569,Positive,Positive,3,3,Neutral,Neutral
14570,Positive,Positive,5,5,Positive,Positive
14571,Positive,Positive,5,5,Positive,Positive
14572,Negative,Negative,5,5,Positive,Positive
14573,Positive,Positive,5,5,Positive,Positive
14574,Positive,Positive,4,4,Positive,Positive
14575,Positive,Positive,4,4,Positive,Positive
14576,Positive,Positive,4,4,Positive,Positive
14577,Positive,Positive,2,2,Negative,Negative
14578,Positive,Positive,5,5,Positive,Positive
14579,Positive,Positive,3,3,Neutral,Neutral
14580,Positive,Positive,2,2,Negative,Negative
14581,Positive,Positive,4,4,Positive,Positive
14582,Positive,Positive,4,4,Positive,Positive
14583,Positive,Positive,4,4,Positive,Positive
14584,Neutral,Neutral,3,3,Neutral,Neutral
14585,Positive,Positive,5,5,Positive,Positive
14586,Negative,Negative,2,2,Negative,Negative
14587,Positive,Positive,4,4,Positive,Positive
14588,Positive,Positive,4,4,Positive,Positive
14589,Positive,Positive,5,5,Positive,Positive
14590,Positive,Positive,4,4,Positive,Positive
14591,Negative,Negative,1,1,Negative,Negative
14592,Positive,Positive,2,2,Negative,Negative
14593,Positive,Positive,5,5,Positive,Positive
14594,Positive,Positive,5,5,Positive,Positive
14595,Positive,Positive,5,5,Positive,Positive
14596,Positive,Positive,4,4,Positive,Positive
14597,Positive,Positive,5,5,Positive,Positive
14598,Positive,Positive,4,4,Positive,Positive
14599,Negative,Negative,2,2,Negative,Negative
14600,Positive,Positive,4,4,Positive,Positive
14601,Positive,Positive,3,3,Neutral,Neutral
14602,Negative,Negative,1,1,Negative,Negative
14603,Positive,Positive,3,3,Neutral,Neutral
14604,Positive,Positive,4,4,Positive,Positive
14605,Positive,Positive,4,4,Positive,Positive
14606,Positive,Positive,3,3,Neutral,Neutral
14607,Positive,Positive,4,4,Positive,Positive
14608,Positive,Positive,4,4,Positive,Positive
14609,Positive,Positive,5,5,Positive,Positive
14610,Positive,Positive,5,5,Positive,Positive
14611,Positive,Positive,3,3,Neutral,Neutral
14612,Positive,Positive,5,5,Positive,Positive
14613,Positive,Positive,4,4,Positive,Positive
14614,Positive,Positive,5,5,Positive,Positive
14615,Positive,Positive,4,4,Positive,Positive
14616,Positive,Positive,5,5,Positive,Positive
14617,Positive,Positive,3,3,Neutral,Neutral
14618,Positive,Positive,5,5,Positive,Positive
14619,Positive,Positive,4,4,Positive,Positive
14620,Positive,Positive,5,5,Positive,Positive
14621,Positive,Positive,3,3,Neutral,Neutral
14622,Positive,Positive,5,5,Positive,Positive
14623,Negative,Negative,2,2,Negative,Negative
14624,Positive,Positive,5,5,Positive,Positive
14625,Positive,Positive,4,4,Positive,Positive
14626,Positive,Positive,5,5,Positive,Positive
14627,Positive,Positive,4,4,Positive,Positive
14628,Positive,Positive,4,4,Positive,Positive
14629,Positive,Positive,4,4,Positive,Positive
14630,Positive,Positive,4,4,Positive,Positive
14631,Positive,Positive,5,5,Positive,Positive
14632,Negative,Negative,4,4,Positive,Positive
14633,Positive,Positive,5,5,Positive,Positive
14634,Positive,Positive,5,5,Positive,Positive
14635,Positive,Positive,3,3,Neutral,Neutral
14636,Positive,Positive,4,4,Positive,Positive
14637,Positive,Positive,5,5,Positive,Positive
14638,Positive,Positive,5,5,Positive,Positive
14639,Positive,Positive,3,3,Neutral,Neutral
14640,Positive,Positive,3,3,Neutral,Neutral
14641,Positive,Positive,3,3,Neutral,Neutral
14642,Positive,Positive,5,5,Positive,Positive
14643,Positive,Positive,4,4,Positive,Positive
14644,Positive,Positive,4,4,Positive,Positive
14645,Positive,Positive,4,4,Positive,Positive
14646,Positive,Positive,5,5,Positive,Positive
14647,Positive,Positive,5,5,Positive,Positive
14648,Positive,Positive,4,4,Positive,Positive
14649,Positive,Positive,3,3,Neutral,Neutral
14650,Positive,Positive,4,4,Positive,Positive
14651,Positive,Positive,4,4,Positive,Positive
14652,Positive,Positive,5,5,Positive,Positive
14653,Positive,Positive,4,4,Positive,Positive
14654,Negative,Negative,2,2,Negative,Negative
14655,Positive,Positive,4,4,Positive,Positive
14656,Positive,Positive,3,3,Neutral,Neutral
14657,Positive,Positive,5,5,Positive,Positive
14658,Positive,Positive,3,3,Neutral,Neutral
14659,Positive,Positive,4,4,Positive,Positive
14660,Negative,Negative,4,4,Positive,Positive
14661,Positive,Positive,5,5,Positive,Positive
14662,Positive,Positive,5,5,Positive,Positive
14663,Positive,Positive,5,5,Positive,Positive
14664,Positive,Positive,3,3,Neutral,Neutral
14665,Positive,Positive,5,5,Positive,Positive
14666,Positive,Positive,5,5,Positive,Positive
14667,Positive,Positive,3,3,Neutral,Neutral
14668,Positive,Positive,5,5,Positive,Positive
14669,Positive,Positive,4,4,Positive,Positive
14670,Positive,Positive,4,4,Positive,Positive
14671,Positive,Positive,4,4,Positive,Positive
14672,Neutral,Neutral,1,1,Negative,Negative
14673,Positive,Positive,4,4,Positive,Positive
14674,Positive,Positive,3,3,Neutral,Neutral
14675,Positive,Positive,4,4,Positive,Positive
14676,Positive,Positive,5,5,Positive,Positive
14677,Positive,Positive,4,4,Positive,Positive
14678,Positive,Positive,5,5,Positive,Positive
14679,Positive,Positive,5,5,Positive,Positive
14680,Positive,Positive,5,5,Positive,Positive
14681,Positive,Positive,4,4,Positive,Positive
14682,Negative,Negative,3,3,Neutral,Neutral
14683,Positive,Positive,5,5,Positive,Positive
14684,Negative,Negative,1,1,Negative,Negative
14685,Positive,Positive,4,4,Positive,Positive
14686,Positive,Positive,2,2,Negative,Negative
14687,Positive,Positive,3,3,Neutral,Neutral
14688,Positive,Positive,5,5,Positive,Positive
14689,Positive,Positive,3,3,Neutral,Neutral
14690,Positive,Positive,5,5,Positive,Positive
14691,Positive,Positive,5,5,Positive,Positive
14692,Positive,Positive,4,4,Positive,Positive
14693,Positive,Positive,5,5,Positive,Positive
14694,Negative,Negative,3,3,Neutral,Neutral
14695,Positive,Positive,4,4,Positive,Positive
14696,Positive,Positive,5,5,Positive,Positive
14697,Positive,Positive,5,5,Positive,Positive
14698,Positive,Positive,4,4,Positive,Positive
14699,Positive,Positive,5,5,Positive,Positive
14700,Positive,Positive,5,5,Positive,Positive
14701,Positive,Positive,5,5,Positive,Positive
14702,Positive,Positive,4,4,Positive,Positive
14703,Positive,Positive,5,5,Positive,Positive
14704,Positive,Positive,5,5,Positive,Positive
14705,Positive,Positive,1,1,Negative,Negative
14706,Positive,Positive,5,5,Positive,Positive
14707,Positive,Positive,5,5,Positive,Positive
14708,Positive,Positive,5,5,Positive,Positive
14709,Positive,Positive,5,5,Positive,Positive
14710,Positive,Positive,5,5,Positive,Positive
14711,Positive,Positive,5,5,Positive,Positive
14712,Positive,Positive,5,5,Positive,Positive
14713,Positive,Positive,5,5,Positive,Positive
14714,Positive,Positive,4,4,Positive,Positive
14715,Positive,Positive,4,4,Positive,Positive
14716,Positive,Positive,4,4,Positive,Positive
14717,Positive,Positive,5,5,Positive,Positive
14718,Positive,Positive,4,4,Positive,Positive
14719,Positive,Positive,4,4,Positive,Positive
14720,Positive,Positive,5,5,Positive,Positive
14721,Positive,Positive,4,4,Positive,Positive
14722,Positive,Positive,4,4,Positive,Positive
14723,Positive,Positive,4,4,Positive,Positive
14724,Positive,Positive,4,4,Positive,Positive
14725,Negative,Negative,2,2,Negative,Negative
14726,Positive,Positive,5,5,Positive,Positive
14727,Positive,Positive,4,4,Positive,Positive
14728,Positive,Positive,4,4,Positive,Positive
14729,Negative,Negative,3,3,Neutral,Neutral
14730,Negative,Negative,3,3,Neutral,Neutral
14731,Positive,Positive,4,4,Positive,Positive
14732,Negative,Negative,2,2,Negative,Negative
14733,Positive,Positive,3,3,Neutral,Neutral
14734,Neutral,Neutral,3,3,Neutral,Neutral
14735,Negative,Negative,3,3,Neutral,Neutral
14736,Positive,Positive,4,4,Positive,Positive
14737,Negative,Negative,5,5,Positive,Positive
14738,Positive,Positive,4,4,Positive,Positive
14739,Positive,Positive,5,5,Positive,Positive
14740,Positive,Positive,3,3,Neutral,Neutral
14741,Positive,Positive,3,3,Neutral,Neutral
14742,Positive,Positive,5,5,Positive,Positive
14743,Positive,Positive,5,5,Positive,Positive
14744,Positive,Positive,4,4,Positive,Positive
14745,Positive,Positive,3,3,Neutral,Neutral
14746,Positive,Positive,5,5,Positive,Positive
14747,Positive,Positive,3,3,Neutral,Neutral
14748,Positive,Positive,4,4,Positive,Positive
14749,Positive,Positive,5,5,Positive,Positive
14750,Positive,Positive,4,4,Positive,Positive
14751,Positive,Positive,5,5,Positive,Positive
14752,Positive,Positive,5,5,Positive,Positive
14753,Positive,Positive,3,3,Neutral,Neutral
14754,Positive,Positive,5,5,Positive,Positive
14755,Positive,Positive,4,4,Positive,Positive
14756,Positive,Positive,4,4,Positive,Positive
14757,Positive,Positive,4,4,Positive,Positive
14758,Positive,Positive,5,5,Positive,Positive
14759,Positive,Positive,5,5,Positive,Positive
14760,Positive,Positive,5,5,Positive,Positive
14761,Negative,Negative,3,3,Neutral,Neutral
14762,Positive,Positive,3,3,Neutral,Neutral
14763,Negative,Negative,3,3,Neutral,Neutral
14764,Positive,Positive,5,5,Positive,Positive
14765,Positive,Positive,3,3,Neutral,Neutral
14766,Positive,Positive,4,4,Positive,Positive
14767,Positive,Positive,4,4,Positive,Positive
14768,Positive,Positive,3,3,Neutral,Neutral
14769,Positive,Positive,4,4,Positive,Positive
14770,Positive,Positive,3,3,Neutral,Neutral
14771,Positive,Positive,5,5,Positive,Positive
14772,Positive,Positive,5,5,Positive,Positive
14773,Positive,Positive,4,4,Positive,Positive
14774,Positive,Positive,4,4,Positive,Positive
14775,Positive,Positive,4,4,Positive,Positive
14776,Positive,Positive,4,4,Positive,Positive
14777,Positive,Positive,5,5,Positive,Positive
14778,Positive,Positive,5,5,Positive,Positive
14779,Positive,Positive,5,5,Positive,Positive
14780,Positive,Positive,5,5,Positive,Positive
14781,Positive,Positive,4,4,Positive,Positive
14782,Positive,Positive,4,4,Positive,Positive
14783,Positive,Positive,5,5,Positive,Positive
14784,Positive,Positive,3,3,Neutral,Neutral
14785,Positive,Positive,4,4,Positive,Positive
14786,Negative,Negative,4,4,Positive,Positive
14787,Positive,Positive,3,3,Neutral,Neutral
14788,Positive,Positive,3,3,Neutral,Neutral
14789,Positive,Positive,4,4,Positive,Positive
14790,Positive,Positive,5,5,Positive,Positive
14791,Positive,Positive,4,4,Positive,Positive
14792,Positive,Positive,5,5,Positive,Positive
14793,Negative,Negative,3,3,Neutral,Neutral
14794,Negative,Negative,3,3,Neutral,Neutral
14795,Positive,Positive,5,5,Positive,Positive
14796,Positive,Positive,5,5,Positive,Positive
14797,Positive,Positive,5,5,Positive,Positive
14798,Positive,Positive,4,4,Positive,Positive
14799,Positive,Positive,4,4,Positive,Positive
14800,Positive,Positive,5,5,Positive,Positive
14801,Positive,Positive,4,4,Positive,Positive
14802,Positive,Positive,5,5,Positive,Positive
14803,Positive,Positive,3,3,Neutral,Neutral
14804,Positive,Positive,3,3,Neutral,Neutral
14805,Positive,Positive,4,4,Positive,Positive
14806,Positive,Positive,5,5,Positive,Positive
14807,Negative,Negative,2,2,Negative,Negative
14808,Neutral,Neutral,3,3,Neutral,Neutral
14809,Positive,Positive,5,5,Positive,Positive
14810,Positive,Positive,5,5,Positive,Positive
14811,Positive,Positive,3,3,Neutral,Neutral
14812,Positive,Positive,3,3,Neutral,Neutral
14813,Positive,Positive,5,5,Positive,Positive
14814,Positive,Positive,5,5,Positive,Positive
14815,Positive,Positive,4,3,Positive,Neutral
14816,Positive,Positive,4,3,Positive,Neutral
14817,Negative,Negative,1,1,Negative,Negative
14818,Positive,Positive,4,4,Positive,Positive
14819,Neutral,Neutral,4,4,Positive,Positive
14820,Positive,Positive,5,5,Positive,Positive
14821,Positive,Positive,5,5,Positive,Positive
14822,Positive,Positive,5,5,Positive,Positive
14823,Positive,Positive,4,4,Positive,Positive
14824,Positive,Positive,4,4,Positive,Positive
14825,Positive,Positive,3,3,Neutral,Neutral
14826,Positive,Positive,4,4,Positive,Positive
14827,Positive,Positive,4,4,Positive,Positive
14828,Positive,Positive,4,4,Positive,Positive
14829,Positive,Positive,4,4,Positive,Positive
14830,Positive,Positive,4,4,Positive,Positive
14831,Positive,Positive,2,2,Negative,Negative
14832,Positive,Positive,4,4,Positive,Positive
14833,Positive,Positive,5,5,Positive,Positive
14834,Positive,Positive,5,5,Positive,Positive
14835,Positive,Positive,3,3,Neutral,Neutral
14836,Positive,Positive,4,4,Positive,Positive
14837,Positive,Positive,2,2,Negative,Negative
