row_id,raw_json
3816,"{""overall_sentiment"": ""Positive"", ""sentiment_score"": 5, ""emotional_tone"": ""Joy"", ""aspects"": {""safety"": ""Not_mentioned"", ""pricing"": ""Not_mentioned"", ""service"": ""Positive"", ""cleanliness"": ""Not_mentioned"", ""atmosphere"": ""Positive""}, ""problems"": [], ""economic_signals"": {""price_perception"": ""Not_mentioned"", ""recommendation"": ""Not_mentioned"", ""revisit_intention"": ""Not_mentioned""}, ""keywords"": [""brilliant experience"", ""medina"", ""cosy atmosphere"", ""market"", ""no aggressive vendors""]}"
2060,"{""overall_sentiment"": ""Negative"", ""sentiment_score"": 2, ""emotional_tone"": ""Frustration"", ""aspects"": {""safety"": ""Negative"", ""pricing"": ""Not_mentioned"", ""service"": ""Not_mentioned"", ""cleanliness"": ""Negative"", ""atmosphere"": ""Negative""}, ""problems"": [""Navigation_difficulty"", ""Bad_smell"", ""Safety""], ""economic_signals"": {""price_perception"": ""Not_mentioned"", ""recommendation"": ""No"", ""revisit_intention"": ""No""}, ""keywords"": [""challenging"", ""traffic"", ""scooters"", ""fumes"", ""dust""]}"
6071,"{""overall_sentiment"": ""Positive"", ""sentiment_score"": 4, ""emotional_tone"": ""Joy"", ""aspects"": {""safety"": ""Not_mentioned"", ""pricing"": ""Neutral"", ""service"": ""Not_mentioned"", ""cleanliness"": ""Not_mentioned"", ""atmosphere"": ""Positive""}, ""problems"": [""Navigation_difficulty"", ""High_prices""], ""economic_signals"": {""price_perception"": ""Expensive"", ""recommendation"": ""Yes"", ""revisit_intention"": ""Yes""}, ""keywords"": [""medina"", ""arts and crafts"", ""aromas"", ""haggling"", ""return""]}"
5479,"{""overall_sentiment"": ""Positive"", ""sentiment_score"": 4, ""emotional_tone"": ""Joy"", ""aspects"": {""safety"": ""Neutral"", ""pricing"": ""Not_mentioned"", ""service"": ""Neutral"", ""cleanliness"": ""Not_mentioned"", ""atmosphere"": ""Positive""}, ""problems"": [""Aggressive_vendors""], ""economic_signals"": {""price_perception"": ""Not_mentioned"", ""recommendation"": ""Yes"", ""revisit_intention"": ""Not_mentioned""}, ""keywords"": [""great place"", ""vendors"", ""sunset"", ""terrasse cafe"", ""Koutoubia mosque""]}"
9159,"{""overall_sentiment"": ""Negative"", ""sentiment_score"": 1, ""emotional_tone"": ""Frustration"", ""aspects"": {""safety"": ""Not_mentioned"", ""pricing"": ""Negative"", ""service"": ""Not_mentioned"", ""cleanliness"": ""Not_mentioned"", ""atmosphere"": ""Negative""}, ""problems"": [""Poor_condition"", ""High_prices""], ""economic_signals"": {""price_perception"": ""Expensive"", ""recommendation"": ""No"", ""revisit_intention"": ""No""}, ""keywords"": [""architecture"", ""empty rooms"", ""under construction"", ""expensive"", ""avoid""]}"
10622,"{""overall_sentiment"": ""Negative"", ""sentiment_score"": 2, ""emotional_tone"": ""Frustration"", ""aspects"": {""safety"": ""Not_mentioned"", ""pricing"": ""Negative"", ""service"": ""Not_mentioned"", ""cleanliness"": ""Neutral"", ""atmosphere"": ""Negative""}, ""problems"": [""Poor_condition"", ""High_prices""], ""economic_signals"": {""price_perception"": ""Expensive"", ""recommendation"": ""No"", ""revisit_intention"": ""No""}, ""keywords"": [""architecture"", ""empty rooms"", ""fountains"", ""renewal"", ""poor condition""]}"
12468,"{""overall_sentiment"": ""Positive"", ""sentiment_score"": 5, ""emotional_tone"": ""Joy"", ""aspects"": {""safety"": ""Not_mentioned"", ""pricing"": ""Not_mentioned"", ""service"": ""Not_mentioned"", ""cleanliness"": ""Not_mentioned"", ""atmosphere"": ""Positive""}, ""problems"": [], ""economic_signals"": {""price_perception"": ""Not_mentioned"", ""recommendation"": ""Yes"", ""revisit_intention"": ""Not_mentioned""}, ""keywords"": [""beautiful"", ""wood work"", ""mosaic"", ""stunning"", ""must visit""]}"
14536,"{""overall_sentiment"": ""Positive"", ""sentiment_score"": 4, ""emotional_tone"": ""Joy"", ""aspects"": {""safety"": ""Not_mentioned"", ""pricing"": ""Positive"", ""service"": ""Not_mentioned"", ""cleanliness"": ""Not_mentioned"", ""atmosphere"": ""Positive""}, ""problems"": [], ""economic_signals"": {""price_perception"": ""Cheap"", ""recommendation"": ""Yes"", ""revisit_intention"": ""Not_mentioned""}, ""keywords"": [""oasis"", ""peace"", ""spectacular"", ""ceilings"", ""10dh""]}"
10132,"{""overall_sentiment"": ""Neutral"", ""sentiment_score"": 3, ""emotional_tone"": ""Frustration"", ""aspects"": {""safety"": ""Not_mentioned"", ""pricing"": ""Neutral"", ""service"": ""Not_mentioned"", ""cleanliness"": ""Not_mentioned"", ""atmosphere"": ""Neutral""}, ""problems"": [""Poor_condition""], ""economic_signals"": {""price_perception"": ""Not_mentioned"", ""recommendation"": ""Not_mentioned"", ""revisit_intention"": ""Not_mentioned""}, ""keywords"": [""Bahia Palace"", ""ornaments"", ""gardens"", ""fountains"", ""furniture""]}"
13580,"{""overall_sentiment"": ""Positive"", ""sentiment_score"": 4, ""emotional_tone"": ""Joy"", ""aspects"": {""safety"": ""Not_mentioned"", ""pricing"": ""Positive"", ""service"": ""Not_mentioned"", ""cleanliness"": ""Not_mentioned"", ""atmosphere"": ""Positive""}, ""problems"": [], ""economic_signals"": {""price_perception"": ""Cheap"", ""recommendation"": ""Not_mentioned"", ""revisit_intention"": ""Not_mentioned""}, ""keywords"": [""easy to find"", ""10 dirrhams"", ""lovely building"", ""mosaics"", ""shade""]}"
380,"{""overall_sentiment"": ""Positive"", ""sentiment_score"": 5, ""emotional_tone"": ""Joy"", ""aspects"": {""safety"": ""Not_mentioned"", ""pricing"": ""Not_mentioned"", ""service"": ""Not_mentioned"", ""cleanliness"": ""Not_mentioned"", ""atmosphere"": ""Positive""}, ""problems"": [], ""economic_signals"": {""price_perception"": ""Not_mentioned"", ""recommendation"": ""Yes"", ""revisit_intention"": ""Not_mentioned""}, ""keywords"": [""must visit"", ""sights"", ""sounds"", ""smells"", ""shops"", ""enjoy""]}"
12549,"{""overall_sentiment"": ""Positive"", ""sentiment_score"": 5, ""emotional_tone"": ""Joy"", ""aspects"": {""safety"": ""Not_mentioned"", ""pricing"": ""Positive"", ""service"": ""Not_mentioned"", ""cleanliness"": ""Positive"", ""atmosphere"": ""Positive""}, ""problems"": [], ""economic_signals"": {""price_perception"": ""Cheap"", ""recommendation"": ""Yes"", ""revisit_intention"": ""Not_mentioned""}, ""keywords"": [""palace"", ""10Dh"", ""peaceful gardens"", ""well worth it"", ""loads to see""]}"
1190,"{""overall_sentiment"": ""Negative"", ""sentiment_score"": 1, ""emotional_tone"": ""Anger"", ""aspects"": {""safety"": ""Negative"", ""pricing"": ""Not_mentioned"", ""service"": ""Negative"", ""cleanliness"": ""Not_mentioned"", ""atmosphere"": ""Negative""}, ""problems"": [""Aggressive_vendors"", ""Scam"", ""Safety""], ""economic_signals"": {""price_perception"": ""Not_mentioned"", ""recommendation"": ""No"", ""revisit_intention"": ""No""}, ""keywords"": [""unpleasant"", ""aggressive beggars"", ""animal cruelty"", ""scams"", ""spoil holiday""]}"
11687,"{""overall_sentiment"": ""Positive"", ""sentiment_score"": 5, ""emotional_tone"": ""Joy"", ""aspects"": {""safety"": ""Not_mentioned"", ""pricing"": ""Positive"", ""service"": ""Not_mentioned"", ""cleanliness"": ""Not_mentioned"", ""atmosphere"": ""Positive""}, ""problems"": [], ""economic_signals"": {""price_perception"": ""Cheap"", ""recommendation"": ""Yes"", ""revisit_intention"": ""Not_mentioned""}, ""keywords"": [""stunning"", ""elegant"", ""historic"", ""architecture"", ""inexpensive""]}"
10965,"{""overall_sentiment"": ""Positive"", ""sentiment_score"": 4, ""emotional_tone"": ""Neutral"", ""aspects"": {""safety"": ""Not_mentioned"", ""pricing"": ""Not_mentioned"", ""service"": ""Not_mentioned"", ""cleanliness"": ""Not_mentioned"", ""atmosphere"": ""Positive""}, ""problems"": [], ""economic_signals"": {""price_perception"": ""Not_mentioned"", ""recommendation"": ""Not_mentioned"", ""revisit_intention"": ""Not_mentioned""}, ""keywords"": [""Bahia Palace"", ""historical"", ""architecture"", ""history"", ""nature""]}"
8023,"{""overall_sentiment"": ""Negative"", ""sentiment_score"": 1, ""emotional_tone"": ""Disgust"", ""aspects"": {""safety"": ""Negative"", ""pricing"": ""Not_mentioned"", ""service"": ""Negative"", ""cleanliness"": ""Negative"", ""atmosphere"": ""Negative""}, ""problems"": [""Poor_cleanliness"", ""Scam"", ""Safety""], ""economic_signals"": {""price_perception"": ""Not_mentioned"", ""recommendation"": ""No"", ""revisit_intention"": ""No""}, ""keywords"": [""dirty"", ""thieving"", ""untrustworthy"", ""downtrodden"", ""taking advantage""]}"
5833,"{""overall_sentiment"": ""Negative"", ""sentiment_score"": 1, ""emotional_tone"": ""Fear"", ""aspects"": {""safety"": ""Negative"", ""pricing"": ""Not_mentioned"", ""service"": ""Not_mentioned"", ""cleanliness"": ""Not_mentioned"", ""atmosphere"": ""Negative""}, ""problems"": [""Safety"", ""Scam""], ""economic_signals"": {""price_perception"": ""Not_mentioned"", ""recommendation"": ""No"", ""revisit_intention"": ""No""}, ""keywords"": [""snatcher"", ""motorbike"", ""grabbed bag"", ""safety"", ""common""]}"
2542,"{""overall_sentiment"": ""Positive"", ""sentiment_score"": 4, ""emotional_tone"": ""Joy"", ""aspects"": {""safety"": ""Not_mentioned"", ""pricing"": ""Neutral"", ""service"": ""Not_mentioned"", ""cleanliness"": ""Positive"", ""atmosphere"": ""Positive""}, ""problems"": [""Overcrowding""], ""economic_signals"": {""price_perception"": ""Not_mentioned"", ""recommendation"": ""Yes"", ""revisit_intention"": ""Not_mentioned""}, ""keywords"": [""great time"", ""clean"", ""busy"", ""worth"", ""wandering""]}"
13482,"{""overall_sentiment"": ""Positive"", ""sentiment_score"": 5, ""emotional_tone"": ""Joy"", ""aspects"": {""safety"": ""Not_mentioned"", ""pricing"": ""Not_mentioned"", ""service"": ""Not_mentioned"", ""cleanliness"": ""Not_mentioned"", ""atmosphere"": ""Positive""}, ""problems"": [], ""economic_signals"": {""price_perception"": ""Not_mentioned"", ""recommendation"": ""Yes"", ""revisit_intention"": ""Not_mentioned""}, ""keywords"": [""must visit"", ""stunning"", ""mosaic work"", ""palace""]}"
10116,"{""overall_sentiment"": ""Neutral"", ""sentiment_score"": 3, ""emotional_tone"": ""Frustration"", ""aspects"": {""safety"": ""Not_mentioned"", ""pricing"": ""Negative"", ""service"": ""Negative"", ""cleanliness"": ""Not_mentioned"", ""atmosphere"": ""Neutral""}, ""problems"": [""High_prices"", ""Scam""], ""economic_signals"": {""price_perception"": ""Not_mentioned"", ""recommendation"": ""Not_mentioned"", ""revisit_intention"": ""Not_mentioned""}, ""keywords"": [""Bahia Palace"", ""tour"", ""ticket"", ""not included"", ""something to do""]}"
8678,"{""overall_sentiment"": ""Negative"", ""sentiment_score"": 1, ""emotional_tone"": ""Anger"", ""aspects"": {""safety"": ""Negative"", ""pricing"": ""Negative"", ""service"": ""Negative"", ""cleanliness"": ""Negative"", ""atmosphere"": ""Negative""}, ""problems"": [""Aggressive_vendors"", ""Scam"", ""Safety""], ""economic_signals"": {""price_perception"": ""Expensive"", ""recommendation"": ""No"", ""revisit_intention"": ""No""}, ""keywords"": [""hassle"", ""rip offs"", ""motorbikes"", ""dirty"", ""hated""]}"
1669,"{""overall_sentiment"": ""Neutral"", ""sentiment_score"": 3, ""emotional_tone"": ""Neutral"", ""aspects"": {""safety"": ""Neutral"", ""pricing"": ""Not_mentioned"", ""service"": ""Negative"", ""cleanliness"": ""Not_mentioned"", ""atmosphere"": ""Positive""}, ""problems"": [""Aggressive_vendors""], ""economic_signals"": {""price_perception"": ""Not_mentioned"", ""recommendation"": ""Yes"", ""revisit_intention"": ""Not_mentioned""}, ""keywords"": [""energy"", ""joy"", ""chaos"", ""snake charmer"", ""monkeys""]}"
1713,"{""overall_sentiment"": ""Positive"", ""sentiment_score"": 4, ""emotional_tone"": ""Joy"", ""aspects"": {""safety"": ""Neutral"", ""pricing"": ""Neutral"", ""service"": ""Negative"", ""cleanliness"": ""Not_mentioned"", ""atmosphere"": ""Positive""}, ""problems"": [""Aggressive_vendors""], ""economic_signals"": {""price_perception"": ""Not_mentioned"", ""recommendation"": ""Yes"", ""revisit_intention"": ""Not_mentioned""}, ""keywords"": [""nice place"", ""wander"", ""market stalls"", ""photos"", ""hawkers""]}"
14604,"{""overall_sentiment"": ""Positive"", ""sentiment_score"": 5, ""emotional_tone"": ""Joy"", ""aspects"": {""safety"": ""Not_mentioned"", ""pricing"": ""Not_mentioned"", ""service"": ""Positive"", ""cleanliness"": ""Not_mentioned"", ""atmosphere"": ""Positive""}, ""problems"": [], ""economic_signals"": {""price_perception"": ""Not_mentioned"", ""recommendation"": ""Yes"", ""revisit_intention"": ""Not_mentioned""}, ""keywords"": [""guide"", ""beautiful architecture"", ""courtyard"", ""history"", ""worth a visit""]}"
934,"{""overall_sentiment"": ""Neutral"", ""sentiment_score"": 3, ""emotional_tone"": ""Neutral"", ""aspects"": {""safety"": ""Neutral"", ""pricing"": ""Neutral"", ""service"": ""Negative"", ""cleanliness"": ""Not_mentioned"", ""atmosphere"": ""Neutral""}, ""problems"": [""Overcrowding"", ""Aggressive_vendors"", ""Navigation_difficulty""], ""economic_signals"": {""price_perception"": ""Not_mentioned"", ""recommendation"": ""Not_mentioned"", ""revisit_intention"": ""Not_mentioned""}, ""keywords"": [""Medina"", ""busy"", ""safe"", ""negotiate"", ""lost""]}"
2168,"{""overall_sentiment"": ""Neutral"", ""sentiment_score"": 2, ""emotional_tone"": ""Frustration"", ""aspects"": {""safety"": ""Not_mentioned"", ""pricing"": ""Not_mentioned"", ""service"": ""Negative"", ""cleanliness"": ""Not_mentioned"", ""atmosphere"": ""Neutral""}, ""problems"": [""Navigation_difficulty"", ""Aggressive_vendors""], ""economic_signals"": {""price_perception"": ""Not_mentioned"", ""recommendation"": ""Not_mentioned"", ""revisit_intention"": ""Not_mentioned""}, ""keywords"": [""market"", ""tourist stuff"", ""lost"", ""pushing"", ""annoying""]}"
4085,"{""overall_sentiment"": ""Positive"", ""sentiment_score"": 4, ""emotional_tone"": ""Joy"", ""aspects"": {""safety"": ""Neutral"", ""pricing"": ""Not_mentioned"", ""service"": ""Not_mentioned"", ""cleanliness"": ""Not_mentioned"", ""atmosphere"": ""Positive""}, ""problems"": [""Other""], ""economic_signals"": {""price_perception"": ""Not_mentioned"", ""recommendation"": ""Yes"", ""revisit_intention"": ""Not_mentioned""}, ""keywords"": [""souks"", ""sites"", ""guided tour"", ""narrow streets"", ""mopeds""]}"
10863,"{""overall_sentiment"": ""Negative"", ""sentiment_score"": 2, ""emotional_tone"": ""Disgust"", ""aspects"": {""safety"": ""Not_mentioned"", ""pricing"": ""Negative"", ""service"": ""Neutral"", ""cleanliness"": ""Negative"", ""atmosphere"": ""Negative""}, ""problems"": [""High_prices"", ""Poor_condition""], ""economic_signals"": {""price_perception"": ""Expensive"", ""recommendation"": ""No"", ""revisit_intention"": ""No""}, ""keywords"": [""poorly maintained"", ""entrance fee"", ""expensive"", ""tiles"", ""not convinced""]}"
6376,"{""overall_sentiment"": ""Positive"", ""sentiment_score"": 4, ""emotional_tone"": ""Joy"", ""aspects"": {""safety"": ""Neutral"", ""pricing"": ""Negative"", ""service"": ""Negative"", ""cleanliness"": ""Not_mentioned"", ""atmosphere"": ""Positive""}, ""problems"": [""Aggressive_vendors"", ""Scam"", ""Other""], ""economic_signals"": {""price_perception"": ""Not_mentioned"", ""recommendation"": ""Yes"", ""revisit_intention"": ""Not_mentioned""}, ""keywords"": [""loved it"", ""madness"", ""good food"", ""friendly people"", ""henna""]}"
6983,"{""overall_sentiment"": ""Negative"", ""sentiment_score"": 1, ""emotional_tone"": ""Disgust"", ""aspects"": {""safety"": ""Negative"", ""pricing"": ""Negative"", ""service"": ""Negative"", ""cleanliness"": ""Negative"", ""atmosphere"": ""Negative""}, ""problems"": [""Aggressive_vendors"", ""Poor_cleanliness"", ""High_prices""], ""economic_signals"": {""price_perception"": ""Expensive"", ""recommendation"": ""No"", ""revisit_intention"": ""No""}, ""keywords"": [""pushy"", ""demanding money"", ""smelled bad"", ""dirty"", ""expensive""]}"
11083,"{""overall_sentiment"": ""Negative"", ""sentiment_score"": 2, ""emotional_tone"": ""Frustration"", ""aspects"": {""safety"": ""Not_mentioned"", ""pricing"": ""Not_mentioned"", ""service"": ""Negative"", ""cleanliness"": ""Not_mentioned"", ""atmosphere"": ""Neutral""}, ""problems"": [""Lack_of_information""], ""economic_signals"": {""price_perception"": ""Not_mentioned"", ""recommendation"": ""No"", ""revisit_intention"": ""Not_mentioned""}, ""keywords"": [""no translation"", ""French"", ""Google Translate"", ""tiling""]}"
6219,"{""overall_sentiment"": ""Negative"", ""sentiment_score"": 1, ""emotional_tone"": ""Anger"", ""aspects"": {""safety"": ""Negative"", ""pricing"": ""Negative"", ""service"": ""Negative"", ""cleanliness"": ""Not_mentioned"", ""atmosphere"": ""Negative""}, ""problems"": [""Aggressive_vendors"", ""High_prices""], ""economic_signals"": {""price_perception"": ""Expensive"", ""recommendation"": ""No"", ""revisit_intention"": ""No""}, ""keywords"": [""hated"", ""traders"", ""harassment"", ""money trees"", ""ruined""]}"
1758,"{""overall_sentiment"": ""Negative"", ""sentiment_score"": 1, ""emotional_tone"": ""Anger"", ""aspects"": {""safety"": ""Negative"", ""pricing"": ""Negative"", ""service"": ""Negative"", ""cleanliness"": ""Not_mentioned"", ""atmosphere"": ""Negative""}, ""problems"": [""Safety"", ""Scam"", ""Navigation_difficulty""], ""economic_signals"": {""price_perception"": ""Expensive"", ""recommendation"": ""No"", ""revisit_intention"": ""No""}, ""keywords"": [""pickpocketing"", ""police"", ""bribing"", ""lost"", ""unsafe""]}"
10276,"{""overall_sentiment"": ""Neutral"", ""sentiment_score"": 3, ""emotional_tone"": ""Frustration"", ""aspects"": {""safety"": ""Not_mentioned"", ""pricing"": ""Negative"", ""service"": ""Negative"", ""cleanliness"": ""Not_mentioned"", ""atmosphere"": ""Neutral""}, ""problems"": [""Lack_of_information"", ""High_prices""], ""economic_signals"": {""price_perception"": ""Expensive"", ""recommendation"": ""Not_mentioned"", ""revisit_intention"": ""Not_mentioned""}, ""keywords"": [""missing information"", ""no signs"", ""tour guide"", ""pay extra"", ""guesswork""]}"
1632,"{""overall_sentiment"": ""Negative"", ""sentiment_score"": 2, ""emotional_tone"": ""Neutral"", ""aspects"": {""safety"": ""Negative"", ""pricing"": ""Negative"", ""service"": ""Not_mentioned"", ""cleanliness"": ""Not_mentioned"", ""atmosphere"": ""Negative""}, ""problems"": [""Overcrowding"", ""Safety"", ""High_prices""], ""economic_signals"": {""price_perception"": ""Expensive"", ""recommendation"": ""No"", ""revisit_intention"": ""No""}, ""keywords"": [""not interesting"", ""crowded"", ""scary"", ""bland food"", ""expensive""]}"
12488,"{""overall_sentiment"": ""Positive"", ""sentiment_score"": 5, ""emotional_tone"": ""Joy"", ""aspects"": {""safety"": ""Not_mentioned"", ""pricing"": ""Positive"", ""service"": ""Not_mentioned"", ""cleanliness"": ""Not_mentioned"", ""atmosphere"": ""Positive""}, ""problems"": [], ""economic_signals"": {""price_perception"": ""Cheap"", ""recommendation"": ""Yes"", ""revisit_intention"": ""Not_mentioned""}, ""keywords"": [""best spent"", ""captivating"", ""must see"", ""loved"", ""Marrakech""]}"
2949,"{""overall_sentiment"": ""Neutral"", ""sentiment_score"": 3, ""emotional_tone"": ""Frustration"", ""aspects"": {""safety"": ""Negative"", ""pricing"": ""Not_mentioned"", ""service"": ""Not_mentioned"", ""cleanliness"": ""Negative"", ""atmosphere"": ""Neutral""}, ""problems"": [""Other (Motorcycle traffic)"", ""Bad_smell""], ""economic_signals"": {""price_perception"": ""Not_mentioned"", ""recommendation"": ""Not_mentioned"", ""revisit_intention"": ""Not_mentioned""}, ""keywords"": [""dealers"", ""bustling"", ""motorcycles"", ""toxic fumes"", ""less pleasant""]}"
2574,"{""overall_sentiment"": ""Negative"", ""sentiment_score"": 1, ""emotional_tone"": ""Disgust"", ""aspects"": {""safety"": ""Negative"", ""pricing"": ""Not_mentioned"", ""service"": ""Not_mentioned"", ""cleanliness"": ""Negative"", ""atmosphere"": ""Negative""}, ""problems"": [""Bad_smell"", ""Poor_cleanliness"", ""Animal_cruelty""], ""economic_signals"": {""price_perception"": ""Not_mentioned"", ""recommendation"": ""No"", ""revisit_intention"": ""No""}, ""keywords"": [""overwhelming smell"", ""cat urine"", ""garbage"", ""flies"", ""abused animals""]}"
3025,"{""overall_sentiment"": ""Negative"", ""sentiment_score"": 1, ""emotional_tone"": ""Sadness"", ""aspects"": {""safety"": ""Negative"", ""pricing"": ""Not_mentioned"", ""service"": ""Not_mentioned"", ""cleanliness"": ""Not_mentioned"", ""atmosphere"": ""Negative""}, ""problems"": [""Animal_cruelty""], ""economic_signals"": {""price_perception"": ""Not_mentioned"", ""recommendation"": ""No"", ""revisit_intention"": ""Not_mentioned""}, ""keywords"": [""sickened"", ""horse"", ""cruelty"", ""whipped"", ""sad""]}"
3505,"{""overall_sentiment"": ""Neutral"", ""sentiment_score"": 3, ""emotional_tone"": ""Frustration"", ""aspects"": {""safety"": ""Negative"", ""pricing"": ""Not_mentioned"", ""service"": ""Negative"", ""cleanliness"": ""Negative"", ""atmosphere"": ""Neutral""}, ""problems"": [""Aggressive_vendors"", ""Bad_smell""], ""economic_signals"": {""price_perception"": ""Not_mentioned"", ""recommendation"": ""Not_mentioned"", ""revisit_intention"": ""Not_mentioned""}, ""keywords"": [""hassle"", ""rude locals"", ""shopping"", ""smell"", ""perfume""]}"
9526,"{""overall_sentiment"": ""Positive"", ""sentiment_score"": 4, ""emotional_tone"": ""Joy"", ""aspects"": {""safety"": ""Not_mentioned"", ""pricing"": ""Not_mentioned"", ""service"": ""Neutral"", ""cleanliness"": ""Not_mentioned"", ""atmosphere"": ""Positive""}, ""problems"": [""Poor_condition""], ""economic_signals"": {""price_perception"": ""Not_mentioned"", ""recommendation"": ""Yes"", ""revisit_intention"": ""Not_mentioned""}, ""keywords"": [""must visit"", ""stunning"", ""history"", ""tour"", ""closed courtyard""]}"
4020,"{""overall_sentiment"": ""Negative"", ""sentiment_score"": 2, ""emotional_tone"": ""Disgust"", ""aspects"": {""safety"": ""Not_mentioned"", ""pricing"": ""Negative"", ""service"": ""Negative"", ""cleanliness"": ""Negative"", ""atmosphere"": ""Negative""}, ""problems"": [""Aggressive_vendors"", ""High_prices"", ""Poor_condition""], ""economic_signals"": {""price_perception"": ""Expensive"", ""recommendation"": ""No"", ""revisit_intention"": ""No""}, ""keywords"": [""pushy"", ""food stalls"", ""disgusting"", ""high prices"", ""awful experience""]}"
216,"{""overall_sentiment"": ""Negative"", ""sentiment_score"": 1, ""emotional_tone"": ""Disgust"", ""aspects"": {""safety"": ""Negative"", ""pricing"": ""Not_mentioned"", ""service"": ""Not_mentioned"", ""cleanliness"": ""Negative"", ""atmosphere"": ""Negative""}, ""problems"": [""Safety"", ""Poor_cleanliness"", ""Animal_cruelty""], ""economic_signals"": {""price_perception"": ""Not_mentioned"", ""recommendation"": ""No"", ""revisit_intention"": ""No""}, ""keywords"": [""disgusting"", ""unsafe"", ""dirty"", ""smelly"", ""animal cruelty""]}"
13493,"{""overall_sentiment"": ""Neutral"", ""sentiment_score"": 3, ""emotional_tone"": ""Neutral"", ""aspects"": {""safety"": ""Not_mentioned"", ""pricing"": ""Not_mentioned"", ""service"": ""Not_mentioned"", ""cleanliness"": ""Not_mentioned"", ""atmosphere"": ""Neutral""}, ""problems"": [], ""economic_signals"": {""price_perception"": ""Not_mentioned"", ""recommendation"": ""No"", ""revisit_intention"": ""Not_mentioned""}, ""keywords"": [""pretty enough"", ""riad"", ""Moroccan house"", ""average""]}"
9124,"{""overall_sentiment"": ""Negative"", ""sentiment_score"": 1, ""emotional_tone"": ""Frustration"", ""aspects"": {""safety"": ""Not_mentioned"", ""pricing"": ""Negative"", ""service"": ""Negative"", ""cleanliness"": ""Not_mentioned"", ""atmosphere"": ""Negative""}, ""problems"": [""High_prices"", ""Overcrowding"", ""Poor_condition""], ""economic_signals"": {""price_perception"": ""Expensive"", ""recommendation"": ""No"", ""revisit_intention"": ""No""}, ""keywords"": [""expensive"", ""payment issues"", ""crowded"", ""renovation"", ""not worth it""]}"
2918,"{""overall_sentiment"": ""Positive"", ""sentiment_score"": 5, ""emotional_tone"": ""Joy"", ""aspects"": {""safety"": ""Not_mentioned"", ""pricing"": ""Not_mentioned"", ""service"": ""Positive"", ""cleanliness"": ""Not_mentioned"", ""atmosphere"": ""Positive""}, ""problems"": [], ""economic_signals"": {""price_perception"": ""Not_mentioned"", ""recommendation"": ""Yes"", ""revisit_intention"": ""Not_mentioned""}, ""keywords"": [""guide"", ""highlights"", ""recommendation"", ""history"", ""customs""]}"
1840,"{""overall_sentiment"": ""Negative"", ""sentiment_score"": 1, ""emotional_tone"": ""Frustration"", ""aspects"": {""safety"": ""Not_mentioned"", ""pricing"": ""Not_mentioned"", ""service"": ""Not_mentioned"", ""cleanliness"": ""Negative"", ""atmosphere"": ""Negative""}, ""problems"": [""Bad_smell"", ""Overcrowding""], ""economic_signals"": {""price_perception"": ""Not_mentioned"", ""recommendation"": ""No"", ""revisit_intention"": ""No""}, ""keywords"": [""last visit"", ""smoking scooters"", ""unbearable"", ""not recommend""]}"
1973,"{""overall_sentiment"": ""Negative"", ""sentiment_score"": 1, ""emotional_tone"": ""Disgust"", ""aspects"": {""safety"": ""Not_mentioned"", ""pricing"": ""Not_mentioned"", ""service"": ""Not_mentioned"", ""cleanliness"": ""Negative"", ""atmosphere"": ""Negative""}, ""problems"": [""Bad_smell"", ""Overcrowding"", ""Poor_condition""], ""economic_signals"": {""price_perception"": ""Not_mentioned"", ""recommendation"": ""No"", ""revisit_intention"": ""No""}, ""keywords"": [""skip Marrakech"", ""polluted"", ""motorcycles"", ""dust"", ""narrow streets""]}"
9477,"{""overall_sentiment"": ""Neutral"", ""sentiment_score"": 3, ""emotional_tone"": ""Neutral"", ""aspects"": {""safety"": ""Not_mentioned"", ""pricing"": ""Not_mentioned"", ""service"": ""Negative"", ""cleanliness"": ""Not_mentioned"", ""atmosphere"": ""Negative""}, ""problems"": [""Overcrowding"", ""Navigation_difficulty""], ""economic_signals"": {""price_perception"": ""Not_mentioned"", ""recommendation"": ""No"", ""revisit_intention"": ""Not_mentioned""}, ""keywords"": [""interesting"", ""crowded"", ""no information"", ""not recommended kids""]}"
248,"{""overall_sentiment"": ""Negative"", ""sentiment_score"": 1, ""emotional_tone"": ""Disgust"", ""aspects"": {""safety"": ""Not_mentioned"", ""pricing"": ""Negative"", ""service"": ""Negative"", ""cleanliness"": ""Negative"", ""atmosphere"": ""Negative""}, ""problems"": [""Aggressive_vendors"", ""High_prices"", ""Bad_smell""], ""economic_signals"": {""price_perception"": ""Expensive"", ""recommendation"": ""No"", ""revisit_intention"": ""No""}, ""keywords"": [""souk"", ""expensive"", ""polluted"", ""overcrowded"", ""unbreathable air""]}"
6116,"{""overall_sentiment"": ""Neutral"", ""sentiment_score"": 2, ""emotional_tone"": ""Neutral"", ""aspects"": {""safety"": ""Not_mentioned"", ""pricing"": ""Not_mentioned"", ""service"": ""Not_mentioned"", ""cleanliness"": ""Negative"", ""atmosphere"": ""Negative""}, ""problems"": [""Overcrowding"", ""Bad_smell"", ""Other""], ""economic_signals"": {""price_perception"": ""Not_mentioned"", ""recommendation"": ""No"", ""revisit_intention"": ""Not_mentioned""}, ""keywords"": [""crowds"", ""noise"", ""smells"", ""not clean"", ""motorcyclists""]}"
11155,"{""overall_sentiment"": ""Positive"", ""sentiment_score"": 3, ""emotional_tone"": ""Neutral"", ""aspects"": {""safety"": ""Not_mentioned"", ""pricing"": ""Not_mentioned"", ""service"": ""Not_mentioned"", ""cleanliness"": ""Not_mentioned"", ""atmosphere"": ""Positive""}, ""problems"": [], ""economic_signals"": {""price_perception"": ""Not_mentioned"", ""recommendation"": ""Not_mentioned"", ""revisit_intention"": ""Not_mentioned""}, ""keywords"": [""Palais Bahia"", ""imposing"", ""Medina"", ""decoration"", ""craftsmen""]}"
499,"{""overall_sentiment"": ""Negative"", ""sentiment_score"": 2, ""emotional_tone"": ""Frustration"", ""aspects"": {""safety"": ""Negative"", ""pricing"": ""Negative"", ""service"": ""Negative"", ""cleanliness"": ""Not_mentioned"", ""atmosphere"": ""Negative""}, ""problems"": [""Scam"", ""Aggressive_vendors"", ""High_prices""], ""economic_signals"": {""price_perception"": ""Expensive"", ""recommendation"": ""No"", ""revisit_intention"": ""No""}, ""keywords"": [""remarkable"", ""scam"", ""snake charmers"", ""aggressive"", ""overpriced""]}"
3685,"{""overall_sentiment"": ""Positive"", ""sentiment_score"": 4, ""emotional_tone"": ""Joy"", ""aspects"": {""safety"": ""Not_mentioned"", ""pricing"": ""Not_mentioned"", ""service"": ""Negative"", ""cleanliness"": ""Not_mentioned"", ""atmosphere"": ""Positive""}, ""problems"": [""Aggressive_vendors""], ""economic_signals"": {""price_perception"": ""Not_mentioned"", ""recommendation"": ""Yes"", ""revisit_intention"": ""Not_mentioned""}, ""keywords"": [""great shopping"", ""hassle"", ""spectacular"", ""main square""]}"
13320,"{""overall_sentiment"": ""Positive"", ""sentiment_score"": 4, ""emotional_tone"": ""Joy"", ""aspects"": {""safety"": ""Not_mentioned"", ""pricing"": ""Not_mentioned"", ""service"": ""Not_mentioned"", ""cleanliness"": ""Not_mentioned"", ""atmosphere"": ""Positive""}, ""problems"": [], ""economic_signals"": {""price_perception"": ""Not_mentioned"", ""recommendation"": ""Yes"", ""revisit_intention"": ""Not_mentioned""}, ""keywords"": [""beautiful place"", ""carvings"", ""lovely"", ""history""]}"
1457,"{""overall_sentiment"": ""Negative"", ""sentiment_score"": 1, ""emotional_tone"": ""Fear"", ""aspects"": {""safety"": ""Negative"", ""pricing"": ""Not_mentioned"", ""service"": ""Negative"", ""cleanliness"": ""Not_mentioned"", ""atmosphere"": ""Negative""}, ""problems"": [""Safety"", ""Aggressive_vendors"", ""Scam""], ""economic_signals"": {""price_perception"": ""Not_mentioned"", ""recommendation"": ""No"", ""revisit_intention"": ""No""}, ""keywords"": [""unsafe"", ""hassled"", ""demanded money"", ""gang"", ""bad experiences""]}"
12066,"{""overall_sentiment"": ""Positive"", ""sentiment_score"": 5, ""emotional_tone"": ""Joy"", ""aspects"": {""safety"": ""Not_mentioned"", ""pricing"": ""Not_mentioned"", ""service"": ""Not_mentioned"", ""cleanliness"": ""Not_mentioned"", ""atmosphere"": ""Positive""}, ""problems"": [], ""economic_signals"": {""price_perception"": ""Not_mentioned"", ""recommendation"": ""Yes"", ""revisit_intention"": ""Yes""}, ""keywords"": [""moved me"", ""architectural dream"", ""amazing mosaics"", ""astonishing"", ""worth visiting again""]}"
13861,"{""overall_sentiment"": ""Positive"", ""sentiment_score"": 4, ""emotional_tone"": ""Joy"", ""aspects"": {""safety"": ""Not_mentioned"", ""pricing"": ""Positive"", ""service"": ""Positive"", ""cleanliness"": ""Not_mentioned"", ""atmosphere"": ""Positive""}, ""problems"": [""Overcrowding""], ""economic_signals"": {""price_perception"": ""Cheap"", ""recommendation"": ""Yes"", ""revisit_intention"": ""Not_mentioned""}, ""keywords"": [""worth a visit"", ""ornate"", ""beautiful"", ""superb value"", ""guides""]}"
4231,"{""overall_sentiment"": ""Negative"", ""sentiment_score"": 2, ""emotional_tone"": ""Frustration"", ""aspects"": {""safety"": ""Not_mentioned"", ""pricing"": ""Neutral"", ""service"": ""Negative"", ""cleanliness"": ""Not_mentioned"", ""atmosphere"": ""Negative""}, ""problems"": [""Aggressive_vendors"", ""Scam"", ""High_prices""], ""economic_signals"": {""price_perception"": ""Expensive"", ""recommendation"": ""No"", ""revisit_intention"": ""Not_mentioned""}, ""keywords"": [""traders"", ""negotiate"", ""ask for money"", ""scam"", ""brazen""]}"
5268,"{""overall_sentiment"": ""Neutral"", ""sentiment_score"": 3, ""emotional_tone"": ""Neutral"", ""aspects"": {""safety"": ""Not_mentioned"", ""pricing"": ""Not_mentioned"", ""service"": ""Negative"", ""cleanliness"": ""Not_mentioned"", ""atmosphere"": ""Positive""}, ""problems"": [""Navigation_difficulty"", ""Aggressive_vendors""], ""economic_signals"": {""price_perception"": ""Not_mentioned"", ""recommendation"": ""Yes"", ""revisit_intention"": ""Not_mentioned""}, ""keywords"": [""Medina"", ""character"", ""history"", ""navigation difficulty"", ""hassling""]}"
11720,"{""overall_sentiment"": ""Neutral"", ""sentiment_score"": 3, ""emotional_tone"": ""Frustration"", ""aspects"": {""safety"": ""Not_mentioned"", ""pricing"": ""Positive"", ""service"": ""Not_mentioned"", ""cleanliness"": ""Not_mentioned"", ""atmosphere"": ""Negative""}, ""problems"": [""Poor_condition""], ""economic_signals"": {""price_perception"": ""Cheap"", ""recommendation"": ""Not_mentioned"", ""revisit_intention"": ""No""}, ""keywords"": [""Bahia palace"", ""10 dirhams"", ""disappointment"", ""bland"", ""worth visit""]}"
12664,"{""overall_sentiment"": ""Positive"", ""sentiment_score"": 4, ""emotional_tone"": ""Joy"", ""aspects"": {""safety"": ""Not_mentioned"", ""pricing"": ""Not_mentioned"", ""service"": ""Not_mentioned"", ""cleanliness"": ""Not_mentioned"", ""atmosphere"": ""Positive""}, ""problems"": [], ""economic_signals"": {""price_perception"": ""Not_mentioned"", ""recommendation"": ""Yes"", ""revisit_intention"": ""Not_mentioned""}, ""keywords"": [""ceilings"", ""amazing"", ""worth a visit"", ""detail""]}"
13160,"{""overall_sentiment"": ""Neutral"", ""sentiment_score"": 3, ""emotional_tone"": ""Neutral"", ""aspects"": {""safety"": ""Not_mentioned"", ""pricing"": ""Not_mentioned"", ""service"": ""Not_mentioned"", ""cleanliness"": ""Not_mentioned"", ""atmosphere"": ""Positive""}, ""problems"": [], ""economic_signals"": {""price_perception"": ""Not_mentioned"", ""recommendation"": ""Yes"", ""revisit_intention"": ""Not_mentioned""}, ""keywords"": [""mosaics"", ""beautiful"", ""nice break"", ""Marrakech""]}"
13581,"{""overall_sentiment"": ""Positive"", ""sentiment_score"": 4, ""emotional_tone"": ""Joy"", ""aspects"": {""safety"": ""Not_mentioned"", ""pricing"": ""Not_mentioned"", ""service"": ""Positive"", ""cleanliness"": ""Not_mentioned"", ""atmosphere"": ""Positive""}, ""problems"": [], ""economic_signals"": {""price_perception"": ""Not_mentioned"", ""recommendation"": ""Yes"", ""revisit_intention"": ""Not_mentioned""}, ""keywords"": [""guide"", ""interesting"", ""ceilings"", ""visit""]}"
9500,"{""overall_sentiment"": ""Negative"", ""sentiment_score"": 1, ""emotional_tone"": ""Anger"", ""aspects"": {""safety"": ""Not_mentioned"", ""pricing"": ""Not_mentioned"", ""service"": ""Negative"", ""cleanliness"": ""Not_mentioned"", ""atmosphere"": ""Not_mentioned""}, ""problems"": [""Scam"", ""Other""], ""economic_signals"": {""price_perception"": ""Not_mentioned"", ""recommendation"": ""No"", ""revisit_intention"": ""No""}, ""keywords"": [""booked"", ""organiser"", ""problem"", ""unanswered calls"", ""scam""]}"
13203,"{""overall_sentiment"": ""Neutral"", ""sentiment_score"": 3, ""emotional_tone"": ""Neutral"", ""aspects"": {""safety"": ""Not_mentioned"", ""pricing"": ""Not_mentioned"", ""service"": ""Negative"", ""cleanliness"": ""Not_mentioned"", ""atmosphere"": ""Neutral""}, ""problems"": [""Other""], ""economic_signals"": {""price_perception"": ""Not_mentioned"", ""recommendation"": ""Not_mentioned"", ""revisit_intention"": ""Not_mentioned""}, ""keywords"": [""worthwhile"", ""guide"", ""not interesting"", ""no explanation"", ""architecture""]}"
9334,"{""overall_sentiment"": ""Positive"", ""sentiment_score"": 4, ""emotional_tone"": ""Joy"", ""aspects"": {""safety"": ""Not_mentioned"", ""pricing"": ""Not_mentioned"", ""service"": ""Positive"", ""cleanliness"": ""Not_mentioned"", ""atmosphere"": ""Positive""}, ""problems"": [], ""economic_signals"": {""price_perception"": ""Not_mentioned"", ""recommendation"": ""Yes"", ""revisit_intention"": ""Not_mentioned""}, ""keywords"": [""Bahia palace"", ""well managed"", ""interior design"", ""eye catching"", ""fragrant""]}"
9443,"{""overall_sentiment"": ""Neutral"", ""sentiment_score"": 3, ""emotional_tone"": ""Frustration"", ""aspects"": {""safety"": ""Not_mentioned"", ""pricing"": ""Neutral"", ""service"": ""Not_mentioned"", ""cleanliness"": ""Not_mentioned"", ""atmosphere"": ""Negative""}, ""problems"": [""Overcrowding""], ""economic_signals"": {""price_perception"": ""Not_mentioned"", ""recommendation"": ""Yes"", ""revisit_intention"": ""Not_mentioned""}, ""keywords"": [""architecture"", ""impressive"", ""overcrowding"", ""tourists"", ""70 Dh""]}"
4542,"{""overall_sentiment"": ""Negative"", ""sentiment_score"": 2, ""emotional_tone"": ""Frustration"", ""aspects"": {""safety"": ""Negative"", ""pricing"": ""Not_mentioned"", ""service"": ""Negative"", ""cleanliness"": ""Negative"", ""atmosphere"": ""Negative""}, ""problems"": [""Bad_smell"", ""Overcrowding"", ""Aggressive_vendors""], ""economic_signals"": {""price_perception"": ""Not_mentioned"", ""recommendation"": ""No"", ""revisit_intention"": ""No""}, ""keywords"": [""noise"", ""foul smells"", ""motorcycles"", ""aggressive salesmen"", ""chaos""]}"
10385,"{""overall_sentiment"": ""Positive"", ""sentiment_score"": 5, ""emotional_tone"": ""Joy"", ""aspects"": {""safety"": ""Not_mentioned"", ""pricing"": ""Not_mentioned"", ""service"": ""Not_mentioned"", ""cleanliness"": ""Not_mentioned"", ""atmosphere"": ""Positive""}, ""problems"": [], ""economic_signals"": {""price_perception"": ""Not_mentioned"", ""recommendation"": ""Yes"", ""revisit_intention"": ""Not_mentioned""}, ""keywords"": [""best place"", ""must see"", ""authentic"", ""well maintained"", ""great time""]}"
11521,"{""overall_sentiment"": ""Neutral"", ""sentiment_score"": 3, ""emotional_tone"": ""Frustration"", ""aspects"": {""safety"": ""Not_mentioned"", ""pricing"": ""Positive"", ""service"": ""Negative"", ""cleanliness"": ""Not_mentioned"", ""atmosphere"": ""Negative""}, ""problems"": [""Overcrowding"", ""Poor_condition"", ""Other""], ""economic_signals"": {""price_perception"": ""Cheap"", ""recommendation"": ""Yes"", ""revisit_intention"": ""Yes""}, ""keywords"": [""price"", ""crowded"", ""beautiful"", ""neglected"", ""information""]}"
8319,"{""overall_sentiment"": ""Neutral"", ""sentiment_score"": 3, ""emotional_tone"": ""Frustration"", ""aspects"": {""safety"": ""Negative"", ""pricing"": ""Not_mentioned"", ""service"": ""Negative"", ""cleanliness"": ""Not_mentioned"", ""atmosphere"": ""Neutral""}, ""problems"": [""Aggressive_vendors"", ""Safety""], ""economic_signals"": {""price_perception"": ""Not_mentioned"", ""recommendation"": ""Not_mentioned"", ""revisit_intention"": ""Not_mentioned""}, ""keywords"": [""amazing things"", ""friendly people"", ""aggressive"", ""unofficial guides"", ""grabbed""]}"
6528,"{""overall_sentiment"": ""Neutral"", ""sentiment_score"": 3, ""emotional_tone"": ""Neutral"", ""aspects"": {""safety"": ""Not_mentioned"", ""pricing"": ""Neutral"", ""service"": ""Negative"", ""cleanliness"": ""Not_mentioned"", ""atmosphere"": ""Not_mentioned""}, ""problems"": [""Other""], ""economic_signals"": {""price_perception"": ""Not_mentioned"", ""recommendation"": ""Yes"", ""revisit_intention"": ""Not_mentioned""}, ""keywords"": [""tour guides"", ""buy goods"", ""souks"", ""haggle"", ""advice""]}"
2299,"{""overall_sentiment"": ""Positive"", ""sentiment_score"": 4, ""emotional_tone"": ""Joy"", ""aspects"": {""safety"": ""Not_mentioned"", ""pricing"": ""Not_mentioned"", ""service"": ""Not_mentioned"", ""cleanliness"": ""Not_mentioned"", ""atmosphere"": ""Positive""}, ""problems"": [], ""economic_signals"": {""price_perception"": ""Not_mentioned"", ""recommendation"": ""Yes"", ""revisit_intention"": ""Not_mentioned""}, ""keywords"": [""beautiful place"", ""night"", ""market"", ""tangine"", ""bucket list""]}"
7820,"{""overall_sentiment"": ""Positive"", ""sentiment_score"": 5, ""emotional_tone"": ""Joy"", ""aspects"": {""safety"": ""Positive"", ""pricing"": ""Not_mentioned"", ""service"": ""Positive"", ""cleanliness"": ""Not_mentioned"", ""atmosphere"": ""Positive""}, ""problems"": [], ""economic_signals"": {""price_perception"": ""Not_mentioned"", ""recommendation"": ""Yes"", ""revisit_intention"": ""Not_mentioned""}, ""keywords"": [""fantastic"", ""labyrinth"", ""bustling"", ""safe"", ""traders""]}"
14127,"{""overall_sentiment"": ""Positive"", ""sentiment_score"": 4, ""emotional_tone"": ""Joy"", ""aspects"": {""safety"": ""Not_mentioned"", ""pricing"": ""Not_mentioned"", ""service"": ""Not_mentioned"", ""cleanliness"": ""Not_mentioned"", ""atmosphere"": ""Positive""}, ""problems"": [], ""economic_signals"": {""price_perception"": ""Not_mentioned"", ""recommendation"": ""Yes"", ""revisit_intention"": ""Not_mentioned""}, ""keywords"": [""worth a visit"", ""nesting storks"", ""best views""]}"
13803,"{""overall_sentiment"": ""Neutral"", ""sentiment_score"": 3, ""emotional_tone"": ""Neutral"", ""aspects"": {""safety"": ""Not_mentioned"", ""pricing"": ""Positive"", ""service"": ""Negative"", ""cleanliness"": ""Not_mentioned"", ""atmosphere"": ""Neutral""}, ""problems"": [""Lack_of_information""], ""economic_signals"": {""price_perception"": ""Cheap"", ""recommendation"": ""No"", ""revisit_intention"": ""Not_mentioned""}, ""keywords"": [""tiled floors"", ""painted ceilings"", ""no information"", ""cheap price""]}"
1380,"{""overall_sentiment"": ""Positive"", ""sentiment_score"": 5, ""emotional_tone"": ""Joy"", ""aspects"": {""safety"": ""Not_mentioned"", ""pricing"": ""Not_mentioned"", ""service"": ""Not_mentioned"", ""cleanliness"": ""Not_mentioned"", ""atmosphere"": ""Positive""}, ""problems"": [], ""economic_signals"": {""price_perception"": ""Not_mentioned"", ""recommendation"": ""Yes"", ""revisit_intention"": ""Not_mentioned""}, ""keywords"": [""true spirit"", ""Marrakech"", ""beautiful"", ""special spirit""]}"
2597,"{""overall_sentiment"": ""Neutral"", ""sentiment_score"": 3, ""emotional_tone"": ""Frustration"", ""aspects"": {""safety"": ""Not_mentioned"", ""pricing"": ""Not_mentioned"", ""service"": ""Negative"", ""cleanliness"": ""Not_mentioned"", ""atmosphere"": ""Negative""}, ""problems"": [""Aggressive_vendors"", ""Scam""], ""economic_signals"": {""price_perception"": ""Not_mentioned"", ""recommendation"": ""Yes"", ""revisit_intention"": ""Not_mentioned""}, ""keywords"": [""crazy"", ""touristy traps"", ""heckling"", ""must see"", ""bartering""]}"
7469,"{""overall_sentiment"": ""Positive"", ""sentiment_score"": 4, ""emotional_tone"": ""Joy"", ""aspects"": {""safety"": ""Neutral"", ""pricing"": ""Not_mentioned"", ""service"": ""Positive"", ""cleanliness"": ""Not_mentioned"", ""atmosphere"": ""Positive""}, ""problems"": [""Navigation_difficulty""], ""economic_signals"": {""price_perception"": ""Not_mentioned"", ""recommendation"": ""Yes"", ""revisit_intention"": ""Not_mentioned""}, ""keywords"": [""vibrant market"", ""multitude of sensations"", ""colourful"", ""highly recommended"", ""guide""]}"
8031,"{""overall_sentiment"": ""Neutral"", ""sentiment_score"": 3, ""emotional_tone"": ""Neutral"", ""aspects"": {""safety"": ""Neutral"", ""pricing"": ""Not_mentioned"", ""service"": ""Not_mentioned"", ""cleanliness"": ""Not_mentioned"", ""atmosphere"": ""Neutral""}, ""problems"": [""Navigation_difficulty"", ""Getting_lost""], ""economic_signals"": {""price_perception"": ""Not_mentioned"", ""recommendation"": ""Not_mentioned"", ""revisit_intention"": ""Not_mentioned""}, ""keywords"": [""best places"", ""accident"", ""getting lost"", ""Jemaa el Fna"", ""navigation""]}"
8214,"{""overall_sentiment"": ""Negative"", ""sentiment_score"": 2, ""emotional_tone"": ""Frustration"", ""aspects"": {""safety"": ""Not_mentioned"", ""pricing"": ""Negative"", ""service"": ""Negative"", ""cleanliness"": ""Not_mentioned"", ""atmosphere"": ""Negative""}, ""problems"": [""Aggressive_vendors"", ""Scam""], ""economic_signals"": {""price_perception"": ""Expensive"", ""recommendation"": ""No"", ""revisit_intention"": ""No""}, ""keywords"": [""disappointing"", ""pushy"", ""rude"", ""tourist trap"", ""daytime""]}"
12079,"{""overall_sentiment"": ""Positive"", ""sentiment_score"": 4, ""emotional_tone"": ""Neutral"", ""aspects"": {""safety"": ""Not_mentioned"", ""pricing"": ""Not_mentioned"", ""service"": ""Not_mentioned"", ""cleanliness"": ""Not_mentioned"", ""atmosphere"": ""Positive""}, ""problems"": [], ""economic_signals"": {""price_perception"": ""Not_mentioned"", ""recommendation"": ""Yes"", ""revisit_intention"": ""Not_mentioned""}, ""keywords"": [""palace"", ""Jemaa Elfnaa"", ""tourist attraction"", ""day time""]}"
2351,"{""overall_sentiment"": ""Negative"", ""sentiment_score"": 1, ""emotional_tone"": ""Fear"", ""aspects"": {""safety"": ""Negative"", ""pricing"": ""Not_mentioned"", ""service"": ""Negative"", ""cleanliness"": ""Not_mentioned"", ""atmosphere"": ""Negative""}, ""problems"": [""Aggressive_vendors"", ""Safety""], ""economic_signals"": {""price_perception"": ""Not_mentioned"", ""recommendation"": ""No"", ""revisit_intention"": ""No""}, ""keywords"": [""medina"", ""aggressive men"", ""threatening"", ""vendors"", ""safety concern""]}"
13465,"{""overall_sentiment"": ""Positive"", ""sentiment_score"": 4, ""emotional_tone"": ""Joy"", ""aspects"": {""safety"": ""Not_mentioned"", ""pricing"": ""Positive"", ""service"": ""Not_mentioned"", ""cleanliness"": ""Not_mentioned"", ""atmosphere"": ""Positive""}, ""problems"": [], ""economic_signals"": {""price_perception"": ""Cheap"", ""recommendation"": ""Yes"", ""revisit_intention"": ""Not_mentioned""}, ""keywords"": [""beautiful place"", ""bargain"", ""green areas"", ""mosaic tiles"", ""get away""]}"
1349,"{""overall_sentiment"": ""Negative"", ""sentiment_score"": 2, ""emotional_tone"": ""Frustration"", ""aspects"": {""safety"": ""Negative"", ""pricing"": ""Not_mentioned"", ""service"": ""Not_mentioned"", ""cleanliness"": ""Not_mentioned"", ""atmosphere"": ""Negative""}, ""problems"": [""Safety"", ""Navigation_difficulty""], ""economic_signals"": {""price_perception"": ""Not_mentioned"", ""recommendation"": ""No"", ""revisit_intention"": ""Not_mentioned""}, ""keywords"": [""mopeds"", ""safety hazard"", ""getting lost"", ""navigation difficulty"", ""souks""]}"
7390,"{""overall_sentiment"": ""Negative"", ""sentiment_score"": 2, ""emotional_tone"": ""Fear"", ""aspects"": {""safety"": ""Negative"", ""pricing"": ""Negative"", ""service"": ""Negative"", ""cleanliness"": ""Not_mentioned"", ""atmosphere"": ""Negative""}, ""problems"": [""Scam"", ""Safety"", ""High_prices""], ""economic_signals"": {""price_perception"": ""Expensive"", ""recommendation"": ""No"", ""revisit_intention"": ""Not_mentioned""}, ""keywords"": [""scams"", ""pick pocket"", ""high prices"", ""be aware"", ""tannery""]}"
12200,"{""overall_sentiment"": ""Positive"", ""sentiment_score"": 5, ""emotional_tone"": ""Joy"", ""aspects"": {""safety"": ""Not_mentioned"", ""pricing"": ""Not_mentioned"", ""service"": ""Not_mentioned"", ""cleanliness"": ""Not_mentioned"", ""atmosphere"": ""Positive""}, ""problems"": [], ""economic_signals"": {""price_perception"": ""Not_mentioned"", ""recommendation"": ""Yes"", ""revisit_intention"": ""Not_mentioned""}, ""keywords"": [""ancient palace"", ""beautiful garden"", ""beautiful ceilings"", ""fantastic tile works"", ""worth the trip""]}"
9206,"{""overall_sentiment"": ""Neutral"", ""sentiment_score"": 3, ""emotional_tone"": ""Frustration"", ""aspects"": {""safety"": ""Not_mentioned"", ""pricing"": ""Not_mentioned"", ""service"": ""Neutral"", ""cleanliness"": ""Not_mentioned"", ""atmosphere"": ""Neutral""}, ""problems"": [""Overcrowding""], ""economic_signals"": {""price_perception"": ""Not_mentioned"", ""recommendation"": ""Yes"", ""revisit_intention"": ""Not_mentioned""}, ""keywords"": [""Bahia Palace"", ""spectacular"", ""tour groups"", ""overcrowding"", ""go early""]}"
13474,"{""overall_sentiment"": ""Neutral"", ""sentiment_score"": 3, ""emotional_tone"": ""Neutral"", ""aspects"": {""safety"": ""Not_mentioned"", ""pricing"": ""Positive"", ""service"": ""Not_mentioned"", ""cleanliness"": ""Not_mentioned"", ""atmosphere"": ""Neutral""}, ""problems"": [], ""economic_signals"": {""price_perception"": ""Cheap"", ""recommendation"": ""Yes"", ""revisit_intention"": ""Not_mentioned""}, ""keywords"": [""Bahia Palace"", ""smaller"", ""silent rooms"", ""cool rooms"", ""cheap price""]}"
150,"{""overall_sentiment"": ""Negative"", ""sentiment_score"": 1, ""emotional_tone"": ""Frustration"", ""aspects"": {""safety"": ""Negative"", ""pricing"": ""Negative"", ""service"": ""Negative"", ""cleanliness"": ""Not_mentioned"", ""atmosphere"": ""Negative""}, ""problems"": [""Aggressive_vendors"", ""Scam"", ""Safety""], ""economic_signals"": {""price_perception"": ""Expensive"", ""recommendation"": ""No"", ""revisit_intention"": ""No""}, ""keywords"": [""scam"", ""aggressive"", ""never again""]}"
14307,"{""overall_sentiment"": ""Positive"", ""sentiment_score"": 5, ""emotional_tone"": ""Joy"", ""aspects"": {""safety"": ""Not_mentioned"", ""pricing"": ""Not_mentioned"", ""service"": ""Positive"", ""cleanliness"": ""Not_mentioned"", ""atmosphere"": ""Positive""}, ""problems"": [], ""economic_signals"": {""price_perception"": ""Not_mentioned"", ""recommendation"": ""Yes"", ""revisit_intention"": ""Not_mentioned""}, ""keywords"": [""Moorish architecture"", ""lovely gardens"", ""guide"", ""recommend""]}"
10418,"{""overall_sentiment"": ""Positive"", ""sentiment_score"": 5, ""emotional_tone"": ""Joy"", ""aspects"": {""safety"": ""Not_mentioned"", ""pricing"": ""Not_mentioned"", ""service"": ""Positive"", ""cleanliness"": ""Not_mentioned"", ""atmosphere"": ""Positive""}, ""problems"": [], ""economic_signals"": {""price_perception"": ""Not_mentioned"", ""recommendation"": ""Yes"", ""revisit_intention"": ""Not_mentioned""}, ""keywords"": [""excellent host"", ""amazing spots"", ""recommended"", ""good experience""]}"
13747,"{""overall_sentiment"": ""Neutral"", ""sentiment_score"": 3, ""emotional_tone"": ""Neutral"", ""aspects"": {""safety"": ""Not_mentioned"", ""pricing"": ""Positive"", ""service"": ""Not_mentioned"", ""cleanliness"": ""Not_mentioned"", ""atmosphere"": ""Positive""}, ""problems"": [], ""economic_signals"": {""price_perception"": ""Cheap"", ""recommendation"": ""Not_mentioned"", ""revisit_intention"": ""Not_mentioned""}, ""keywords"": [""entry fee"", ""fair"", ""quiet stroll"", ""good views""]}"
3345,"{""overall_sentiment"": ""Negative"", ""sentiment_score"": 2, ""emotional_tone"": ""Frustration"", ""aspects"": {""safety"": ""Negative"", ""pricing"": ""Negative"", ""service"": ""Negative"", ""cleanliness"": ""Not_mentioned"", ""atmosphere"": ""Neutral""}, ""problems"": [""Aggressive_vendors"", ""Scam"", ""Safety""], ""economic_signals"": {""price_perception"": ""Not_mentioned"", ""recommendation"": ""Not_mentioned"", ""revisit_intention"": ""Not_mentioned""}, ""keywords"": [""crazy place"", ""aggressive"", ""be careful""]}"
4039,"{""overall_sentiment"": ""Positive"", ""sentiment_score"": 4, ""emotional_tone"": ""Joy"", ""aspects"": {""safety"": ""Not_mentioned"", ""pricing"": ""Not_mentioned"", ""service"": ""Not_mentioned"", ""cleanliness"": ""Not_mentioned"", ""atmosphere"": ""Positive""}, ""problems"": [], ""economic_signals"": {""price_perception"": ""Not_mentioned"", ""recommendation"": ""Yes"", ""revisit_intention"": ""Not_mentioned""}, ""keywords"": [""coolest medinas"", ""vibrant"", ""people watching"", ""fabulous""]}"
1158,"{""overall_sentiment"": ""Neutral"", ""sentiment_score"": 3, ""emotional_tone"": ""Neutral"", ""aspects"": {""safety"": ""Not_mentioned"", ""pricing"": ""Not_mentioned"", ""service"": ""Not_mentioned"", ""cleanliness"": ""Not_mentioned"", ""atmosphere"": ""Positive""}, ""problems"": [""Poor_condition""], ""economic_signals"": {""price_perception"": ""Not_mentioned"", ""recommendation"": ""Not_mentioned"", ""revisit_intention"": ""Not_mentioned""}, ""keywords"": [""products"", ""poor condition"", ""cool experience""]}"
5737,"{""overall_sentiment"": ""Negative"", ""sentiment_score"": 2, ""emotional_tone"": ""Frustration"", ""aspects"": {""safety"": ""Negative"", ""pricing"": ""Not_mentioned"", ""service"": ""Negative"", ""cleanliness"": ""Not_mentioned"", ""atmosphere"": ""Negative""}, ""problems"": [""Aggressive_vendors"", ""Safety""], ""economic_signals"": {""price_perception"": ""Not_mentioned"", ""recommendation"": ""Not_mentioned"", ""revisit_intention"": ""No""}, ""keywords"": [""stressful"", ""aggressive selling"", ""Jeema el Fna""]}"
2158,"{""overall_sentiment"": ""Positive"", ""sentiment_score"": 4, ""emotional_tone"": ""Trust"", ""aspects"": {""safety"": ""Positive"", ""pricing"": ""Not_mentioned"", ""service"": ""Not_mentioned"", ""cleanliness"": ""Not_mentioned"", ""atmosphere"": ""Positive""}, ""problems"": [], ""economic_signals"": {""price_perception"": ""Not_mentioned"", ""recommendation"": ""Yes"", ""revisit_intention"": ""Not_mentioned""}, ""keywords"": [""vibrant"", ""stalls"", ""safe"", ""well worth a visit""]}"
11549,"{""overall_sentiment"": ""Negative"", ""sentiment_score"": 2, ""emotional_tone"": ""Disappointment"", ""aspects"": {""safety"": ""Not_mentioned"", ""pricing"": ""Positive"", ""service"": ""Not_mentioned"", ""cleanliness"": ""Not_mentioned"", ""atmosphere"": ""Negative""}, ""problems"": [""Poor_condition""], ""economic_signals"": {""price_perception"": ""Cheap"", ""recommendation"": ""No"", ""revisit_intention"": ""No""}, ""keywords"": [""empty"", ""cheap"", ""not much to see""]}"
2712,"{""overall_sentiment"": ""Neutral"", ""sentiment_score"": 3, ""emotional_tone"": ""Neutral"", ""aspects"": {""safety"": ""Not_mentioned"", ""pricing"": ""Neutral"", ""service"": ""Not_mentioned"", ""cleanliness"": ""Not_mentioned"", ""atmosphere"": ""Positive""}, ""problems"": [""Scam""], ""economic_signals"": {""price_perception"": ""Not_mentioned"", ""recommendation"": ""Yes"", ""revisit_intention"": ""Not_mentioned""}, ""keywords"": [""vibrant"", ""bargain"", ""fake gear"", ""beware""]}"
14203,"{""overall_sentiment"": ""Negative"", ""sentiment_score"": 2, ""emotional_tone"": ""Disappointment"", ""aspects"": {""safety"": ""Not_mentioned"", ""pricing"": ""Not_mentioned"", ""service"": ""Negative"", ""cleanliness"": ""Not_mentioned"", ""atmosphere"": ""Neutral""}, ""problems"": [""Other""], ""economic_signals"": {""price_perception"": ""Not_mentioned"", ""recommendation"": ""No"", ""revisit_intention"": ""Not_mentioned""}, ""keywords"": [""lack of information"", ""gorgeous"", ""empty rooms"", ""pity""]}"
6661,"{""overall_sentiment"": ""Negative"", ""sentiment_score"": 2, ""emotional_tone"": ""Disgust"", ""aspects"": {""safety"": ""Neutral"", ""pricing"": ""Not_mentioned"", ""service"": ""Not_mentioned"", ""cleanliness"": ""Negative"", ""atmosphere"": ""Negative""}, ""problems"": [""Bad_smell"", ""Navigation_difficulty"", ""Overcrowding""], ""economic_signals"": {""price_perception"": ""Not_mentioned"", ""recommendation"": ""Not_mentioned"", ""revisit_intention"": ""Yes""}, ""keywords"": [""bad smell"", ""lost"", ""sad animals"", ""chaotic""]}"
10869,"{""overall_sentiment"": ""Negative"", ""sentiment_score"": 2, ""emotional_tone"": ""Disappointment"", ""aspects"": {""safety"": ""Not_mentioned"", ""pricing"": ""Not_mentioned"", ""service"": ""Not_mentioned"", ""cleanliness"": ""Not_mentioned"", ""atmosphere"": ""Negative""}, ""problems"": [""Poor_condition""], ""economic_signals"": {""price_perception"": ""Not_mentioned"", ""recommendation"": ""Not_mentioned"", ""revisit_intention"": ""Not_mentioned""}, ""keywords"": [""beautiful"", ""empty"", ""empty rooms""]}"
13539,"{""overall_sentiment"": ""Negative"", ""sentiment_score"": 2, ""emotional_tone"": ""Frustration"", ""aspects"": {""safety"": ""Not_mentioned"", ""pricing"": ""Neutral"", ""service"": ""Negative"", ""cleanliness"": ""Not_mentioned"", ""atmosphere"": ""Negative""}, ""problems"": [""Other""], ""economic_signals"": {""price_perception"": ""Cheap"", ""recommendation"": ""No"", ""revisit_intention"": ""No""}, ""keywords"": [""tired"", ""unstaffed"", ""ticket counter""]}"
9620,"{""overall_sentiment"": ""Negative"", ""sentiment_score"": 2, ""emotional_tone"": ""Frustration"", ""aspects"": {""safety"": ""Not_mentioned"", ""pricing"": ""Negative"", ""service"": ""Not_mentioned"", ""cleanliness"": ""Not_mentioned"", ""atmosphere"": ""Negative""}, ""problems"": [""High_prices""], ""economic_signals"": {""price_perception"": ""Expensive"", ""recommendation"": ""No"", ""revisit_intention"": ""No""}, ""keywords"": [""unnecessary expense"", ""better alternatives"", ""gardens""]}"
7041,"{""overall_sentiment"": ""Negative"", ""sentiment_score"": 2, ""emotional_tone"": ""Disgust"", ""aspects"": {""safety"": ""Negative"", ""pricing"": ""Not_mentioned"", ""service"": ""Negative"", ""cleanliness"": ""Negative"", ""atmosphere"": ""Negative""}, ""problems"": [""Getting_lost"", ""Aggressive_vendors"", ""Poor_cleanliness""], ""economic_signals"": {""price_perception"": ""Not_mentioned"", ""recommendation"": ""No"", ""revisit_intention"": ""No""}, ""keywords"": [""trash dump"", ""harassment"", ""filthy"", ""getting lost"", ""hassle""]}"
17,"{""overall_sentiment"": ""Neutral"", ""sentiment_score"": 3, ""emotional_tone"": ""Neutral"", ""aspects"": {""safety"": ""Negative"", ""pricing"": ""Not_mentioned"", ""service"": ""Negative"", ""cleanliness"": ""Not_mentioned"", ""atmosphere"": ""Negative""}, ""problems"": [""Navigation_difficulty"", ""Scam"", ""Overcrowding""], ""economic_signals"": {""price_perception"": ""Not_mentioned"", ""recommendation"": ""Yes"", ""revisit_intention"": ""Not_mentioned""}, ""keywords"": [""shops"", ""getting lost"", ""scam"", ""false instructions"", ""traffic""]}"
5331,"{""overall_sentiment"": ""Neutral"", ""sentiment_score"": 3, ""emotional_tone"": ""Neutral"", ""aspects"": {""safety"": ""Not_mentioned"", ""pricing"": ""Not_mentioned"", ""service"": ""Negative"", ""cleanliness"": ""Not_mentioned"", ""atmosphere"": ""Neutral""}, ""problems"": [""Aggressive_vendors""], ""economic_signals"": {""price_perception"": ""Not_mentioned"", ""recommendation"": ""Yes"", ""revisit_intention"": ""Not_mentioned""}, ""keywords"": [""fun"", ""noisy"", ""hassle"", ""food experience"", ""Marrakech""]}"
7678,"{""overall_sentiment"": ""Positive"", ""sentiment_score"": 4, ""emotional_tone"": ""Joy"", ""aspects"": {""safety"": ""Not_mentioned"", ""pricing"": ""Not_mentioned"", ""service"": ""Not_mentioned"", ""cleanliness"": ""Not_mentioned"", ""atmosphere"": ""Positive""}, ""problems"": [], ""economic_signals"": {""price_perception"": ""Not_mentioned"", ""recommendation"": ""Yes"", ""revisit_intention"": ""Not_mentioned""}, ""keywords"": [""magic"", ""changing character"", ""dynamic atmosphere""]}"
14402,"{""overall_sentiment"": ""Neutral"", ""sentiment_score"": 3, ""emotional_tone"": ""Neutral"", ""aspects"": {""safety"": ""Not_mentioned"", ""pricing"": ""Positive"", ""service"": ""Negative"", ""cleanliness"": ""Positive"", ""atmosphere"": ""Positive""}, ""problems"": [""Other""], ""economic_signals"": {""price_perception"": ""Cheap"", ""recommendation"": ""Yes"", ""revisit_intention"": ""Not_mentioned""}, ""keywords"": [""good value"", ""well kept"", ""mosaics"", ""no guide"", ""no translations""]}"
7632,"{""overall_sentiment"": ""Negative"", ""sentiment_score"": 1, ""emotional_tone"": ""Disgust"", ""aspects"": {""safety"": ""Not_mentioned"", ""pricing"": ""Not_mentioned"", ""service"": ""Not_mentioned"", ""cleanliness"": ""Negative"", ""atmosphere"": ""Negative""}, ""problems"": [""Poor_cleanliness""], ""economic_signals"": {""price_perception"": ""Not_mentioned"", ""recommendation"": ""No"", ""revisit_intention"": ""No""}, ""keywords"": [""disgusting"", ""dirt"", ""poor cleanliness"", ""restaurants""]}"
6294,"{""overall_sentiment"": ""Positive"", ""sentiment_score"": 4, ""emotional_tone"": ""Joy"", ""aspects"": {""safety"": ""Not_mentioned"", ""pricing"": ""Not_mentioned"", ""service"": ""Not_mentioned"", ""cleanliness"": ""Not_mentioned"", ""atmosphere"": ""Positive""}, ""problems"": [], ""economic_signals"": {""price_perception"": ""Not_mentioned"", ""recommendation"": ""Yes"", ""revisit_intention"": ""Not_mentioned""}, ""keywords"": [""character"", ""vibrant"", ""exciting"", ""museums"", ""riad""]}"
4178,"{""overall_sentiment"": ""Negative"", ""sentiment_score"": 2, ""emotional_tone"": ""Frustration"", ""aspects"": {""safety"": ""Negative"", ""pricing"": ""Not_mentioned"", ""service"": ""Negative"", ""cleanliness"": ""Not_mentioned"", ""atmosphere"": ""Negative""}, ""problems"": [""Aggressive_vendors"", ""Scam"", ""Safety""], ""economic_signals"": {""price_perception"": ""Not_mentioned"", ""recommendation"": ""No"", ""revisit_intention"": ""No""}, ""keywords"": [""stressful"", ""scam"", ""aggressive vendors"", ""ruining travel"", ""must see""]}"
10876,"{""overall_sentiment"": ""Negative"", ""sentiment_score"": 1, ""emotional_tone"": ""Anger"", ""aspects"": {""safety"": ""Not_mentioned"", ""pricing"": ""Not_mentioned"", ""service"": ""Negative"", ""cleanliness"": ""Negative"", ""atmosphere"": ""Negative""}, ""problems"": [""Poor_condition"", ""Poor_cleanliness""], ""economic_signals"": {""price_perception"": ""Not_mentioned"", ""recommendation"": ""No"", ""revisit_intention"": ""No""}, ""keywords"": [""under construction"", ""poor condition"", ""dust"", ""empty rooms"", ""should be closed""]}"
11197,"{""overall_sentiment"": ""Negative"", ""sentiment_score"": 2, ""emotional_tone"": ""Frustration"", ""aspects"": {""safety"": ""Not_mentioned"", ""pricing"": ""Negative"", ""service"": ""Not_mentioned"", ""cleanliness"": ""Not_mentioned"", ""atmosphere"": ""Neutral""}, ""problems"": [""High_prices""], ""economic_signals"": {""price_perception"": ""Expensive"", ""recommendation"": ""No"", ""revisit_intention"": ""No""}, ""keywords"": [""entrance price"", ""decided against it"", ""better value"", ""expensive""]}"
7628,"{""overall_sentiment"": ""Negative"", ""sentiment_score"": 2, ""emotional_tone"": ""Frustration"", ""aspects"": {""safety"": ""Negative"", ""pricing"": ""Not_mentioned"", ""service"": ""Negative"", ""cleanliness"": ""Not_mentioned"", ""atmosphere"": ""Negative""}, ""problems"": [""Aggressive_vendors"", ""Navigation_difficulty"", ""Safety""], ""economic_signals"": {""price_perception"": ""Not_mentioned"", ""recommendation"": ""No"", ""revisit_intention"": ""No""}, ""keywords"": [""let down"", ""harassment"", ""on guard"", ""aggressive vendors"", ""navigation difficulty""]}"
13547,"{""overall_sentiment"": ""Negative"", ""sentiment_score"": 2, ""emotional_tone"": ""Disappointment"", ""aspects"": {""safety"": ""Not_mentioned"", ""pricing"": ""Not_mentioned"", ""service"": ""Negative"", ""cleanliness"": ""Not_mentioned"", ""atmosphere"": ""Negative""}, ""problems"": [""Other""], ""economic_signals"": {""price_perception"": ""Not_mentioned"", ""recommendation"": ""No"", ""revisit_intention"": ""No""}, ""keywords"": [""disappointed"", ""empty rooms"", ""no information"", ""historical buildings""]}"
2896,"{""overall_sentiment"": ""Neutral"", ""sentiment_score"": 3, ""emotional_tone"": ""Neutral"", ""aspects"": {""safety"": ""Not_mentioned"", ""pricing"": ""Not_mentioned"", ""service"": ""Negative"", ""cleanliness"": ""Negative"", ""atmosphere"": ""Mixed""}, ""problems"": [""Other"", ""Poor_cleanliness"", ""Aggressive_vendors""], ""economic_signals"": {""price_perception"": ""Not_mentioned"", ""recommendation"": ""Yes"", ""revisit_intention"": ""Not_mentioned""}, ""keywords"": [""restaurants"", ""character"", ""air pollution"", ""dirty streets"", ""aggressive vendors""]}"
4574,"{""overall_sentiment"": ""Negative"", ""sentiment_score"": 1, ""emotional_tone"": ""Anger"", ""aspects"": {""safety"": ""Negative"", ""pricing"": ""Negative"", ""service"": ""Negative"", ""cleanliness"": ""Negative"", ""atmosphere"": ""Negative""}, ""problems"": [""Poor_cleanliness"", ""Aggressive_vendors"", ""High_prices""], ""economic_signals"": {""price_perception"": ""Expensive"", ""recommendation"": ""No"", ""revisit_intention"": ""No""}, ""keywords"": [""dirt"", ""harassment"", ""scam"", ""high prices"", ""ripoff""]}"
9233,"{""overall_sentiment"": ""Negative"", ""sentiment_score"": 2, ""emotional_tone"": ""Sadness"", ""aspects"": {""safety"": ""Not_mentioned"", ""pricing"": ""Negative"", ""service"": ""Not_mentioned"", ""cleanliness"": ""Not_mentioned"", ""atmosphere"": ""Negative""}, ""problems"": [""Poor_condition"", ""High_prices""], ""economic_signals"": {""price_perception"": ""Expensive"", ""recommendation"": ""No"", ""revisit_intention"": ""No""}, ""keywords"": [""closed"", ""bare"", ""not worth"", ""entrance fee""]}"
4703,"{""overall_sentiment"": ""Positive"", ""sentiment_score"": 4, ""emotional_tone"": ""Joy"", ""aspects"": {""safety"": ""Neutral"", ""pricing"": ""Not_mentioned"", ""service"": ""Positive"", ""cleanliness"": ""Not_mentioned"", ""atmosphere"": ""Positive""}, ""problems"": [""Aggressive_vendors"", ""Navigation_difficulty""], ""economic_signals"": {""price_perception"": ""Not_mentioned"", ""recommendation"": ""Yes"", ""revisit_intention"": ""Not_mentioned""}, ""keywords"": [""mezmerized"", ""maze"", ""vibrant"", ""guide"", ""aggressive vendors""]}"
5523,"{""overall_sentiment"": ""Negative"", ""sentiment_score"": 1, ""emotional_tone"": ""Frustration"", ""aspects"": {""safety"": ""Negative"", ""pricing"": ""Negative"", ""service"": ""Negative"", ""cleanliness"": ""Not_mentioned"", ""atmosphere"": ""Negative""}, ""problems"": [""Scam"", ""Aggressive_vendors""], ""economic_signals"": {""price_perception"": ""Expensive"", ""recommendation"": ""No"", ""revisit_intention"": ""No""}, ""keywords"": [""rip off"", ""careful"", ""illegal guides"", ""dishonest""]}"
9926,"{""overall_sentiment"": ""Neutral"", ""sentiment_score"": 3, ""emotional_tone"": ""Neutral"", ""aspects"": {""safety"": ""Not_mentioned"", ""pricing"": ""Not_mentioned"", ""service"": ""Not_mentioned"", ""cleanliness"": ""Not_mentioned"", ""atmosphere"": ""Neutral""}, ""problems"": [""Overcrowding""], ""economic_signals"": {""price_perception"": ""Not_mentioned"", ""recommendation"": ""Neutral"", ""revisit_intention"": ""Not_mentioned""}, ""keywords"": [""morning"", ""tourist"", ""overcrowded"", ""pretty"", ""ok for visit""]}"
6181,"{""overall_sentiment"": ""Positive"", ""sentiment_score"": 5, ""emotional_tone"": ""Joy"", ""aspects"": {""safety"": ""Not_mentioned"", ""pricing"": ""Not_mentioned"", ""service"": ""Not_mentioned"", ""cleanliness"": ""Not_mentioned"", ""atmosphere"": ""Positive""}, ""problems"": [], ""economic_signals"": {""price_perception"": ""Not_mentioned"", ""recommendation"": ""Yes"", ""revisit_intention"": ""Not_mentioned""}, ""keywords"": [""historical"", ""UNESCO"", ""beautiful"", ""economic center"", ""Marrakech""]}"
4895,"{""overall_sentiment"": ""Negative"", ""sentiment_score"": 2, ""emotional_tone"": ""Frustration"", ""aspects"": {""safety"": ""Neutral"", ""pricing"": ""Not_mentioned"", ""service"": ""Not_mentioned"", ""cleanliness"": ""Not_mentioned"", ""atmosphere"": ""Negative""}, ""problems"": [""Overcrowding"", ""Other""], ""economic_signals"": {""price_perception"": ""Not_mentioned"", ""recommendation"": ""No"", ""revisit_intention"": ""Not_mentioned""}, ""keywords"": [""ruined"", ""hot"", ""narrow streets"", ""cramped"", ""motorbikes""]}"
9119,"{""overall_sentiment"": ""Neutral"", ""sentiment_score"": 3, ""emotional_tone"": ""Frustration"", ""aspects"": {""safety"": ""Not_mentioned"", ""pricing"": ""Neutral"", ""service"": ""Not_mentioned"", ""cleanliness"": ""Not_mentioned"", ""atmosphere"": ""Neutral""}, ""problems"": [""Other""], ""economic_signals"": {""price_perception"": ""Not_mentioned"", ""recommendation"": ""Not_mentioned"", ""revisit_intention"": ""Not_mentioned""}, ""keywords"": [""closed"", ""Ramadan"", ""queue"", ""entry fee""]}"
13664,"{""overall_sentiment"": ""Positive"", ""sentiment_score"": 4, ""emotional_tone"": ""Joy"", ""aspects"": {""safety"": ""Not_mentioned"", ""pricing"": ""Positive"", ""service"": ""Positive"", ""cleanliness"": ""Not_mentioned"", ""atmosphere"": ""Positive""}, ""problems"": [""Construction""], ""economic_signals"": {""price_perception"": ""Cheap"", ""recommendation"": ""Yes"", ""revisit_intention"": ""Yes""}, ""keywords"": [""pleasant"", ""pretty"", ""cheaper"", ""no hassle"", ""construction""]}"
2587,"{""overall_sentiment"": ""Negative"", ""sentiment_score"": 1, ""emotional_tone"": ""Frustration"", ""aspects"": {""safety"": ""Negative"", ""pricing"": ""Negative"", ""service"": ""Negative"", ""cleanliness"": ""Not_mentioned"", ""atmosphere"": ""Negative""}, ""problems"": [""Scam"", ""High_prices""], ""economic_signals"": {""price_perception"": ""Expensive"", ""recommendation"": ""No"", ""revisit_intention"": ""No""}, ""keywords"": [""hectic"", ""taxis"", ""rip off"", ""negotiate"", ""worst part""]}"
5807,"{""overall_sentiment"": ""Negative"", ""sentiment_score"": 2, ""emotional_tone"": ""Sadness"", ""aspects"": {""safety"": ""Not_mentioned"", ""pricing"": ""Not_mentioned"", ""service"": ""Negative"", ""cleanliness"": ""Not_mentioned"", ""atmosphere"": ""Negative""}, ""problems"": [""Aggressive_vendors"", ""Other""], ""economic_signals"": {""price_perception"": ""Not_mentioned"", ""recommendation"": ""No"", ""revisit_intention"": ""No""}, ""keywords"": [""animals"", ""unhappy"", ""hassle"", ""spoilt"", ""market square""]}"
14072,"{""overall_sentiment"": ""Neutral"", ""sentiment_score"": 3, ""emotional_tone"": ""Neutral"", ""aspects"": {""safety"": ""Not_mentioned"", ""pricing"": ""Positive"", ""service"": ""Not_mentioned"", ""cleanliness"": ""Not_mentioned"", ""atmosphere"": ""Neutral""}, ""problems"": [""Poor_condition""], ""economic_signals"": {""price_perception"": ""Cheap"", ""recommendation"": ""Not_mentioned"", ""revisit_intention"": ""Not_mentioned""}, ""keywords"": [""designed"", ""ceilings"", ""empty"", ""cheap"", ""lifestyle""]}"
3064,"{""overall_sentiment"": ""Positive"", ""sentiment_score"": 5, ""emotional_tone"": ""Joy"", ""aspects"": {""safety"": ""Not_mentioned"", ""pricing"": ""Not_mentioned"", ""service"": ""Not_mentioned"", ""cleanliness"": ""Not_mentioned"", ""atmosphere"": ""Positive""}, ""problems"": [], ""economic_signals"": {""price_perception"": ""Not_mentioned"", ""recommendation"": ""Yes"", ""revisit_intention"": ""Yes""}, ""keywords"": [""sensual overload"", ""disappoints"", ""bustling"", ""busy"", ""fun""]}"
1000,"{""overall_sentiment"": ""Neutral"", ""sentiment_score"": 3, ""emotional_tone"": ""Neutral"", ""aspects"": {""safety"": ""Not_mentioned"", ""pricing"": ""Not_mentioned"", ""service"": ""Negative"", ""cleanliness"": ""Not_mentioned"", ""atmosphere"": ""Neutral""}, ""problems"": [""Aggressive_vendors""], ""economic_signals"": {""price_perception"": ""Not_mentioned"", ""recommendation"": ""Not_mentioned"", ""revisit_intention"": ""Not_mentioned""}, ""keywords"": [""vast area"", ""stalls"", ""snake charmers"", ""street traders"", ""inundated""]}"
5209,"{""overall_sentiment"": ""Positive"", ""sentiment_score"": 4, ""emotional_tone"": ""Trust"", ""aspects"": {""safety"": ""Not_mentioned"", ""pricing"": ""Not_mentioned"", ""service"": ""Not_mentioned"", ""cleanliness"": ""Not_mentioned"", ""atmosphere"": ""Positive""}, ""problems"": [], ""economic_signals"": {""price_perception"": ""Not_mentioned"", ""recommendation"": ""Yes"", ""revisit_intention"": ""Not_mentioned""}, ""keywords"": [""center"", ""attractions"", ""riad"", ""Medina""]}"
2564,"{""overall_sentiment"": ""Positive"", ""sentiment_score"": 5, ""emotional_tone"": ""Joy"", ""aspects"": {""safety"": ""Not_mentioned"", ""pricing"": ""Not_mentioned"", ""service"": ""Not_mentioned"", ""cleanliness"": ""Not_mentioned"", ""atmosphere"": ""Positive""}, ""problems"": [], ""economic_signals"": {""price_perception"": ""Not_mentioned"", ""recommendation"": ""Yes"", ""revisit_intention"": ""Not_mentioned""}, ""keywords"": [""must visit"", ""different world"", ""interesting"", ""Marrakech""]}"
5063,"{""overall_sentiment"": ""Negative"", ""sentiment_score"": 2, ""emotional_tone"": ""Frustration"", ""aspects"": {""safety"": ""Negative"", ""pricing"": ""Not_mentioned"", ""service"": ""Negative"", ""cleanliness"": ""Not_mentioned"", ""atmosphere"": ""Negative""}, ""problems"": [""Aggressive_vendors"", ""Animal_abuse"", ""Lack_of_authenticity""], ""economic_signals"": {""price_perception"": ""Not_mentioned"", ""recommendation"": ""No"", ""revisit_intention"": ""No""}, ""keywords"": [""tourist tat"", ""depressing"", ""sick monkeys"", ""aggressive"", ""lack of authenticity""]}"
3197,"{""overall_sentiment"": ""Neutral"", ""sentiment_score"": 3, ""emotional_tone"": ""Frustration"", ""aspects"": {""safety"": ""Not_mentioned"", ""pricing"": ""Not_mentioned"", ""service"": ""Negative"", ""cleanliness"": ""Not_mentioned"", ""atmosphere"": ""Neutral""}, ""problems"": [""Overcrowding"", ""Aggressive_vendors"", ""Sensory_overload""], ""economic_signals"": {""price_perception"": ""Not_mentioned"", ""recommendation"": ""Not_mentioned"", ""revisit_intention"": ""Not_mentioned""}, ""keywords"": [""vibrant"", ""manic"", ""sensory overload"", ""overwhelmed"", ""assertive vendors""]}"
121,"{""overall_sentiment"": ""Negative"", ""sentiment_score"": 1, ""emotional_tone"": ""Anger"", ""aspects"": {""safety"": ""Not_mentioned"", ""pricing"": ""Not_mentioned"", ""service"": ""Not_mentioned"", ""cleanliness"": ""Not_mentioned"", ""atmosphere"": ""Negative""}, ""problems"": [""Animal_abuse""], ""economic_signals"": {""price_perception"": ""Not_mentioned"", ""recommendation"": ""No"", ""revisit_intention"": ""No""}, ""keywords"": [""animal abuse"", ""lowest star"", ""avoid country"", ""chained monkeys"", ""distress""]}"
10038,"{""overall_sentiment"": ""Neutral"", ""sentiment_score"": 3, ""emotional_tone"": ""Neutral"", ""aspects"": {""safety"": ""Not_mentioned"", ""pricing"": ""Neutral"", ""service"": ""Not_mentioned"", ""cleanliness"": ""Not_mentioned"", ""atmosphere"": ""Neutral""}, ""problems"": [""Poor_condition""], ""economic_signals"": {""price_perception"": ""Fair"", ""recommendation"": ""Yes"", ""revisit_intention"": ""Not_mentioned""}, ""keywords"": [""Bahia Palace"", ""ruins"", ""7 euro"", ""liked it""]}"
4354,"{""overall_sentiment"": ""Negative"", ""sentiment_score"": 2, ""emotional_tone"": ""Frustration"", ""aspects"": {""safety"": ""Negative"", ""pricing"": ""Not_mentioned"", ""service"": ""Negative"", ""cleanliness"": ""Negative"", ""atmosphere"": ""Negative""}, ""problems"": [""Poor_cleanliness"", ""Safety"", ""Aggressive_vendors""], ""economic_signals"": {""price_perception"": ""Not_mentioned"", ""recommendation"": ""No"", ""revisit_intention"": ""No""}, ""keywords"": [""dirty streets"", ""noisy"", ""moped drivers"", ""safety"", ""litter""]}"
11472,"{""overall_sentiment"": ""Negative"", ""sentiment_score"": 2, ""emotional_tone"": ""Disappointment"", ""aspects"": {""safety"": ""Not_mentioned"", ""pricing"": ""Not_mentioned"", ""service"": ""Not_mentioned"", ""cleanliness"": ""Not_mentioned"", ""atmosphere"": ""Negative""}, ""problems"": [""Poor_condition"", ""Lack_of_interest""], ""economic_signals"": {""price_perception"": ""Not_mentioned"", ""recommendation"": ""No"", ""revisit_intention"": ""No""}, ""keywords"": [""nothing to see"", ""empty"", ""old"", ""disappointing""]}"
14835,"{""overall_sentiment"": ""Neutral"", ""sentiment_score"": 3, ""emotional_tone"": ""Disappointment"", ""aspects"": {""safety"": ""Not_mentioned"", ""pricing"": ""Not_mentioned"", ""service"": ""Not_mentioned"", ""cleanliness"": ""Not_mentioned"", ""atmosphere"": ""Neutral""}, ""problems"": [""Lack_of_interest""], ""economic_signals"": {""price_perception"": ""Not_mentioned"", ""recommendation"": ""No"", ""revisit_intention"": ""No""}, ""keywords"": [""dreary rooms"", ""doesn't impress"", ""garden nice"", ""over-advertised""]}"
4409,"{""overall_sentiment"": ""Neutral"", ""sentiment_score"": 3, ""emotional_tone"": ""Frustration"", ""aspects"": {""safety"": ""Not_mentioned"", ""pricing"": ""Negative"", ""service"": ""Negative"", ""cleanliness"": ""Not_mentioned"", ""atmosphere"": ""Positive""}, ""problems"": [""High_prices"", ""Scam""], ""economic_signals"": {""price_perception"": ""Expensive"", ""recommendation"": ""No"", ""revisit_intention"": ""Not_mentioned""}, ""keywords"": [""interesting"", ""shops"", ""high prices"", ""ripping-off"", ""bargaining""]}"
1145,"{""overall_sentiment"": ""Neutral"", ""sentiment_score"": 3, ""emotional_tone"": ""Sadness"", ""aspects"": {""safety"": ""Not_mentioned"", ""pricing"": ""Not_mentioned"", ""service"": ""Not_mentioned"", ""cleanliness"": ""Not_mentioned"", ""atmosphere"": ""Neutral""}, ""problems"": [""Animal_abuse""], ""economic_signals"": {""price_perception"": ""Not_mentioned"", ""recommendation"": ""Not_mentioned"", ""revisit_intention"": ""Not_mentioned""}, ""keywords"": [""shops"", ""snake charmers"", ""animal abuse"", ""sadly""]}"
8522,"{""overall_sentiment"": ""Positive"", ""sentiment_score"": 4, ""emotional_tone"": ""Joy"", ""aspects"": {""safety"": ""Not_mentioned"", ""pricing"": ""Not_mentioned"", ""service"": ""Not_mentioned"", ""cleanliness"": ""Not_mentioned"", ""atmosphere"": ""Positive""}, ""problems"": [""Navigation_difficulty"", ""Getting_lost""], ""economic_signals"": {""price_perception"": ""Not_mentioned"", ""recommendation"": ""Yes"", ""revisit_intention"": ""Not_mentioned""}, ""keywords"": [""Medina"", ""old city"", ""strolling"", ""shopping"", ""getting lost""]}"
4831,"{""overall_sentiment"": ""Negative"", ""sentiment_score"": 2, ""emotional_tone"": ""Disappointment"", ""aspects"": {""safety"": ""Not_mentioned"", ""pricing"": ""Not_mentioned"", ""service"": ""Not_mentioned"", ""cleanliness"": ""Negative"", ""atmosphere"": ""Negative""}, ""problems"": [""Bad_smell"", ""Noise"", ""Lack_of_culture""], ""economic_signals"": {""price_perception"": ""Not_mentioned"", ""recommendation"": ""No"", ""revisit_intention"": ""No""}, ""keywords"": [""stank"", ""noisy"", ""lack of culture"", ""disappointing""]}"
489,"{""overall_sentiment"": ""Negative"", ""sentiment_score"": 2, ""emotional_tone"": ""Frustration"", ""aspects"": {""safety"": ""Negative"", ""pricing"": ""Not_mentioned"", ""service"": ""Not_mentioned"", ""cleanliness"": ""Not_mentioned"", ""atmosphere"": ""Negative""}, ""problems"": [""Safety"", ""Noise"", ""Overcrowding""], ""economic_signals"": {""price_perception"": ""Not_mentioned"", ""recommendation"": ""No"", ""revisit_intention"": ""No""}, ""keywords"": [""safety"", ""noisy"", ""crowded"", ""warnings""]}"
8942,"{""overall_sentiment"": ""Positive"", ""sentiment_score"": 4, ""emotional_tone"": ""Joy"", ""aspects"": {""safety"": ""Not_mentioned"", ""pricing"": ""Not_mentioned"", ""service"": ""Not_mentioned"", ""cleanliness"": ""Not_mentioned"", ""atmosphere"": ""Positive""}, ""problems"": [], ""economic_signals"": {""price_perception"": ""Not_mentioned"", ""recommendation"": ""Yes"", ""revisit_intention"": ""Not_mentioned""}, ""keywords"": [""architecture"", ""Bahia palace"", ""Moroccan culture"", ""enjoyed""]}"
8766,"{""overall_sentiment"": ""Positive"", ""sentiment_score"": 4, ""emotional_tone"": ""Joy"", ""aspects"": {""safety"": ""Negative"", ""pricing"": ""Not_mentioned"", ""service"": ""Not_mentioned"", ""cleanliness"": ""Not_mentioned"", ""atmosphere"": ""Positive""}, ""problems"": [""Navigation_difficulty"", ""Safety""], ""economic_signals"": {""price_perception"": ""Not_mentioned"", ""recommendation"": ""Yes"", ""revisit_intention"": ""Not_mentioned""}, ""keywords"": [""medina life"", ""obstacles"", ""near death"", ""well worth it"", ""delicious treats""]}"
11710,"{""overall_sentiment"": ""Positive"", ""sentiment_score"": 5, ""emotional_tone"": ""Joy"", ""aspects"": {""safety"": ""Not_mentioned"", ""pricing"": ""Not_mentioned"", ""service"": ""Not_mentioned"", ""cleanliness"": ""Positive"", ""atmosphere"": ""Positive""}, ""problems"": [], ""economic_signals"": {""price_perception"": ""Not_mentioned"", ""recommendation"": ""Yes"", ""revisit_intention"": ""Not_mentioned""}, ""keywords"": [""architecture"", ""well kept grounds"", ""amazing tiles"", ""history"", ""spice markets""]}"
5007,"{""overall_sentiment"": ""Positive"", ""sentiment_score"": 3, ""emotional_tone"": ""Surprise"", ""aspects"": {""safety"": ""Negative"", ""pricing"": ""Negative"", ""service"": ""Negative"", ""cleanliness"": ""Neutral"", ""atmosphere"": ""Positive""}, ""problems"": [""Getting_lost"", ""High_prices"", ""Navigation_difficulty""], ""economic_signals"": {""price_perception"": ""Expensive"", ""recommendation"": ""Yes"", ""revisit_intention"": ""Not_mentioned""}, ""keywords"": [""best example"", ""chaos"", ""overcharged"", ""real Marrakech"", ""sensory""]}"
1028,"{""overall_sentiment"": ""Negative"", ""sentiment_score"": 1, ""emotional_tone"": ""Anger"", ""aspects"": {""safety"": ""Not_mentioned"", ""pricing"": ""Negative"", ""service"": ""Negative"", ""cleanliness"": ""Negative"", ""atmosphere"": ""Negative""}, ""problems"": [""Poor_cleanliness"", ""Bad_smell"", ""Scam""], ""economic_signals"": {""price_perception"": ""Expensive"", ""recommendation"": ""No"", ""revisit_intention"": ""No""}, ""keywords"": [""horrendous"", ""filthy"", ""rip off"", ""expensive"", ""avoid""]}"
108,"{""overall_sentiment"": ""Negative"", ""sentiment_score"": 1, ""emotional_tone"": ""Sadness"", ""aspects"": {""safety"": ""Not_mentioned"", ""pricing"": ""Not_mentioned"", ""service"": ""Not_mentioned"", ""cleanliness"": ""Negative"", ""atmosphere"": ""Negative""}, ""problems"": [""Other"", ""Bad_smell""], ""economic_signals"": {""price_perception"": ""Not_mentioned"", ""recommendation"": ""No"", ""revisit_intention"": ""Not_mentioned""}, ""keywords"": [""animal abuse"", ""chained monkeys"", ""donkeys"", ""stench"", ""heartbreaking""]}"
6708,"{""overall_sentiment"": ""Negative"", ""sentiment_score"": 2, ""emotional_tone"": ""Fear"", ""aspects"": {""safety"": ""Negative"", ""pricing"": ""Not_mentioned"", ""service"": ""Not_mentioned"", ""cleanliness"": ""Not_mentioned"", ""atmosphere"": ""Neutral""}, ""problems"": [""Safety"", ""Other"", ""Other""], ""economic_signals"": {""price_perception"": ""Not_mentioned"", ""recommendation"": ""No"", ""revisit_intention"": ""Not_mentioned""}, ""keywords"": [""fascinating"", ""threatened"", ""danger"", ""motorbikes"", ""theft""]}"
9740,"{""overall_sentiment"": ""Positive"", ""sentiment_score"": 4, ""emotional_tone"": ""Joy"", ""aspects"": {""safety"": ""Not_mentioned"", ""pricing"": ""Not_mentioned"", ""service"": ""Not_mentioned"", ""cleanliness"": ""Not_mentioned"", ""atmosphere"": ""Positive""}, ""problems"": [], ""economic_signals"": {""price_perception"": ""Not_mentioned"", ""recommendation"": ""Yes"", ""revisit_intention"": ""Not_mentioned""}, ""keywords"": [""beautiful discovery"", ""architecture"", ""impressive"", ""palace""]}"
9463,"{""overall_sentiment"": ""Neutral"", ""sentiment_score"": 3, ""emotional_tone"": ""Neutral"", ""aspects"": {""safety"": ""Not_mentioned"", ""pricing"": ""Not_mentioned"", ""service"": ""Not_mentioned"", ""cleanliness"": ""Not_mentioned"", ""atmosphere"": ""Positive""}, ""problems"": [""Other""], ""economic_signals"": {""price_perception"": ""Not_mentioned"", ""recommendation"": ""Not_mentioned"", ""revisit_intention"": ""Not_mentioned""}, ""keywords"": [""lots of space"", ""not busy"", ""art works"", ""history"", ""lack of information""]}"
5845,"{""overall_sentiment"": ""Negative"", ""sentiment_score"": 2, ""emotional_tone"": ""Disappointment"", ""aspects"": {""safety"": ""Not_mentioned"", ""pricing"": ""Not_mentioned"", ""service"": ""Negative"", ""cleanliness"": ""Not_mentioned"", ""atmosphere"": ""Negative""}, ""problems"": [""Aggressive_vendors""], ""economic_signals"": {""price_perception"": ""Not_mentioned"", ""recommendation"": ""No"", ""revisit_intention"": ""No""}, ""keywords"": [""disappointment"", ""chaos"", ""left alone"", ""frustration""]}"
947,"{""overall_sentiment"": ""Negative"", ""sentiment_score"": 2, ""emotional_tone"": ""Disappointment"", ""aspects"": {""safety"": ""Negative"", ""pricing"": ""Not_mentioned"", ""service"": ""Not_mentioned"", ""cleanliness"": ""Negative"", ""atmosphere"": ""Negative""}, ""problems"": [""Getting_lost"", ""Poor_cleanliness""], ""economic_signals"": {""price_perception"": ""Not_mentioned"", ""recommendation"": ""Neutral"", ""revisit_intention"": ""Not_mentioned""}, ""keywords"": [""Medina"", ""get lost"", ""nothing special"", ""not clean""]}"
2810,"{""overall_sentiment"": ""Positive"", ""sentiment_score"": 4, ""emotional_tone"": ""Joy"", ""aspects"": {""safety"": ""Not_mentioned"", ""pricing"": ""Positive"", ""service"": ""Not_mentioned"", ""cleanliness"": ""Not_mentioned"", ""atmosphere"": ""Positive""}, ""problems"": [""Scam""], ""economic_signals"": {""price_perception"": ""Fair"", ""recommendation"": ""Yes"", ""revisit_intention"": ""Not_mentioned""}, ""keywords"": [""culinary experience"", ""reasonably priced"", ""negotiate"", ""pop-up restaurants""]}"
9112,"{""overall_sentiment"": ""Positive"", ""sentiment_score"": 5, ""emotional_tone"": ""Joy"", ""aspects"": {""safety"": ""Not_mentioned"", ""pricing"": ""Not_mentioned"", ""service"": ""Positive"", ""cleanliness"": ""Positive"", ""atmosphere"": ""Positive""}, ""problems"": [], ""economic_signals"": {""price_perception"": ""Not_mentioned"", ""recommendation"": ""Yes"", ""revisit_intention"": ""Not_mentioned""}, ""keywords"": [""excellent"", ""guided"", ""beautiful house"", ""well preserved"", ""palace""]}"
6998,"{""overall_sentiment"": ""Neutral"", ""sentiment_score"": 3, ""emotional_tone"": ""Surprise"", ""aspects"": {""safety"": ""Positive"", ""pricing"": ""Not_mentioned"", ""service"": ""Not_mentioned"", ""cleanliness"": ""Negative"", ""atmosphere"": ""Negative""}, ""problems"": [""Bad_smell"", ""Overcrowding"", ""Other""], ""economic_signals"": {""price_perception"": ""Not_mentioned"", ""recommendation"": ""Neutral"", ""revisit_intention"": ""No""}, ""keywords"": [""culture shock"", ""old"", ""smells"", ""traffic"", ""safe"", ""short stay""]}"
12901,"{""overall_sentiment"": ""Neutral"", ""sentiment_score"": 3, ""emotional_tone"": ""Neutral"", ""aspects"": {""safety"": ""Not_mentioned"", ""pricing"": ""Not_mentioned"", ""service"": ""Not_mentioned"", ""cleanliness"": ""Negative"", ""atmosphere"": ""Neutral""}, ""problems"": [""Poor_condition""], ""economic_signals"": {""price_perception"": ""Not_mentioned"", ""recommendation"": ""Yes"", ""revisit_intention"": ""Not_mentioned""}, ""keywords"": [""palace"", ""not well kept"", ""spare time"", ""poor condition""]}"
10333,"{""overall_sentiment"": ""Positive"", ""sentiment_score"": 4, ""emotional_tone"": ""Joy"", ""aspects"": {""safety"": ""Not_mentioned"", ""pricing"": ""Not_mentioned"", ""service"": ""Not_mentioned"", ""cleanliness"": ""Not_mentioned"", ""atmosphere"": ""Positive""}, ""problems"": [], ""economic_signals"": {""price_perception"": ""Not_mentioned"", ""recommendation"": ""Yes"", ""revisit_intention"": ""Not_mentioned""}, ""keywords"": [""Moroccan architecture"", ""colors"", ""beautiful"", ""spaces""]}"
11644,"{""overall_sentiment"": ""Negative"", ""sentiment_score"": 2, ""emotional_tone"": ""Disappointment"", ""aspects"": {""safety"": ""Not_mentioned"", ""pricing"": ""Negative"", ""service"": ""Not_mentioned"", ""cleanliness"": ""Not_mentioned"", ""atmosphere"": ""Negative""}, ""problems"": [""High_prices""], ""economic_signals"": {""price_perception"": ""Expensive"", ""recommendation"": ""No"", ""revisit_intention"": ""Not_mentioned""}, ""keywords"": [""not worth the price"", ""cooler places"", ""tiles"", ""expensive""]}"
942,"{""overall_sentiment"": ""Neutral"", ""sentiment_score"": 2, ""emotional_tone"": ""Frustration"", ""aspects"": {""safety"": ""Not_mentioned"", ""pricing"": ""Not_mentioned"", ""service"": ""Not_mentioned"", ""cleanliness"": ""Not_mentioned"", ""atmosphere"": ""Negative""}, ""problems"": [""Other"", ""Other""], ""economic_signals"": {""price_perception"": ""Not_mentioned"", ""recommendation"": ""No"", ""revisit_intention"": ""No""}, ""keywords"": [""daunting"", ""boring"", ""experience"", ""no desire to revisit""]}"
13954,"{""overall_sentiment"": ""Positive"", ""sentiment_score"": 4, ""emotional_tone"": ""Joy"", ""aspects"": {""safety"": ""Not_mentioned"", ""pricing"": ""Not_mentioned"", ""service"": ""Not_mentioned"", ""cleanliness"": ""Not_mentioned"", ""atmosphere"": ""Positive""}, ""problems"": [""Other""], ""economic_signals"": {""price_perception"": ""Not_mentioned"", ""recommendation"": ""Yes"", ""revisit_intention"": ""Not_mentioned""}, ""keywords"": [""palace"", ""architecture"", ""limited space"", ""worth visiting"", ""fabulous""]}"
13016,"{""overall_sentiment"": ""Positive"", ""sentiment_score"": 4, ""emotional_tone"": ""Joy"", ""aspects"": {""safety"": ""Not_mentioned"", ""pricing"": ""Positive"", ""service"": ""Not_mentioned"", ""cleanliness"": ""Not_mentioned"", ""atmosphere"": ""Positive""}, ""problems"": [], ""economic_signals"": {""price_perception"": ""Cheap"", ""recommendation"": ""Not_mentioned"", ""revisit_intention"": ""Not_mentioned""}, ""keywords"": [""escape"", ""pretty palace"", ""ornate"", ""inexpensive"", ""relaxing""]}"
3642,"{""overall_sentiment"": ""Negative"", ""sentiment_score"": 2, ""emotional_tone"": ""Frustration"", ""aspects"": {""safety"": ""Negative"", ""pricing"": ""Not_mentioned"", ""service"": ""Negative"", ""cleanliness"": ""Not_mentioned"", ""atmosphere"": ""Neutral""}, ""problems"": [""Aggressive_vendors"", ""Safety""], ""economic_signals"": {""price_perception"": ""Not_mentioned"", ""recommendation"": ""No"", ""revisit_intention"": ""Not_mentioned""}, ""keywords"": [""souks"", ""Jemaa el-Fna"", ""aggressive"", ""nasty"", ""agro""]}"
242,"{""overall_sentiment"": ""Negative"", ""sentiment_score"": 2, ""emotional_tone"": ""Frustration"", ""aspects"": {""safety"": ""Not_mentioned"", ""pricing"": ""Negative"", ""service"": ""Not_mentioned"", ""cleanliness"": ""Not_mentioned"", ""atmosphere"": ""Neutral""}, ""problems"": [""Scam"", ""Other""], ""economic_signals"": {""price_perception"": ""Not_mentioned"", ""recommendation"": ""No"", ""revisit_intention"": ""No""}, ""keywords"": [""Medina"", ""chaotic"", ""bargaining difficulty"", ""scammed"", ""tiresome""]}"
10279,"{""overall_sentiment"": ""Negative"", ""sentiment_score"": 3, ""emotional_tone"": ""Frustration"", ""aspects"": {""safety"": ""Not_mentioned"", ""pricing"": ""Negative"", ""service"": ""Not_mentioned"", ""cleanliness"": ""Not_mentioned"", ""atmosphere"": ""Positive""}, ""problems"": [""High_prices""], ""economic_signals"": {""price_perception"": ""Expensive"", ""recommendation"": ""Yes"", ""revisit_intention"": ""Not_mentioned""}, ""keywords"": [""architecture"", ""Marrakesh"", ""market"", ""overpriced"", ""worthy visit""]}"
7727,"{""overall_sentiment"": ""Negative"", ""sentiment_score"": 1, ""emotional_tone"": ""Sadness"", ""aspects"": {""safety"": ""Negative"", ""pricing"": ""Not_mentioned"", ""service"": ""Negative"", ""cleanliness"": ""Not_mentioned"", ""atmosphere"": ""Negative""}, ""problems"": [""Aggressive_vendors"", ""Safety""], ""economic_signals"": {""price_perception"": ""Not_mentioned"", ""recommendation"": ""No"", ""revisit_intention"": ""No""}, ""keywords"": [""harassment"", ""female safety"", ""Marrakesh"", ""sadness"", ""bothered""]}"
9631,"{""overall_sentiment"": ""Positive"", ""sentiment_score"": 5, ""emotional_tone"": ""Joy"", ""aspects"": {""safety"": ""Not_mentioned"", ""pricing"": ""Not_mentioned"", ""service"": ""Not_mentioned"", ""cleanliness"": ""Not_mentioned"", ""atmosphere"": ""Positive""}, ""problems"": [], ""economic_signals"": {""price_perception"": ""Not_mentioned"", ""recommendation"": ""Yes"", ""revisit_intention"": ""Not_mentioned""}, ""keywords"": [""beautiful building"", ""mosaics"", ""sublime colors"", ""pleasant""]}"
5364,"{""overall_sentiment"": ""Negative"", ""sentiment_score"": 2, ""emotional_tone"": ""Frustration"", ""aspects"": {""safety"": ""Negative"", ""pricing"": ""Negative"", ""service"": ""Negative"", ""cleanliness"": ""Negative"", ""atmosphere"": ""Neutral""}, ""problems"": [""Aggressive_vendors"", ""Scam"", ""Poor_cleanliness""], ""economic_signals"": {""price_perception"": ""Not_mentioned"", ""recommendation"": ""No"", ""revisit_intention"": ""Not_mentioned""}, ""keywords"": [""busy"", ""not clean"", ""street sellers"", ""scam"", ""aggressive""]}"
6337,"{""overall_sentiment"": ""Negative"", ""sentiment_score"": 2, ""emotional_tone"": ""Frustration"", ""aspects"": {""safety"": ""Not_mentioned"", ""pricing"": ""Not_mentioned"", ""service"": ""Negative"", ""cleanliness"": ""Negative"", ""atmosphere"": ""Neutral""}, ""problems"": [""Bad_smell"", ""Poor_cleanliness"", ""Aggressive_vendors""], ""economic_signals"": {""price_perception"": ""Not_mentioned"", ""recommendation"": ""No"", ""revisit_intention"": ""Not_mentioned""}, ""keywords"": [""beautiful"", ""smelly"", ""dirty"", ""touts"", ""hassling""]}"
2538,"{""overall_sentiment"": ""Negative"", ""sentiment_score"": 1, ""emotional_tone"": ""Anger"", ""aspects"": {""safety"": ""Negative"", ""pricing"": ""Not_mentioned"", ""service"": ""Negative"", ""cleanliness"": ""Not_mentioned"", ""atmosphere"": ""Negative""}, ""problems"": [""Aggressive_vendors"", ""Navigation_difficulty"", ""Getting_lost""], ""economic_signals"": {""price_perception"": ""Not_mentioned"", ""recommendation"": ""No"", ""revisit_intention"": ""No""}, ""keywords"": [""locals awful"", ""harass"", ""get lost"", ""GPS"", ""Medina""]}"
14767,"{""overall_sentiment"": ""Neutral"", ""sentiment_score"": 3, ""emotional_tone"": ""Neutral"", ""aspects"": {""safety"": ""Not_mentioned"", ""pricing"": ""Not_mentioned"", ""service"": ""Not_mentioned"", ""cleanliness"": ""Not_mentioned"", ""atmosphere"": ""Neutral""}, ""problems"": [""Other""], ""economic_signals"": {""price_perception"": ""Not_mentioned"", ""recommendation"": ""Not_mentioned"", ""revisit_intention"": ""Not_mentioned""}, ""keywords"": [""nice place"", ""sunset photos"", ""ruin"", ""limited attractions""]}"
10922,"{""overall_sentiment"": ""Negative"", ""sentiment_score"": 2, ""emotional_tone"": ""Sadness"", ""aspects"": {""safety"": ""Not_mentioned"", ""pricing"": ""Not_mentioned"", ""service"": ""Not_mentioned"", ""cleanliness"": ""Not_mentioned"", ""atmosphere"": ""Negative""}, ""problems"": [""Overcrowding""], ""economic_signals"": {""price_perception"": ""Not_mentioned"", ""recommendation"": ""No"", ""revisit_intention"": ""Not_mentioned""}, ""keywords"": [""palace"", ""crowd"", ""pushed along"", ""overcrowding""]}"
11140,"{""overall_sentiment"": ""Neutral"", ""sentiment_score"": 3, ""emotional_tone"": ""Neutral"", ""aspects"": {""safety"": ""Not_mentioned"", ""pricing"": ""Not_mentioned"", ""service"": ""Not_mentioned"", ""cleanliness"": ""Not_mentioned"", ""atmosphere"": ""Neutral""}, ""problems"": [""Other""], ""economic_signals"": {""price_perception"": ""Not_mentioned"", ""recommendation"": ""Yes"", ""revisit_intention"": ""Not_mentioned""}, ""keywords"": [""palaces"", ""nothing new"", ""Medina"", ""recommended""]}"
4100,"{""overall_sentiment"": ""Negative"", ""sentiment_score"": 2, ""emotional_tone"": ""Frustration"", ""aspects"": {""safety"": ""Not_mentioned"", ""pricing"": ""Negative"", ""service"": ""Negative"", ""cleanliness"": ""Not_mentioned"", ""atmosphere"": ""Negative""}, ""problems"": [""Scam"", ""High_prices"", ""Aggressive_vendors""], ""economic_signals"": {""price_perception"": ""Expensive"", ""recommendation"": ""No"", ""revisit_intention"": ""Not_mentioned""}, ""keywords"": [""vendors"", ""prices"", ""Essaouira"", ""guide"", ""expensive shop""]}"
161,"{""overall_sentiment"": ""Negative"", ""sentiment_score"": 1, ""emotional_tone"": ""Disgust"", ""aspects"": {""safety"": ""Negative"", ""pricing"": ""Not_mentioned"", ""service"": ""Not_mentioned"", ""cleanliness"": ""Negative"", ""atmosphere"": ""Negative""}, ""problems"": [""Overcrowding"", ""Other""], ""economic_signals"": {""price_perception"": ""Not_mentioned"", ""recommendation"": ""No"", ""revisit_intention"": ""No""}, ""keywords"": [""Medina"", ""terrible"", ""air pollution"", ""motorcycles"", ""tourist junk""]}"
12732,"{""overall_sentiment"": ""Positive"", ""sentiment_score"": 4, ""emotional_tone"": ""Joy"", ""aspects"": {""safety"": ""Not_mentioned"", ""pricing"": ""Not_mentioned"", ""service"": ""Not_mentioned"", ""cleanliness"": ""Not_mentioned"", ""atmosphere"": ""Positive""}, ""problems"": [], ""economic_signals"": {""price_perception"": ""Not_mentioned"", ""recommendation"": ""Not_mentioned"", ""revisit_intention"": ""Not_mentioned""}, ""keywords"": [""palace"", ""designs"", ""details"", ""finishes""]}"
2899,"{""overall_sentiment"": ""Negative"", ""sentiment_score"": 2, ""emotional_tone"": ""Frustration"", ""aspects"": {""safety"": ""Negative"", ""pricing"": ""Not_mentioned"", ""service"": ""Not_mentioned"", ""cleanliness"": ""Not_mentioned"", ""atmosphere"": ""Negative""}, ""problems"": [""Safety"", ""Bad_smell""], ""economic_signals"": {""price_perception"": ""Not_mentioned"", ""recommendation"": ""Not_mentioned"", ""revisit_intention"": ""Not_mentioned""}, ""keywords"": [""medina"", ""motorbike drivers"", ""CO2 emission"", ""uncomfortable""]}"
3050,"{""overall_sentiment"": ""Positive"", ""sentiment_score"": 4, ""emotional_tone"": ""Surprise"", ""aspects"": {""safety"": ""Not_mentioned"", ""pricing"": ""Not_mentioned"", ""service"": ""Not_mentioned"", ""cleanliness"": ""Not_mentioned"", ""atmosphere"": ""Positive""}, ""problems"": [], ""economic_signals"": {""price_perception"": ""Not_mentioned"", ""recommendation"": ""Not_mentioned"", ""revisit_intention"": ""Not_mentioned""}, ""keywords"": [""Main Square"", ""Jemma al Fnaa"", ""vibrancy"", ""unique""]}"
10616,"{""overall_sentiment"": ""Positive"", ""sentiment_score"": 4, ""emotional_tone"": ""Joy"", ""aspects"": {""safety"": ""Not_mentioned"", ""pricing"": ""Not_mentioned"", ""service"": ""Positive"", ""cleanliness"": ""Not_mentioned"", ""atmosphere"": ""Positive""}, ""problems"": [""Navigation_difficulty""], ""economic_signals"": {""price_perception"": ""Not_mentioned"", ""recommendation"": ""Yes"", ""revisit_intention"": ""Not_mentioned""}, ""keywords"": [""interesting"", ""beautiful"", ""guide"", ""information""]}"
676,"{""overall_sentiment"": ""Negative"", ""sentiment_score"": 2, ""emotional_tone"": ""Frustration"", ""aspects"": {""safety"": ""Negative"", ""pricing"": ""Not_mentioned"", ""service"": ""Not_mentioned"", ""cleanliness"": ""Not_mentioned"", ""atmosphere"": ""Negative""}, ""problems"": [""Safety""], ""economic_signals"": {""price_perception"": ""Not_mentioned"", ""recommendation"": ""Not_mentioned"", ""revisit_intention"": ""Not_mentioned""}, ""keywords"": [""souks"", ""mopeds"", ""crazy"", ""safety""]}"
13805,"{""overall_sentiment"": ""Positive"", ""sentiment_score"": 5, ""emotional_tone"": ""Joy"", ""aspects"": {""safety"": ""Not_mentioned"", ""pricing"": ""Not_mentioned"", ""service"": ""Not_mentioned"", ""cleanliness"": ""Not_mentioned"", ""atmosphere"": ""Positive""}, ""problems"": [], ""economic_signals"": {""price_perception"": ""Not_mentioned"", ""recommendation"": ""Yes"", ""revisit_intention"": ""Not_mentioned""}, ""keywords"": [""palace"", ""history"", ""carved"", ""architecture"", ""enjoy""]}"
11318,"{""overall_sentiment"": ""Positive"", ""sentiment_score"": 5, ""emotional_tone"": ""Joy"", ""aspects"": {""safety"": ""Not_mentioned"", ""pricing"": ""Not_mentioned"", ""service"": ""Not_mentioned"", ""cleanliness"": ""Not_mentioned"", ""atmosphere"": ""Positive""}, ""problems"": [""Overcrowding""], ""economic_signals"": {""price_perception"": ""Not_mentioned"", ""recommendation"": ""Yes"", ""revisit_intention"": ""Not_mentioned""}, ""keywords"": [""stunning"", ""craftsmanship"", ""carvings"", ""photos"", ""overcrowding""]}"
6851,"{""overall_sentiment"": ""Negative"", ""sentiment_score"": 1, ""emotional_tone"": ""Frustration"", ""aspects"": {""safety"": ""Negative"", ""pricing"": ""Not_mentioned"", ""service"": ""Negative"", ""cleanliness"": ""Negative"", ""atmosphere"": ""Negative""}, ""problems"": [""Navigation_difficulty"", ""Bad_smell"", ""Aggressive_vendors""], ""economic_signals"": {""price_perception"": ""Not_mentioned"", ""recommendation"": ""No"", ""revisit_intention"": ""No""}, ""keywords"": [""Medina"", ""traffic"", ""pollution"", ""bad smell"", ""hassled""]}"
12225,"{""overall_sentiment"": ""Negative"", ""sentiment_score"": 2, ""emotional_tone"": ""Disappointment"", ""aspects"": {""safety"": ""Not_mentioned"", ""pricing"": ""Not_mentioned"", ""service"": ""Not_mentioned"", ""cleanliness"": ""Not_mentioned"", ""atmosphere"": ""Neutral""}, ""problems"": [], ""economic_signals"": {""price_perception"": ""Not_mentioned"", ""recommendation"": ""Not_mentioned"", ""revisit_intention"": ""Not_mentioned""}, ""keywords"": [""landmarks"", ""impressive"", ""repetitive""]}"
6873,"{""overall_sentiment"": ""Positive"", ""sentiment_score"": 5, ""emotional_tone"": ""Joy"", ""aspects"": {""safety"": ""Not_mentioned"", ""pricing"": ""Not_mentioned"", ""service"": ""Not_mentioned"", ""cleanliness"": ""Not_mentioned"", ""atmosphere"": ""Positive""}, ""problems"": [], ""economic_signals"": {""price_perception"": ""Not_mentioned"", ""recommendation"": ""Yes"", ""revisit_intention"": ""Not_mentioned""}, ""keywords"": [""souks"", ""Jemma el Fna"", ""outstanding"", ""pitoresk""]}"
10914,"{""overall_sentiment"": ""Negative"", ""sentiment_score"": 2, ""emotional_tone"": ""Frustration"", ""aspects"": {""safety"": ""Not_mentioned"", ""pricing"": ""Not_mentioned"", ""service"": ""Negative"", ""cleanliness"": ""Not_mentioned"", ""atmosphere"": ""Neutral""}, ""problems"": [""Navigation_difficulty"", ""Poor_condition""], ""economic_signals"": {""price_perception"": ""Not_mentioned"", ""recommendation"": ""No"", ""revisit_intention"": ""No""}, ""keywords"": [""guided tour"", ""information"", ""repetitive"", ""palace""]}"
274,"{""overall_sentiment"": ""Negative"", ""sentiment_score"": 1, ""emotional_tone"": ""Fear"", ""aspects"": {""safety"": ""Negative"", ""pricing"": ""Negative"", ""service"": ""Negative"", ""cleanliness"": ""Negative"", ""atmosphere"": ""Negative""}, ""problems"": [""Safety"", ""Poor_cleanliness"", ""Scam""], ""economic_signals"": {""price_perception"": ""Not_mentioned"", ""recommendation"": ""No"", ""revisit_intention"": ""No""}, ""keywords"": [""medina"", ""not safe"", ""dirty"", ""mopeds"", ""beggars""]}"
4820,"{""overall_sentiment"": ""Negative"", ""sentiment_score"": 2, ""emotional_tone"": ""Frustration"", ""aspects"": {""safety"": ""Not_mentioned"", ""pricing"": ""Not_mentioned"", ""service"": ""Negative"", ""cleanliness"": ""Not_mentioned"", ""atmosphere"": ""Negative""}, ""problems"": [""Aggressive_vendors"", ""Navigation_difficulty""], ""economic_signals"": {""price_perception"": ""Not_mentioned"", ""recommendation"": ""No"", ""revisit_intention"": ""Not_mentioned""}, ""keywords"": [""medina"", ""merchants"", ""hassle"", ""guide"", ""GPS""]}"
13964,"{""overall_sentiment"": ""Neutral"", ""sentiment_score"": 3, ""emotional_tone"": ""Neutral"", ""aspects"": {""safety"": ""Not_mentioned"", ""pricing"": ""Not_mentioned"", ""service"": ""Not_mentioned"", ""cleanliness"": ""Not_mentioned"", ""atmosphere"": ""Neutral""}, ""problems"": [], ""economic_signals"": {""price_perception"": ""Not_mentioned"", ""recommendation"": ""Not_mentioned"", ""revisit_intention"": ""Not_mentioned""}, ""keywords"": [""dinner"", ""restaurant"", ""food"", ""locals""]}"
12262,"{""overall_sentiment"": ""Positive"", ""sentiment_score"": 5, ""emotional_tone"": ""Joy"", ""aspects"": {""safety"": ""Not_mentioned"", ""pricing"": ""Not_mentioned"", ""service"": ""Not_mentioned"", ""cleanliness"": ""Not_mentioned"", ""atmosphere"": ""Positive""}, ""problems"": [], ""economic_signals"": {""price_perception"": ""Not_mentioned"", ""recommendation"": ""Yes"", ""revisit_intention"": ""Yes""}, ""keywords"": [""beautiful"", ""calming"", ""carvings"", ""gardens"", ""oasis""]}"
6777,"{""overall_sentiment"": ""Positive"", ""sentiment_score"": 5, ""emotional_tone"": ""Joy"", ""aspects"": {""safety"": ""Not_mentioned"", ""pricing"": ""Not_mentioned"", ""service"": ""Not_mentioned"", ""cleanliness"": ""Not_mentioned"", ""atmosphere"": ""Positive""}, ""problems"": [], ""economic_signals"": {""price_perception"": ""Not_mentioned"", ""recommendation"": ""Yes"", ""revisit_intention"": ""Not_mentioned""}, ""keywords"": [""heaven"", ""amazing walls"", ""absolute must"", ""get lost""]}"
1915,"{""overall_sentiment"": ""Negative"", ""sentiment_score"": 2, ""emotional_tone"": ""Frustration"", ""aspects"": {""safety"": ""Negative"", ""pricing"": ""Not_mentioned"", ""service"": ""Negative"", ""cleanliness"": ""Not_mentioned"", ""atmosphere"": ""Negative""}, ""problems"": [""Aggressive_vendors"", ""Scam"", ""Overcrowding""], ""economic_signals"": {""price_perception"": ""Not_mentioned"", ""recommendation"": ""No"", ""revisit_intention"": ""Not_mentioned""}, ""keywords"": [""chaotic"", ""stressful"", ""cheat"", ""artisan"", ""traffic""]}"
3820,"{""overall_sentiment"": ""Negative"", ""sentiment_score"": 2, ""emotional_tone"": ""Frustration"", ""aspects"": {""safety"": ""Negative"", ""pricing"": ""Not_mentioned"", ""service"": ""Not_mentioned"", ""cleanliness"": ""Negative"", ""atmosphere"": ""Negative""}, ""problems"": [""Bad_smell"", ""Safety"", ""Overcrowding""], ""economic_signals"": {""price_perception"": ""Not_mentioned"", ""recommendation"": ""No"", ""revisit_intention"": ""No""}, ""keywords"": [""air pollution"", ""motorbikes"", ""smog"", ""respect"", ""Fez""]}"
6628,"{""overall_sentiment"": ""Positive"", ""sentiment_score"": 4, ""emotional_tone"": ""Neutral"", ""aspects"": {""safety"": ""Not_mentioned"", ""pricing"": ""Positive"", ""service"": ""Positive"", ""cleanliness"": ""Not_mentioned"", ""atmosphere"": ""Neutral""}, ""problems"": [], ""economic_signals"": {""price_perception"": ""Cheap"", ""recommendation"": ""Not_mentioned"", ""revisit_intention"": ""Not_mentioned""}, ""keywords"": [""haggling"", ""good price"", ""hard selling"", ""pleasant service""]}"
1699,"{""overall_sentiment"": ""Negative"", ""sentiment_score"": 2, ""emotional_tone"": ""Disinterest"", ""aspects"": {""safety"": ""Not_mentioned"", ""pricing"": ""Not_mentioned"", ""service"": ""Not_mentioned"", ""cleanliness"": ""Not_mentioned"", ""atmosphere"": ""Negative""}, ""problems"": [""Getting_lost"", ""Navigation_difficulty""], ""economic_signals"": {""price_perception"": ""Not_mentioned"", ""recommendation"": ""No"", ""revisit_intention"": ""Not_mentioned""}, ""keywords"": [""get lost"", ""alleys"", ""irrelevant"", ""guide""]}"
3480,"{""overall_sentiment"": ""Positive"", ""sentiment_score"": 5, ""emotional_tone"": ""Joy"", ""aspects"": {""safety"": ""Not_mentioned"", ""pricing"": ""Positive"", ""service"": ""Not_mentioned"", ""cleanliness"": ""Not_mentioned"", ""atmosphere"": ""Positive""}, ""problems"": [], ""economic_signals"": {""price_perception"": ""Fair"", ""recommendation"": ""Yes"", ""revisit_intention"": ""Not_mentioned""}, ""keywords"": [""great experience"", ""wonderful products"", ""good prices"", ""shoppers dream""]}"
10322,"{""overall_sentiment"": ""Positive"", ""sentiment_score"": 5, ""emotional_tone"": ""Joy"", ""aspects"": {""safety"": ""Not_mentioned"", ""pricing"": ""Not_mentioned"", ""service"": ""Not_mentioned"", ""cleanliness"": ""Not_mentioned"", ""atmosphere"": ""Positive""}, ""problems"": [], ""economic_signals"": {""price_perception"": ""Not_mentioned"", ""recommendation"": ""Yes"", ""revisit_intention"": ""Not_mentioned""}, ""keywords"": [""architecture"", ""palace"", ""exciting"", ""artistic intelligence"", ""recommended""]}"
2264,"{""overall_sentiment"": ""Positive"", ""sentiment_score"": 4, ""emotional_tone"": ""Joy"", ""aspects"": {""safety"": ""Not_mentioned"", ""pricing"": ""Neutral"", ""service"": ""Neutral"", ""cleanliness"": ""Not_mentioned"", ""atmosphere"": ""Positive""}, ""problems"": [], ""economic_signals"": {""price_perception"": ""Not_mentioned"", ""recommendation"": ""Yes"", ""revisit_intention"": ""Not_mentioned""}, ""keywords"": [""evening"", ""must do"", ""traders"", ""haggle"", ""enjoyable""]}"
8876,"{""overall_sentiment"": ""Negative"", ""sentiment_score"": 1, ""emotional_tone"": ""Anger"", ""aspects"": {""safety"": ""Negative"", ""pricing"": ""Negative"", ""service"": ""Negative"", ""cleanliness"": ""Not_mentioned"", ""atmosphere"": ""Negative""}, ""problems"": [""Aggressive_vendors"", ""Scam"", ""Overcrowding""], ""economic_signals"": {""price_perception"": ""Not_mentioned"", ""recommendation"": ""No"", ""revisit_intention"": ""No""}, ""keywords"": [""aggressive vendors"", ""battlefield"", ""exhausting"", ""scam"", ""overcrowding""]}"
11047,"{""overall_sentiment"": ""Neutral"", ""sentiment_score"": 3, ""emotional_tone"": ""Frustration"", ""aspects"": {""safety"": ""Not_mentioned"", ""pricing"": ""Not_mentioned"", ""service"": ""Not_mentioned"", ""cleanliness"": ""Not_mentioned"", ""atmosphere"": ""Neutral""}, ""problems"": [""Overcrowding""], ""economic_signals"": {""price_perception"": ""Not_mentioned"", ""recommendation"": ""Not_mentioned"", ""revisit_intention"": ""Not_mentioned""}, ""keywords"": [""crowded"", ""beautiful"", ""ceramic tiles"", ""long lines""]}"
2612,"{""overall_sentiment"": ""Negative"", ""sentiment_score"": 2, ""emotional_tone"": ""Frustration"", ""aspects"": {""safety"": ""Negative"", ""pricing"": ""Negative"", ""service"": ""Negative"", ""cleanliness"": ""Negative"", ""atmosphere"": ""Negative""}, ""problems"": [""Aggressive_vendors"", ""Poor_cleanliness"", ""Scam""], ""economic_signals"": {""price_perception"": ""Not_mentioned"", ""recommendation"": ""No"", ""revisit_intention"": ""No""}, ""keywords"": [""noisy"", ""dirty"", ""aggressive vendors"", ""snake charmers"", ""demand money""]}"
2391,"{""overall_sentiment"": ""Negative"", ""sentiment_score"": 1, ""emotional_tone"": ""Frustration"", ""aspects"": {""safety"": ""Negative"", ""pricing"": ""Negative"", ""service"": ""Negative"", ""cleanliness"": ""Not_mentioned"", ""atmosphere"": ""Negative""}, ""problems"": [""Scam"", ""Aggressive_vendors"", ""Safety""], ""economic_signals"": {""price_perception"": ""Not_mentioned"", ""recommendation"": ""No"", ""revisit_intention"": ""Not_mentioned""}, ""keywords"": [""poverty"", ""beggars"", ""pushy"", ""uncomfortable"", ""scam""]}"
9432,"{""overall_sentiment"": ""Neutral"", ""sentiment_score"": 3, ""emotional_tone"": ""Frustration"", ""aspects"": {""safety"": ""Not_mentioned"", ""pricing"": ""Not_mentioned"", ""service"": ""Not_mentioned"", ""cleanliness"": ""Not_mentioned"", ""atmosphere"": ""Neutral""}, ""problems"": [""Overcrowding"", ""Poor_condition""], ""economic_signals"": {""price_perception"": ""Not_mentioned"", ""recommendation"": ""Yes"", ""revisit_intention"": ""Not_mentioned""}, ""keywords"": [""overcrowded"", ""beautiful architecture"", ""investment needed"", ""moorish sites""]}"
9781,"{""overall_sentiment"": ""Positive"", ""sentiment_score"": 5, ""emotional_tone"": ""Joy"", ""aspects"": {""safety"": ""Not_mentioned"", ""pricing"": ""Not_mentioned"", ""service"": ""Not_mentioned"", ""cleanliness"": ""Not_mentioned"", ""atmosphere"": ""Positive""}, ""problems"": [], ""economic_signals"": {""price_perception"": ""Not_mentioned"", ""recommendation"": ""Yes"", ""revisit_intention"": ""Not_mentioned""}, ""keywords"": [""grandeur"", ""decorations"", ""Islamic art"", ""craftsmanship"", ""gardens""]}"
8337,"{""overall_sentiment"": ""Neutral"", ""sentiment_score"": 3, ""emotional_tone"": ""Frustration"", ""aspects"": {""safety"": ""Neutral"", ""pricing"": ""Neutral"", ""service"": ""Negative"", ""cleanliness"": ""Not_mentioned"", ""atmosphere"": ""Negative""}, ""problems"": [""Aggressive_vendors"", ""Overcrowding""], ""economic_signals"": {""price_perception"": ""Not_mentioned"", ""recommendation"": ""Not_mentioned"", ""revisit_intention"": ""Not_mentioned""}, ""keywords"": [""interesting"", ""hassle"", ""jostling"", ""traders"", ""haggling""]}"
2577,"{""overall_sentiment"": ""Negative"", ""sentiment_score"": 2, ""emotional_tone"": ""Frustration"", ""aspects"": {""safety"": ""Negative"", ""pricing"": ""Not_mentioned"", ""service"": ""Not_mentioned"", ""cleanliness"": ""Negative"", ""atmosphere"": ""Negative""}, ""problems"": [""Overcrowding"", ""Poor_cleanliness"", ""Safety""], ""economic_signals"": {""price_perception"": ""Not_mentioned"", ""recommendation"": ""No"", ""revisit_intention"": ""No""}, ""keywords"": [""crowded"", ""loud"", ""dirty"", ""scooters"", ""disliked""]}"
6580,"{""overall_sentiment"": ""Neutral"", ""sentiment_score"": 3, ""emotional_tone"": ""Neutral"", ""aspects"": {""safety"": ""Not_mentioned"", ""pricing"": ""Positive"", ""service"": ""Neutral"", ""cleanliness"": ""Not_mentioned"", ""atmosphere"": ""Neutral""}, ""problems"": [""Aggressive_vendors""], ""economic_signals"": {""price_perception"": ""Fair"", ""recommendation"": ""Not_mentioned"", ""revisit_intention"": ""Not_mentioned""}, ""keywords"": [""intimidating"", ""stall holders"", ""friendly"", ""haggling"", ""reasonable prices""]}"
13740,"{""overall_sentiment"": ""Positive"", ""sentiment_score"": 4, ""emotional_tone"": ""Joy"", ""aspects"": {""safety"": ""Not_mentioned"", ""pricing"": ""Positive"", ""service"": ""Not_mentioned"", ""cleanliness"": ""Not_mentioned"", ""atmosphere"": ""Positive""}, ""problems"": [""Poor_condition""], ""economic_signals"": {""price_perception"": ""Cheap"", ""recommendation"": ""Yes"", ""revisit_intention"": ""Not_mentioned""}, ""keywords"": [""amazing building"", ""renovation needed"", ""inexpensive"", ""loved""]}"
1452,"{""overall_sentiment"": ""Negative"", ""sentiment_score"": 1, ""emotional_tone"": ""Fear"", ""aspects"": {""safety"": ""Negative"", ""pricing"": ""Not_mentioned"", ""service"": ""Negative"", ""cleanliness"": ""Not_mentioned"", ""atmosphere"": ""Negative""}, ""problems"": [""Aggressive_vendors"", ""Overcrowding"", ""Navigation_difficulty""], ""economic_signals"": {""price_perception"": ""Not_mentioned"", ""recommendation"": ""No"", ""revisit_intention"": ""No""}, ""keywords"": [""scary"", ""beggars"", ""rude"", ""getting lost"", ""unappealing""]}"
14115,"{""overall_sentiment"": ""Neutral"", ""sentiment_score"": 3, ""emotional_tone"": ""Neutral"", ""aspects"": {""safety"": ""Not_mentioned"", ""pricing"": ""Not_mentioned"", ""service"": ""Not_mentioned"", ""cleanliness"": ""Not_mentioned"", ""atmosphere"": ""Neutral""}, ""problems"": [""Poor_condition""], ""economic_signals"": {""price_perception"": ""Not_mentioned"", ""recommendation"": ""Not_mentioned"", ""revisit_intention"": ""Not_mentioned""}, ""keywords"": [""garden"", ""architecture"", ""empty"", ""no furniture"", ""easy to get to""]}"
8358,"{""overall_sentiment"": ""Neutral"", ""sentiment_score"": 2, ""emotional_tone"": ""Neutral"", ""aspects"": {""safety"": ""Negative"", ""pricing"": ""Not_mentioned"", ""service"": ""Not_mentioned"", ""cleanliness"": ""Not_mentioned"", ""atmosphere"": ""Neutral""}, ""problems"": [""Safety"", ""Navigation_difficulty""], ""economic_signals"": {""price_perception"": ""Not_mentioned"", ""recommendation"": ""Not_mentioned"", ""revisit_intention"": ""Not_mentioned""}, ""keywords"": [""uncomfortable"", ""experience"", ""guide needed"", ""unsure""]}"
2243,"{""overall_sentiment"": ""Negative"", ""sentiment_score"": 1, ""emotional_tone"": ""Disgust"", ""aspects"": {""safety"": ""Negative"", ""pricing"": ""Not_mentioned"", ""service"": ""Negative"", ""cleanliness"": ""Negative"", ""atmosphere"": ""Negative""}, ""problems"": [""Bad_smell"", ""Poor_cleanliness"", ""Overcrowding""], ""economic_signals"": {""price_perception"": ""Not_mentioned"", ""recommendation"": ""No"", ""revisit_intention"": ""No""}, ""keywords"": [""noisy"", ""smelly"", ""dirty"", ""bedlam"", ""alien culture""]}"
9925,"{""overall_sentiment"": ""Negative"", ""sentiment_score"": 2, ""emotional_tone"": ""Disappointment"", ""aspects"": {""safety"": ""Not_mentioned"", ""pricing"": ""Not_mentioned"", ""service"": ""Not_mentioned"", ""cleanliness"": ""Negative"", ""atmosphere"": ""Negative""}, ""problems"": [""Poor_condition""], ""economic_signals"": {""price_perception"": ""Not_mentioned"", ""recommendation"": ""No"", ""revisit_intention"": ""Not_mentioned""}, ""keywords"": [""dreary"", ""not spectacular"", ""weeds"", ""wooden ceilings""]}"
14095,"{""overall_sentiment"": ""Positive"", ""sentiment_score"": 5, ""emotional_tone"": ""Joy"", ""aspects"": {""safety"": ""Not_mentioned"", ""pricing"": ""Positive"", ""service"": ""Not_mentioned"", ""cleanliness"": ""Not_mentioned"", ""atmosphere"": ""Positive""}, ""problems"": [], ""economic_signals"": {""price_perception"": ""Cheap"", ""recommendation"": ""Yes"", ""revisit_intention"": ""Not_mentioned""}, ""keywords"": [""cheap"", ""opulent"", ""calm"", ""tranquil"", ""highly recommend""]}"
13616,"{""overall_sentiment"": ""Positive"", ""sentiment_score"": 4, ""emotional_tone"": ""Joy"", ""aspects"": {""safety"": ""Not_mentioned"", ""pricing"": ""Not_mentioned"", ""service"": ""Neutral"", ""cleanliness"": ""Not_mentioned"", ""atmosphere"": ""Positive""}, ""problems"": [], ""economic_signals"": {""price_perception"": ""Not_mentioned"", ""recommendation"": ""Yes"", ""revisit_intention"": ""Not_mentioned""}, ""keywords"": [""enjoyed"", ""gorgeous floors"", ""stunning ceilings"", ""leisurely pace""]}"
665,"{""overall_sentiment"": ""Negative"", ""sentiment_score"": 2, ""emotional_tone"": ""Sadness"", ""aspects"": {""safety"": ""Negative"", ""pricing"": ""Not_mentioned"", ""service"": ""Not_mentioned"", ""cleanliness"": ""Not_mentioned"", ""atmosphere"": ""Negative""}, ""problems"": [""Poor_condition"", ""Safety""], ""economic_signals"": {""price_perception"": ""Not_mentioned"", ""recommendation"": ""No"", ""revisit_intention"": ""Not_mentioned""}, ""keywords"": [""empty"", ""dangerous drive"", ""not nice""]}"
10743,"{""overall_sentiment"": ""Negative"", ""sentiment_score"": 2, ""emotional_tone"": ""Disappointment"", ""aspects"": {""safety"": ""Not_mentioned"", ""pricing"": ""Negative"", ""service"": ""Not_mentioned"", ""cleanliness"": ""Not_mentioned"", ""atmosphere"": ""Neutral""}, ""problems"": [""Poor_condition"", ""High_prices"", ""Overcrowding""], ""economic_signals"": {""price_perception"": ""Expensive"", ""recommendation"": ""No"", ""revisit_intention"": ""Not_mentioned""}, ""keywords"": [""expected more"", ""no furniture"", ""absent documentation"", ""high ticket price"", ""crowded""]}"
7977,"{""overall_sentiment"": ""Negative"", ""sentiment_score"": 1, ""emotional_tone"": ""Disgust"", ""aspects"": {""safety"": ""Not_mentioned"", ""pricing"": ""Negative"", ""service"": ""Not_mentioned"", ""cleanliness"": ""Negative"", ""atmosphere"": ""Negative""}, ""problems"": [""Bad_smell"", ""Poor_cleanliness"", ""Navigation_difficulty""], ""economic_signals"": {""price_perception"": ""Expensive"", ""recommendation"": ""No"", ""revisit_intention"": ""No""}, ""keywords"": [""dirty"", ""smelly"", ""overpriced"", ""lost"", ""never go back""]}"
1392,"{""overall_sentiment"": ""Negative"", ""sentiment_score"": 1, ""emotional_tone"": ""Fear"", ""aspects"": {""safety"": ""Negative"", ""pricing"": ""Not_mentioned"", ""service"": ""Negative"", ""cleanliness"": ""Negative"", ""atmosphere"": ""Negative""}, ""problems"": [""Safety"", ""Bad_smell"", ""Scam""], ""economic_signals"": {""price_perception"": ""Not_mentioned"", ""recommendation"": ""No"", ""revisit_intention"": ""No""}, ""keywords"": [""mopeds"", ""theft"", ""firecracker"", ""bad smells"", ""afraid""]}"
7034,"{""overall_sentiment"": ""Negative"", ""sentiment_score"": 2, ""emotional_tone"": ""Disappointment"", ""aspects"": {""safety"": ""Negative"", ""pricing"": ""Not_mentioned"", ""service"": ""Not_mentioned"", ""cleanliness"": ""Negative"", ""atmosphere"": ""Negative""}, ""problems"": [""Bad_smell"", ""Safety"", ""Overcrowding""], ""economic_signals"": {""price_perception"": ""Not_mentioned"", ""recommendation"": ""No"", ""revisit_intention"": ""No""}, ""keywords"": [""expected more"", ""smelly"", ""chaotic"", ""scooters"", ""not for me""]}"
8755,"{""overall_sentiment"": ""Negative"", ""sentiment_score"": 1, ""emotional_tone"": ""Disgust"", ""aspects"": {""safety"": ""Not_mentioned"", ""pricing"": ""Negative"", ""service"": ""Not_mentioned"", ""cleanliness"": ""Negative"", ""atmosphere"": ""Negative""}, ""problems"": [""Poor_cleanliness"", ""High_prices"", ""Lack_of_activities""], ""economic_signals"": {""price_perception"": ""Expensive"", ""recommendation"": ""No"", ""revisit_intention"": ""No""}, ""keywords"": [""awful"", ""dirty"", ""ripped off"", ""depressing"", ""nothing to do""]}"
7553,"{""overall_sentiment"": ""Negative"", ""sentiment_score"": 2, ""emotional_tone"": ""Neutral"", ""aspects"": {""safety"": ""Not_mentioned"", ""pricing"": ""Not_mentioned"", ""service"": ""Not_mentioned"", ""cleanliness"": ""Not_mentioned"", ""atmosphere"": ""Negative""}, ""problems"": [""Overcrowding"", ""Navigation_difficulty""], ""economic_signals"": {""price_perception"": ""Not_mentioned"", ""recommendation"": ""No"", ""revisit_intention"": ""No""}, ""keywords"": [""not attractive"", ""authenticity"", ""tourists"", ""guide"", ""shopping""]}"
14361,"{""overall_sentiment"": ""Neutral"", ""sentiment_score"": 3, ""emotional_tone"": ""Neutral"", ""aspects"": {""safety"": ""Not_mentioned"", ""pricing"": ""Not_mentioned"", ""service"": ""Not_mentioned"", ""cleanliness"": ""Not_mentioned"", ""atmosphere"": ""Neutral""}, ""problems"": [], ""economic_signals"": {""price_perception"": ""Not_mentioned"", ""recommendation"": ""Not_mentioned"", ""revisit_intention"": ""Not_mentioned""}, ""keywords"": [""quick look"", ""nearby"", ""drink""]}"
327,"{""overall_sentiment"": ""Negative"", ""sentiment_score"": 2, ""emotional_tone"": ""Frustration"", ""aspects"": {""safety"": ""Not_mentioned"", ""pricing"": ""Negative"", ""service"": ""Negative"", ""cleanliness"": ""Not_mentioned"", ""atmosphere"": ""Negative""}, ""problems"": [""Aggressive_vendors"", ""Overcrowding"", ""Other""], ""economic_signals"": {""price_perception"": ""Expensive"", ""recommendation"": ""No"", ""revisit_intention"": ""No""}, ""keywords"": [""animal suffering"", ""aggressive vendors"", ""begging"", ""busy"", ""stuffy""]}"
1790,"{""overall_sentiment"": ""Negative"", ""sentiment_score"": 2, ""emotional_tone"": ""Disappointment"", ""aspects"": {""safety"": ""Negative"", ""pricing"": ""Negative"", ""service"": ""Negative"", ""cleanliness"": ""Not_mentioned"", ""atmosphere"": ""Negative""}, ""problems"": [""Scam"", ""Aggressive_vendors"", ""Safety""], ""economic_signals"": {""price_perception"": ""Expensive"", ""recommendation"": ""No"", ""revisit_intention"": ""Not_mentioned""}, ""keywords"": [""disappointment"", ""scams"", ""aggressive"", ""high prices"", ""average""]}"
12712,"{""overall_sentiment"": ""Positive"", ""sentiment_score"": 5, ""emotional_tone"": ""Joy"", ""aspects"": {""safety"": ""Not_mentioned"", ""pricing"": ""Positive"", ""service"": ""Not_mentioned"", ""cleanliness"": ""Not_mentioned"", ""atmosphere"": ""Positive""}, ""problems"": [], ""economic_signals"": {""price_perception"": ""Cheap"", ""recommendation"": ""Yes"", ""revisit_intention"": ""Not_mentioned""}, ""keywords"": [""beautiful"", ""calm"", ""favourite"", ""cheap"", ""palace""]}"
234,"{""overall_sentiment"": ""Negative"", ""sentiment_score"": 1, ""emotional_tone"": ""Fear"", ""aspects"": {""safety"": ""Negative"", ""pricing"": ""Negative"", ""service"": ""Neutral"", ""cleanliness"": ""Not_mentioned"", ""atmosphere"": ""Negative""}, ""problems"": [""Safety"", ""Scam"", ""High_prices""], ""economic_signals"": {""price_perception"": ""Expensive"", ""recommendation"": ""No"", ""revisit_intention"": ""No""}, ""keywords"": [""dangerous"", ""pickpockets"", ""scam"", ""tourist trap"", ""disappointing""]}"
1394,"{""overall_sentiment"": ""Negative"", ""sentiment_score"": 2, ""emotional_tone"": ""Frustration"", ""aspects"": {""safety"": ""Not_mentioned"", ""pricing"": ""Negative"", ""service"": ""Negative"", ""cleanliness"": ""Not_mentioned"", ""atmosphere"": ""Negative""}, ""problems"": [""Aggressive_vendors"", ""High_prices"", ""Scam""], ""economic_signals"": {""price_perception"": ""Expensive"", ""recommendation"": ""No"", ""revisit_intention"": ""No""}, ""keywords"": [""disappointing"", ""take advantage"", ""aggressive"", ""expensive"", ""traffic""]}"
13079,"{""overall_sentiment"": ""Negative"", ""sentiment_score"": 2, ""emotional_tone"": ""Disappointment"", ""aspects"": {""safety"": ""Not_mentioned"", ""pricing"": ""Not_mentioned"", ""service"": ""Not_mentioned"", ""cleanliness"": ""Negative"", ""atmosphere"": ""Negative""}, ""problems"": [""Poor_condition""], ""economic_signals"": {""price_perception"": ""Not_mentioned"", ""recommendation"": ""No"", ""revisit_intention"": ""No""}, ""keywords"": [""disappointment"", ""bare"", ""upkeep"", ""underwhelming"", ""palace""]}"
1828,"{""overall_sentiment"": ""Positive"", ""sentiment_score"": 4, ""emotional_tone"": ""Joy"", ""aspects"": {""safety"": ""Not_mentioned"", ""pricing"": ""Not_mentioned"", ""service"": ""Positive"", ""cleanliness"": ""Not_mentioned"", ""atmosphere"": ""Positive""}, ""problems"": [], ""economic_signals"": {""price_perception"": ""Not_mentioned"", ""recommendation"": ""Yes"", ""revisit_intention"": ""Not_mentioned""}, ""keywords"": [""enjoyed"", ""tour"", ""guide"", ""foodie"", ""interesting""]}"
12613,"{""overall_sentiment"": ""Positive"", ""sentiment_score"": 5, ""emotional_tone"": ""Joy"", ""aspects"": {""safety"": ""Not_mentioned"", ""pricing"": ""Positive"", ""service"": ""Not_mentioned"", ""cleanliness"": ""Not_mentioned"", ""atmosphere"": ""Positive""}, ""problems"": [], ""economic_signals"": {""price_perception"": ""Cheap"", ""recommendation"": ""Yes"", ""revisit_intention"": ""Not_mentioned""}, ""keywords"": [""film sets"", ""entertainment"", ""cheap"", ""photos"", ""history""]}"
12150,"{""overall_sentiment"": ""Positive"", ""sentiment_score"": 4, ""emotional_tone"": ""Neutral"", ""aspects"": {""safety"": ""Not_mentioned"", ""pricing"": ""Not_mentioned"", ""service"": ""Not_mentioned"", ""cleanliness"": ""Neutral"", ""atmosphere"": ""Positive""}, ""problems"": [], ""economic_signals"": {""price_perception"": ""Not_mentioned"", ""recommendation"": ""Yes"", ""revisit_intention"": ""Not_mentioned""}, ""keywords"": [""decorative"", ""courtyard"", ""restoration"", ""central"", ""worth seeing""]}"
13004,"{""overall_sentiment"": ""Positive"", ""sentiment_score"": 5, ""emotional_tone"": ""Joy"", ""aspects"": {""safety"": ""Not_mentioned"", ""pricing"": ""Not_mentioned"", ""service"": ""Not_mentioned"", ""cleanliness"": ""Not_mentioned"", ""atmosphere"": ""Positive""}, ""problems"": [], ""economic_signals"": {""price_perception"": ""Not_mentioned"", ""recommendation"": ""Yes"", ""revisit_intention"": ""Not_mentioned""}, ""keywords"": [""beautifully decorated"", ""Bahia Palace"", ""best things"", ""morning""]}"
10065,"{""overall_sentiment"": ""Negative"", ""sentiment_score"": 1, ""emotional_tone"": ""Frustration"", ""aspects"": {""safety"": ""Not_mentioned"", ""pricing"": ""Negative"", ""service"": ""Negative"", ""cleanliness"": ""Not_mentioned"", ""atmosphere"": ""Negative""}, ""problems"": [""Overcrowding"", ""High_prices""], ""economic_signals"": {""price_perception"": ""Expensive"", ""recommendation"": ""No"", ""revisit_intention"": ""No""}, ""keywords"": [""long queue"", ""nothing special"", ""empty rooms"", ""expensive"", ""disappointing""]}"
9106,"{""overall_sentiment"": ""Negative"", ""sentiment_score"": 2, ""emotional_tone"": ""Disappointment"", ""aspects"": {""safety"": ""Not_mentioned"", ""pricing"": ""Not_mentioned"", ""service"": ""Not_mentioned"", ""cleanliness"": ""Not_mentioned"", ""atmosphere"": ""Negative""}, ""problems"": [""Poor_condition"", ""Overcrowding""], ""economic_signals"": {""price_perception"": ""Not_mentioned"", ""recommendation"": ""No"", ""revisit_intention"": ""Yes""}, ""keywords"": [""renovation"", ""underwhelming"", ""covered"", ""busy"", ""postpone visit""]}"
9319,"{""overall_sentiment"": ""Negative"", ""sentiment_score"": 2, ""emotional_tone"": ""Frustration"", ""aspects"": {""safety"": ""Not_mentioned"", ""pricing"": ""Not_mentioned"", ""service"": ""Negative"", ""cleanliness"": ""Not_mentioned"", ""atmosphere"": ""Negative""}, ""problems"": [""Overcrowding""], ""economic_signals"": {""price_perception"": ""Not_mentioned"", ""recommendation"": ""Not_mentioned"", ""revisit_intention"": ""Not_mentioned""}, ""keywords"": [""fascinating"", ""overcrowding"", ""lost essence"", ""long lines""]}"
267,"{""overall_sentiment"": ""Negative"", ""sentiment_score"": 1, ""emotional_tone"": ""Frustration"", ""aspects"": {""safety"": ""Negative"", ""pricing"": ""Not_mentioned"", ""service"": ""Negative"", ""cleanliness"": ""Not_mentioned"", ""atmosphere"": ""Negative""}, ""problems"": [""Aggressive_vendors"", ""Safety""], ""economic_signals"": {""price_perception"": ""Not_mentioned"", ""recommendation"": ""No"", ""revisit_intention"": ""No""}, ""keywords"": [""annoying"", ""mopeds"", ""safety"", ""crowded""]}"
3953,"{""overall_sentiment"": ""Neutral"", ""sentiment_score"": 3, ""emotional_tone"": ""Neutral"", ""aspects"": {""safety"": ""Positive"", ""pricing"": ""Negative"", ""service"": ""Positive"", ""cleanliness"": ""Not_mentioned"", ""atmosphere"": ""Neutral""}, ""problems"": [""High_prices"", ""Poor_condition""], ""economic_signals"": {""price_perception"": ""Expensive"", ""recommendation"": ""Not_mentioned"", ""revisit_intention"": ""Not_mentioned""}, ""keywords"": [""modern"", ""secured"", ""lost magic"", ""expensive"", ""souk""]}"
14160,"{""overall_sentiment"": ""Positive"", ""sentiment_score"": 4, ""emotional_tone"": ""Joy"", ""aspects"": {""safety"": ""Not_mentioned"", ""pricing"": ""Not_mentioned"", ""service"": ""Negative"", ""cleanliness"": ""Positive"", ""atmosphere"": ""Neutral""}, ""problems"": [""Overcrowding"", ""Navigation_difficulty""], ""economic_signals"": {""price_perception"": ""Not_mentioned"", ""recommendation"": ""Yes"", ""revisit_intention"": ""Not_mentioned""}, ""keywords"": [""architecture"", ""beautiful"", ""well maintained"", ""crowded"", ""lack of information""]}"
13732,"{""overall_sentiment"": ""Negative"", ""sentiment_score"": 2, ""emotional_tone"": ""Disappointment"", ""aspects"": {""safety"": ""Not_mentioned"", ""pricing"": ""Not_mentioned"", ""service"": ""Not_mentioned"", ""cleanliness"": ""Not_mentioned"", ""atmosphere"": ""Negative""}, ""problems"": [""Poor_condition""], ""economic_signals"": {""price_perception"": ""Not_mentioned"", ""recommendation"": ""No"", ""revisit_intention"": ""No""}, ""keywords"": [""disappointing"", ""empty"", ""nothing special"", ""palace""]}"
2546,"{""overall_sentiment"": ""Negative"", ""sentiment_score"": 1, ""emotional_tone"": ""Disgust"", ""aspects"": {""safety"": ""Negative"", ""pricing"": ""Not_mentioned"", ""service"": ""Not_mentioned"", ""cleanliness"": ""Negative"", ""atmosphere"": ""Negative""}, ""problems"": [""Overcrowding"", ""Bad_smell"", ""Poor_cleanliness""], ""economic_signals"": {""price_perception"": ""Not_mentioned"", ""recommendation"": ""No"", ""revisit_intention"": ""No""}, ""keywords"": [""crowded"", ""polluted"", ""dirty"", ""motorcycles""]}"
14466,"{""overall_sentiment"": ""Neutral"", ""sentiment_score"": 3, ""emotional_tone"": ""Neutral"", ""aspects"": {""safety"": ""Not_mentioned"", ""pricing"": ""Not_mentioned"", ""service"": ""Not_mentioned"", ""cleanliness"": ""Not_mentioned"", ""atmosphere"": ""Neutral""}, ""problems"": [""Other""], ""economic_signals"": {""price_perception"": ""Not_mentioned"", ""recommendation"": ""Not_mentioned"", ""revisit_intention"": ""Not_mentioned""}, ""keywords"": [""interesting"", ""small"", ""well travelled""]}"
8424,"{""overall_sentiment"": ""Negative"", ""sentiment_score"": 2, ""emotional_tone"": ""Fear"", ""aspects"": {""safety"": ""Negative"", ""pricing"": ""Negative"", ""service"": ""Negative"", ""cleanliness"": ""Not_mentioned"", ""atmosphere"": ""Negative""}, ""problems"": [""Scam"", ""Safety"", ""Aggressive_vendors""], ""economic_signals"": {""price_perception"": ""Not_mentioned"", ""recommendation"": ""No"", ""revisit_intention"": ""No""}, ""keywords"": [""hassled"", ""rip off"", ""safety"", ""medina"", ""scam""]}"
1221,"{""overall_sentiment"": ""Negative"", ""sentiment_score"": 1, ""emotional_tone"": ""Anger"", ""aspects"": {""safety"": ""Negative"", ""pricing"": ""Not_mentioned"", ""service"": ""Negative"", ""cleanliness"": ""Not_mentioned"", ""atmosphere"": ""Negative""}, ""problems"": [""Aggressive_vendors"", ""Scam"", ""Safety""], ""economic_signals"": {""price_perception"": ""Not_mentioned"", ""recommendation"": ""No"", ""revisit_intention"": ""No""}, ""keywords"": [""bad experience"", ""harassment"", ""insistent sellers"", ""false guides"", ""safety""]}"
1831,"{""overall_sentiment"": ""Neutral"", ""sentiment_score"": 3, ""emotional_tone"": ""Neutral"", ""aspects"": {""safety"": ""Negative"", ""pricing"": ""Not_mentioned"", ""service"": ""Not_mentioned"", ""cleanliness"": ""Not_mentioned"", ""atmosphere"": ""Neutral""}, ""problems"": [""Navigation_difficulty"", ""Safety""], ""economic_signals"": {""price_perception"": ""Not_mentioned"", ""recommendation"": ""Not_mentioned"", ""revisit_intention"": ""Not_mentioned""}, ""keywords"": [""medina"", ""confusing"", ""hazardous"", ""motorcycles"", ""market""]}"
13700,"{""overall_sentiment"": ""Positive"", ""sentiment_score"": 4, ""emotional_tone"": ""Joy"", ""aspects"": {""safety"": ""Not_mentioned"", ""pricing"": ""Positive"", ""service"": ""Negative"", ""cleanliness"": ""Not_mentioned"", ""atmosphere"": ""Positive""}, ""problems"": [""Navigation_difficulty""], ""economic_signals"": {""price_perception"": ""Cheap"", ""recommendation"": ""Yes"", ""revisit_intention"": ""Not_mentioned""}, ""keywords"": [""worth going"", ""cheap"", ""guided tour"", ""information""]}"
13263,"{""overall_sentiment"": ""Positive"", ""sentiment_score"": 5, ""emotional_tone"": ""Joy"", ""aspects"": {""safety"": ""Not_mentioned"", ""pricing"": ""Not_mentioned"", ""service"": ""Not_mentioned"", ""cleanliness"": ""Not_mentioned"", ""atmosphere"": ""Positive""}, ""problems"": [], ""economic_signals"": {""price_perception"": ""Not_mentioned"", ""recommendation"": ""Yes"", ""revisit_intention"": ""Not_mentioned""}, ""keywords"": [""beautiful"", ""architecture"", ""halls"", ""admirable""]}"
3977,"{""overall_sentiment"": ""Neutral"", ""sentiment_score"": 3, ""emotional_tone"": ""Caution"", ""aspects"": {""safety"": ""Negative"", ""pricing"": ""Neutral"", ""service"": ""Not_mentioned"", ""cleanliness"": ""Not_mentioned"", ""atmosphere"": ""Positive""}, ""problems"": [""Safety"", ""Scam""], ""economic_signals"": {""price_perception"": ""Not_mentioned"", ""recommendation"": ""Not_mentioned"", ""revisit_intention"": ""Not_mentioned""}, ""keywords"": [""night"", ""pickpockets"", ""haggle"", ""safety""]}"
184,"{""overall_sentiment"": ""Neutral"", ""sentiment_score"": 3, ""emotional_tone"": ""Disgust"", ""aspects"": {""safety"": ""Not_mentioned"", ""pricing"": ""Not_mentioned"", ""service"": ""Not_mentioned"", ""cleanliness"": ""Not_mentioned"", ""atmosphere"": ""Neutral""}, ""problems"": [""Other""], ""economic_signals"": {""price_perception"": ""Not_mentioned"", ""recommendation"": ""Not_mentioned"", ""revisit_intention"": ""Not_mentioned""}, ""keywords"": [""amazing"", ""sights"", ""food"", ""animal cruelty""]}"
3323,"{""overall_sentiment"": ""Neutral"", ""sentiment_score"": 3, ""emotional_tone"": ""Neutral"", ""aspects"": {""safety"": ""Not_mentioned"", ""pricing"": ""Not_mentioned"", ""service"": ""Not_mentioned"", ""cleanliness"": ""Not_mentioned"", ""atmosphere"": ""Neutral""}, ""problems"": [], ""economic_signals"": {""price_perception"": ""Not_mentioned"", ""recommendation"": ""Not_mentioned"", ""revisit_intention"": ""Not_mentioned""}, ""keywords"": [""Djemaa el Fna"", ""night"", ""liveliness"", ""overrated""]}"
2340,"{""overall_sentiment"": ""Negative"", ""sentiment_score"": 2, ""emotional_tone"": ""Frustration"", ""aspects"": {""safety"": ""Negative"", ""pricing"": ""Negative"", ""service"": ""Negative"", ""cleanliness"": ""Not_mentioned"", ""atmosphere"": ""Negative""}, ""problems"": [""Aggressive_vendors"", ""Navigation_difficulty""], ""economic_signals"": {""price_perception"": ""Not_mentioned"", ""recommendation"": ""Not_mentioned"", ""revisit_intention"": ""No""}, ""keywords"": [""scooters"", ""aggressive"", ""demand payment"", ""comfort zone"", ""medina""]}"
12917,"{""overall_sentiment"": ""Positive"", ""sentiment_score"": 4, ""emotional_tone"": ""Neutral"", ""aspects"": {""safety"": ""Not_mentioned"", ""pricing"": ""Not_mentioned"", ""service"": ""Not_mentioned"", ""cleanliness"": ""Positive"", ""atmosphere"": ""Positive""}, ""problems"": [], ""economic_signals"": {""price_perception"": ""Not_mentioned"", ""recommendation"": ""Not_mentioned"", ""revisit_intention"": ""Not_mentioned""}, ""keywords"": [""royal palace"", ""exquisite decorations"", ""well maintained"", ""gardens"", ""art""]}"
5851,"{""overall_sentiment"": ""Neutral"", ""sentiment_score"": 3, ""emotional_tone"": ""Frustration"", ""aspects"": {""safety"": ""Negative"", ""pricing"": ""Positive"", ""service"": ""Negative"", ""cleanliness"": ""Not_mentioned"", ""atmosphere"": ""Negative""}, ""problems"": [""Aggressive_vendors""], ""economic_signals"": {""price_perception"": ""Fair"", ""recommendation"": ""Yes"", ""revisit_intention"": ""Not_mentioned""}, ""keywords"": [""shopping"", ""food"", ""atmosphere"", ""aggressive vendors"", ""good prices""]}"
378,"{""overall_sentiment"": ""Negative"", ""sentiment_score"": 1, ""emotional_tone"": ""Disgust"", ""aspects"": {""safety"": ""Negative"", ""pricing"": ""Negative"", ""service"": ""Negative"", ""cleanliness"": ""Negative"", ""atmosphere"": ""Negative""}, ""problems"": [""Poor_cleanliness"", ""Aggressive_vendors"", ""Bad_smell""], ""economic_signals"": {""price_perception"": ""Expensive"", ""recommendation"": ""No"", ""revisit_intention"": ""No""}, ""keywords"": [""dirt"", ""poverty"", ""harassment"", ""bad smell"", ""bad quality""]}"
13637,"{""overall_sentiment"": ""Positive"", ""sentiment_score"": 4, ""emotional_tone"": ""Joy"", ""aspects"": {""safety"": ""Not_mentioned"", ""pricing"": ""Not_mentioned"", ""service"": ""Not_mentioned"", ""cleanliness"": ""Not_mentioned"", ""atmosphere"": ""Positive""}, ""problems"": [""Overcrowding""], ""economic_signals"": {""price_perception"": ""Not_mentioned"", ""recommendation"": ""Yes"", ""revisit_intention"": ""Not_mentioned""}, ""keywords"": [""famous spot"", ""beautiful patterns"", ""palace"", ""crowd"", ""golden age""]}"
12761,"{""overall_sentiment"": ""Positive"", ""sentiment_score"": 5, ""emotional_tone"": ""Joy"", ""aspects"": {""safety"": ""Not_mentioned"", ""pricing"": ""Positive"", ""service"": ""Not_mentioned"", ""cleanliness"": ""Not_mentioned"", ""atmosphere"": ""Positive""}, ""problems"": [], ""economic_signals"": {""price_perception"": ""Fair"", ""recommendation"": ""Yes"", ""revisit_intention"": ""Not_mentioned""}, ""keywords"": [""wonderful"", ""palace"", ""mosaics"", ""stunning"", ""worth it""]}"
7509,"{""overall_sentiment"": ""Positive"", ""sentiment_score"": 4, ""emotional_tone"": ""Neutral"", ""aspects"": {""safety"": ""Not_mentioned"", ""pricing"": ""Not_mentioned"", ""service"": ""Not_mentioned"", ""cleanliness"": ""Not_mentioned"", ""atmosphere"": ""Positive""}, ""problems"": [], ""economic_signals"": {""price_perception"": ""Not_mentioned"", ""recommendation"": ""Yes"", ""revisit_intention"": ""Not_mentioned""}, ""keywords"": [""must see"", ""step back in time"", ""savour""]}"
2658,"{""overall_sentiment"": ""Negative"", ""sentiment_score"": 1, ""emotional_tone"": ""Anger"", ""aspects"": {""safety"": ""Negative"", ""pricing"": ""Negative"", ""service"": ""Negative"", ""cleanliness"": ""Not_mentioned"", ""atmosphere"": ""Negative""}, ""problems"": [""Aggressive_vendors"", ""High_prices"", ""Scam""], ""economic_signals"": {""price_perception"": ""Expensive"", ""recommendation"": ""No"", ""revisit_intention"": ""No""}, ""keywords"": [""rudeness"", ""ripoffs"", ""inflated prices"", ""horrible vendors"", ""worst place""]}"
10627,"{""overall_sentiment"": ""Neutral"", ""sentiment_score"": 3, ""emotional_tone"": ""Neutral"", ""aspects"": {""safety"": ""Not_mentioned"", ""pricing"": ""Not_mentioned"", ""service"": ""Positive"", ""cleanliness"": ""Not_mentioned"", ""atmosphere"": ""Neutral""}, ""problems"": [""Poor_condition""], ""economic_signals"": {""price_perception"": ""Not_mentioned"", ""recommendation"": ""Yes"", ""revisit_intention"": ""Not_mentioned""}, ""keywords"": [""interesting"", ""guided tour"", ""history"", ""palace"", ""no furniture""]}"
14234,"{""overall_sentiment"": ""Neutral"", ""sentiment_score"": 3, ""emotional_tone"": ""Neutral"", ""aspects"": {""safety"": ""Not_mentioned"", ""pricing"": ""Not_mentioned"", ""service"": ""Not_mentioned"", ""cleanliness"": ""Not_mentioned"", ""atmosphere"": ""Positive""}, ""problems"": [], ""economic_signals"": {""price_perception"": ""Not_mentioned"", ""recommendation"": ""Yes"", ""revisit_intention"": ""Not_mentioned""}, ""keywords"": [""worth a visit"", ""ornate"", ""beautiful"", ""stunning"", ""palace""]}"
13492,"{""overall_sentiment"": ""Negative"", ""sentiment_score"": 2, ""emotional_tone"": ""Disappointment"", ""aspects"": {""safety"": ""Not_mentioned"", ""pricing"": ""Neutral"", ""service"": ""Not_mentioned"", ""cleanliness"": ""Not_mentioned"", ""atmosphere"": ""Negative""}, ""problems"": [""Poor_condition""], ""economic_signals"": {""price_perception"": ""Not_mentioned"", ""recommendation"": ""No"", ""revisit_intention"": ""No""}, ""keywords"": [""empty palace"", ""underwhelming"", ""over hyped"", ""disappointing""]}"
10396,"{""overall_sentiment"": ""Negative"", ""sentiment_score"": 2, ""emotional_tone"": ""Frustration"", ""aspects"": {""safety"": ""Not_mentioned"", ""pricing"": ""Negative"", ""service"": ""Negative"", ""cleanliness"": ""Negative"", ""atmosphere"": ""Negative""}, ""problems"": [""Poor_condition"", ""High_prices"", ""Poor_cleanliness""], ""economic_signals"": {""price_perception"": ""Expensive"", ""recommendation"": ""No"", ""revisit_intention"": ""No""}, ""keywords"": [""fabulous architecture"", ""not looked after"", ""no restoration"", ""poor management"", ""pity""]}"
9184,"{""overall_sentiment"": ""Negative"", ""sentiment_score"": 2, ""emotional_tone"": ""Frustration"", ""aspects"": {""safety"": ""Not_mentioned"", ""pricing"": ""Negative"", ""service"": ""Not_mentioned"", ""cleanliness"": ""Neutral"", ""atmosphere"": ""Negative""}, ""problems"": [""Overcrowding"", ""High_prices"", ""Poor_condition""], ""economic_signals"": {""price_perception"": ""Expensive"", ""recommendation"": ""No"", ""revisit_intention"": ""Not_mentioned""}, ""keywords"": [""100 MAD"", ""price too much"", ""work going on"", ""instagramers"", ""other places""]}"
13322,"{""overall_sentiment"": ""Negative"", ""sentiment_score"": 2, ""emotional_tone"": ""Disappointment"", ""aspects"": {""safety"": ""Not_mentioned"", ""pricing"": ""Negative"", ""service"": ""Not_mentioned"", ""cleanliness"": ""Not_mentioned"", ""atmosphere"": ""Negative""}, ""problems"": [""Poor_condition"", ""High_prices""], ""economic_signals"": {""price_perception"": ""Expensive"", ""recommendation"": ""No"", ""revisit_intention"": ""Not_mentioned""}, ""keywords"": [""Palais Badi"", ""nothing to see"", ""expensive"", ""underwhelming"", ""5 minutes""]}"
6328,"{""overall_sentiment"": ""Negative"", ""sentiment_score"": 1, ""emotional_tone"": ""Anger"", ""aspects"": {""safety"": ""Negative"", ""pricing"": ""Negative"", ""service"": ""Negative"", ""cleanliness"": ""Negative"", ""atmosphere"": ""Negative""}, ""problems"": [""Aggressive_vendors"", ""Scam"", ""Poor_cleanliness""], ""economic_signals"": {""price_perception"": ""Expensive"", ""recommendation"": ""No"", ""revisit_intention"": ""No""}, ""keywords"": [""awful"", ""dirty"", ""oppressive"", ""crooked guides"", ""scam"", ""menaces""]}"
10339,"{""overall_sentiment"": ""Negative"", ""sentiment_score"": 3, ""emotional_tone"": ""Frustration"", ""aspects"": {""safety"": ""Not_mentioned"", ""pricing"": ""Not_mentioned"", ""service"": ""Neutral"", ""cleanliness"": ""Not_mentioned"", ""atmosphere"": ""Negative""}, ""problems"": [""Overcrowding""], ""economic_signals"": {""price_perception"": ""Not_mentioned"", ""recommendation"": ""Not_mentioned"", ""revisit_intention"": ""Not_mentioned""}, ""keywords"": [""palace"", ""beautiful"", ""photoshoots"", ""overcrowding"", ""Instagram models""]}"
7717,"{""overall_sentiment"": ""Neutral"", ""sentiment_score"": 3, ""emotional_tone"": ""Neutral"", ""aspects"": {""safety"": ""Not_mentioned"", ""pricing"": ""Not_mentioned"", ""service"": ""Not_mentioned"", ""cleanliness"": ""Not_mentioned"", ""atmosphere"": ""Positive""}, ""problems"": [""Other""], ""economic_signals"": {""price_perception"": ""Not_mentioned"", ""recommendation"": ""Not_mentioned"", ""revisit_intention"": ""Not_mentioned""}, ""keywords"": [""atmospheric"", ""traditional"", ""mopeds"", ""problem""]}"
7289,"{""overall_sentiment"": ""Positive"", ""sentiment_score"": 4, ""emotional_tone"": ""Trust"", ""aspects"": {""safety"": ""Neutral"", ""pricing"": ""Not_mentioned"", ""service"": ""Positive"", ""cleanliness"": ""Not_mentioned"", ""atmosphere"": ""Positive""}, ""problems"": [""Scam""], ""economic_signals"": {""price_perception"": ""Not_mentioned"", ""recommendation"": ""Yes"", ""revisit_intention"": ""Not_mentioned""}, ""keywords"": [""Medina"", ""worth a visit"", ""friendly"", ""courteous"", ""scam""]}"
3581,"{""overall_sentiment"": ""Neutral"", ""sentiment_score"": 3, ""emotional_tone"": ""Frustration"", ""aspects"": {""safety"": ""Not_mentioned"", ""pricing"": ""Negative"", ""service"": ""Negative"", ""cleanliness"": ""Not_mentioned"", ""atmosphere"": ""Neutral""}, ""problems"": [""Aggressive_vendors"", ""High_prices""], ""economic_signals"": {""price_perception"": ""Expensive"", ""recommendation"": ""Not_mentioned"", ""revisit_intention"": ""Not_mentioned""}, ""keywords"": [""shopping"", ""aggressive vendors"", ""negotiate"", ""prices""]}"
3483,"{""overall_sentiment"": ""Negative"", ""sentiment_score"": 2, ""emotional_tone"": ""Fear"", ""aspects"": {""safety"": ""Negative"", ""pricing"": ""Not_mentioned"", ""service"": ""Neutral"", ""cleanliness"": ""Not_mentioned"", ""atmosphere"": ""Negative""}, ""problems"": [""Safety"", ""Other""], ""economic_signals"": {""price_perception"": ""Not_mentioned"", ""recommendation"": ""No"", ""revisit_intention"": ""Not_mentioned""}, ""keywords"": [""bag snatched"", ""safety"", ""night"", ""police""]}"
5354,"{""overall_sentiment"": ""Neutral"", ""sentiment_score"": 3, ""emotional_tone"": ""Frustration"", ""aspects"": {""safety"": ""Not_mentioned"", ""pricing"": ""Negative"", ""service"": ""Negative"", ""cleanliness"": ""Not_mentioned"", ""atmosphere"": ""Negative""}, ""problems"": [""High_prices"", ""Aggressive_vendors"", ""Other""], ""economic_signals"": {""price_perception"": ""Expensive"", ""recommendation"": ""Yes"", ""revisit_intention"": ""Not_mentioned""}, ""keywords"": [""Medina"", ""barter"", ""hassle"", ""monkeys"", ""snake charmers""]}"
10851,"{""overall_sentiment"": ""Negative"", ""sentiment_score"": 2, ""emotional_tone"": ""Disappointment"", ""aspects"": {""safety"": ""Not_mentioned"", ""pricing"": ""Neutral"", ""service"": ""Not_mentioned"", ""cleanliness"": ""Not_mentioned"", ""atmosphere"": ""Negative""}, ""problems"": [""Other""], ""economic_signals"": {""price_perception"": ""Not_mentioned"", ""recommendation"": ""No"", ""revisit_intention"": ""Not_mentioned""}, ""keywords"": [""guide"", ""palace"", ""disappointing"", ""entrance fee""]}"
6287,"{""overall_sentiment"": ""Neutral"", ""sentiment_score"": 3, ""emotional_tone"": ""Caution"", ""aspects"": {""safety"": ""Negative"", ""pricing"": ""Not_mentioned"", ""service"": ""Not_mentioned"", ""cleanliness"": ""Not_mentioned"", ""atmosphere"": ""Positive""}, ""problems"": [""Safety""], ""economic_signals"": {""price_perception"": ""Not_mentioned"", ""recommendation"": ""Not_mentioned"", ""revisit_intention"": ""Not_mentioned""}, ""keywords"": [""culturally"", ""architecturally"", ""valuables"", ""solo female"", ""safety""]}"
5359,"{""overall_sentiment"": ""Positive"", ""sentiment_score"": 5, ""emotional_tone"": ""Joy"", ""aspects"": {""safety"": ""Not_mentioned"", ""pricing"": ""Not_mentioned"", ""service"": ""Positive"", ""cleanliness"": ""Not_mentioned"", ""atmosphere"": ""Positive""}, ""problems"": [], ""economic_signals"": {""price_perception"": ""Not_mentioned"", ""recommendation"": ""Yes"", ""revisit_intention"": ""Not_mentioned""}, ""keywords"": [""Medina"", ""fascinating"", ""beautiful"", ""hand crafted"", ""friendly people""]}"
8929,"{""overall_sentiment"": ""Negative"", ""sentiment_score"": 2, ""emotional_tone"": ""Frustration"", ""aspects"": {""safety"": ""Negative"", ""pricing"": ""Not_mentioned"", ""service"": ""Negative"", ""cleanliness"": ""Not_mentioned"", ""atmosphere"": ""Negative""}, ""problems"": [""Scam"", ""Other""], ""economic_signals"": {""price_perception"": ""Not_mentioned"", ""recommendation"": ""No"", ""revisit_intention"": ""Not_mentioned""}, ""keywords"": [""harassed"", ""cautious"", ""medina"", ""scam"", ""alleyways""]}"
668,"{""overall_sentiment"": ""Negative"", ""sentiment_score"": 1, ""emotional_tone"": ""Anger"", ""aspects"": {""safety"": ""Negative"", ""pricing"": ""Negative"", ""service"": ""Negative"", ""cleanliness"": ""Not_mentioned"", ""atmosphere"": ""Negative""}, ""problems"": [""Scam"", ""High_prices"", ""Aggressive_vendors""], ""economic_signals"": {""price_perception"": ""Expensive"", ""recommendation"": ""No"", ""revisit_intention"": ""Not_mentioned""}, ""keywords"": [""rip off"", ""trust no one"", ""blackmail"", ""scam"", ""aggressive vendors""]}"
10498,"{""overall_sentiment"": ""Negative"", ""sentiment_score"": 2, ""emotional_tone"": ""Disappointment"", ""aspects"": {""safety"": ""Not_mentioned"", ""pricing"": ""Neutral"", ""service"": ""Neutral"", ""cleanliness"": ""Not_mentioned"", ""atmosphere"": ""Negative""}, ""problems"": [""Poor_condition"", ""Other""], ""economic_signals"": {""price_perception"": ""Not_mentioned"", ""recommendation"": ""No"", ""revisit_intention"": ""Not_mentioned""}, ""keywords"": [""entry fee"", ""guide"", ""palace"", ""fountains"", ""disappointing""]}"
11111,"{""overall_sentiment"": ""Negative"", ""sentiment_score"": 2, ""emotional_tone"": ""Sadness"", ""aspects"": {""safety"": ""Not_mentioned"", ""pricing"": ""Not_mentioned"", ""service"": ""Not_mentioned"", ""cleanliness"": ""Negative"", ""atmosphere"": ""Negative""}, ""problems"": [""Poor_condition""], ""economic_signals"": {""price_perception"": ""Not_mentioned"", ""recommendation"": ""Not_mentioned"", ""revisit_intention"": ""Not_mentioned""}, ""keywords"": [""palace"", ""maintenance"", ""neglect"", ""craftsmanship"", ""historical""]}"
2930,"{""overall_sentiment"": ""Negative"", ""sentiment_score"": 2, ""emotional_tone"": ""Frustration"", ""aspects"": {""safety"": ""Negative"", ""pricing"": ""Not_mentioned"", ""service"": ""Negative"", ""cleanliness"": ""Not_mentioned"", ""atmosphere"": ""Negative""}, ""problems"": [""Overcrowding"", ""Aggressive_vendors"", ""Navigation_difficulty""], ""economic_signals"": {""price_perception"": ""Not_mentioned"", ""recommendation"": ""No"", ""revisit_intention"": ""No""}, ""keywords"": [""packed"", ""intimidated"", ""haggling"", ""following"", ""navigation""]}"
5067,"{""overall_sentiment"": ""Neutral"", ""sentiment_score"": 3, ""emotional_tone"": ""Caution"", ""aspects"": {""safety"": ""Neutral"", ""pricing"": ""Not_mentioned"", ""service"": ""Not_mentioned"", ""cleanliness"": ""Not_mentioned"", ""atmosphere"": ""Negative""}, ""problems"": [""Overcrowding""], ""economic_signals"": {""price_perception"": ""Not_mentioned"", ""recommendation"": ""Not_mentioned"", ""revisit_intention"": ""Not_mentioned""}, ""keywords"": [""crowded"", ""busy"", ""family"", ""safety""]}"
1663,"{""overall_sentiment"": ""Negative"", ""sentiment_score"": 1, ""emotional_tone"": ""Frustration"", ""aspects"": {""safety"": ""Negative"", ""pricing"": ""Not_mentioned"", ""service"": ""Not_mentioned"", ""cleanliness"": ""Negative"", ""atmosphere"": ""Negative""}, ""problems"": [""Bad_smell"", ""Safety"", ""Other""], ""economic_signals"": {""price_perception"": ""Not_mentioned"", ""recommendation"": ""No"", ""revisit_intention"": ""No""}, ""keywords"": [""robbed"", ""stinks"", ""pollution"", ""unsafe"", ""never go back""]}"
7686,"{""overall_sentiment"": ""Negative"", ""sentiment_score"": 2, ""emotional_tone"": ""Fear"", ""aspects"": {""safety"": ""Negative"", ""pricing"": ""Not_mentioned"", ""service"": ""Not_mentioned"", ""cleanliness"": ""Not_mentioned"", ""atmosphere"": ""Negative""}, ""problems"": [""Overcrowding"", ""Safety"", ""Aggressive_vendors""], ""economic_signals"": {""price_perception"": ""Not_mentioned"", ""recommendation"": ""Yes"", ""revisit_intention"": ""Not_mentioned""}, ""keywords"": [""overcrowding"", ""easy prey"", ""aggressive"", ""worth experience"", ""wits""]}"
6751,"{""overall_sentiment"": ""Neutral"", ""sentiment_score"": 3, ""emotional_tone"": ""Neutral"", ""aspects"": {""safety"": ""Not_mentioned"", ""pricing"": ""Not_mentioned"", ""service"": ""Not_mentioned"", ""cleanliness"": ""Not_mentioned"", ""atmosphere"": ""Neutral""}, ""problems"": [], ""economic_signals"": {""price_perception"": ""Not_mentioned"", ""recommendation"": ""Yes"", ""revisit_intention"": ""Not_mentioned""}, ""keywords"": [""ordinary"", ""worth a look"", ""Arabic cities"", ""Marrakech""]}"
10019,"{""overall_sentiment"": ""Positive"", ""sentiment_score"": 4, ""emotional_tone"": ""Joy"", ""aspects"": {""safety"": ""Not_mentioned"", ""pricing"": ""Not_mentioned"", ""service"": ""Positive"", ""cleanliness"": ""Not_mentioned"", ""atmosphere"": ""Positive""}, ""problems"": [""Other""], ""economic_signals"": {""price_perception"": ""Not_mentioned"", ""recommendation"": ""Not_mentioned"", ""revisit_intention"": ""Not_mentioned""}, ""keywords"": [""palace"", ""amazing"", ""mosaic"", ""courtyard"", ""restaurant""]}"
6436,"{""overall_sentiment"": ""Positive"", ""sentiment_score"": 5, ""emotional_tone"": ""Joy"", ""aspects"": {""safety"": ""Not_mentioned"", ""pricing"": ""Not_mentioned"", ""service"": ""Not_mentioned"", ""cleanliness"": ""Not_mentioned"", ""atmosphere"": ""Positive""}, ""problems"": [], ""economic_signals"": {""price_perception"": ""Not_mentioned"", ""recommendation"": ""Yes"", ""revisit_intention"": ""Not_mentioned""}, ""keywords"": [""fantastic"", ""architecture"", ""magical"", ""splendour"", ""must do""]}"
7546,"{""overall_sentiment"": ""Positive"", ""sentiment_score"": 4, ""emotional_tone"": ""Joy"", ""aspects"": {""safety"": ""Not_mentioned"", ""pricing"": ""Neutral"", ""service"": ""Neutral"", ""cleanliness"": ""Not_mentioned"", ""atmosphere"": ""Positive""}, ""problems"": [""Navigation_difficulty""], ""economic_signals"": {""price_perception"": ""Not_mentioned"", ""recommendation"": ""Yes"", ""revisit_intention"": ""Not_mentioned""}, ""keywords"": [""excellent fun"", ""explore"", ""haggling"", ""get lost"", ""souks""]}"
4568,"{""overall_sentiment"": ""Negative"", ""sentiment_score"": 2, ""emotional_tone"": ""Sadness"", ""aspects"": {""safety"": ""Not_mentioned"", ""pricing"": ""Not_mentioned"", ""service"": ""Negative"", ""cleanliness"": ""Not_mentioned"", ""atmosphere"": ""Negative""}, ""problems"": [""Other""], ""economic_signals"": {""price_perception"": ""Not_mentioned"", ""recommendation"": ""No"", ""revisit_intention"": ""Not_mentioned""}, ""keywords"": [""animal abuse"", ""monkeys"", ""sadness"", ""responsible traveler"", ""avoid""]}"
4403,"{""overall_sentiment"": ""Negative"", ""sentiment_score"": 2, ""emotional_tone"": ""Frustration"", ""aspects"": {""safety"": ""Not_mentioned"", ""pricing"": ""Not_mentioned"", ""service"": ""Negative"", ""cleanliness"": ""Not_mentioned"", ""atmosphere"": ""Negative""}, ""problems"": [""Aggressive_vendors"", ""Overcrowding""], ""economic_signals"": {""price_perception"": ""Not_mentioned"", ""recommendation"": ""No"", ""revisit_intention"": ""Not_mentioned""}, ""keywords"": [""hassle"", ""calling"", ""following"", ""put off"", ""chilled atmosphere""]}"
10850,"{""overall_sentiment"": ""Negative"", ""sentiment_score"": 1, ""emotional_tone"": ""Frustration"", ""aspects"": {""safety"": ""Not_mentioned"", ""pricing"": ""Negative"", ""service"": ""Negative"", ""cleanliness"": ""Negative"", ""atmosphere"": ""Negative""}, ""problems"": [""Poor_condition"", ""High_prices"", ""Other""], ""economic_signals"": {""price_perception"": ""Expensive"", ""recommendation"": ""No"", ""revisit_intention"": ""Not_mentioned""}, ""keywords"": [""neglected"", ""expensive"", ""no guide"", ""no signs"", ""not recommend""]}"
5345,"{""overall_sentiment"": ""Positive"", ""sentiment_score"": 4, ""emotional_tone"": ""Joy"", ""aspects"": {""safety"": ""Not_mentioned"", ""pricing"": ""Not_mentioned"", ""service"": ""Not_mentioned"", ""cleanliness"": ""Not_mentioned"", ""atmosphere"": ""Positive""}, ""problems"": [""Navigation_difficulty""], ""economic_signals"": {""price_perception"": ""Not_mentioned"", ""recommendation"": ""Yes"", ""revisit_intention"": ""Not_mentioned""}, ""keywords"": [""get lost"", ""discover"", ""flavours"", ""Moroccan life"", ""ancient city""]}"
6123,"{""overall_sentiment"": ""Neutral"", ""sentiment_score"": 3, ""emotional_tone"": ""Neutral"", ""aspects"": {""safety"": ""Not_mentioned"", ""pricing"": ""Not_mentioned"", ""service"": ""Not_mentioned"", ""cleanliness"": ""Not_mentioned"", ""atmosphere"": ""Neutral""}, ""problems"": [], ""economic_signals"": {""price_perception"": ""Not_mentioned"", ""recommendation"": ""Not_mentioned"", ""revisit_intention"": ""Not_mentioned""}, ""keywords"": [""market"", ""shopping"", ""eating"", ""hidden"", ""tourists""]}"
3555,"{""overall_sentiment"": ""Positive"", ""sentiment_score"": 5, ""emotional_tone"": ""Joy"", ""aspects"": {""safety"": ""Not_mentioned"", ""pricing"": ""Not_mentioned"", ""service"": ""Not_mentioned"", ""cleanliness"": ""Neutral"", ""atmosphere"": ""Positive""}, ""problems"": [], ""economic_signals"": {""price_perception"": ""Not_mentioned"", ""recommendation"": ""Yes"", ""revisit_intention"": ""Not_mentioned""}, ""keywords"": [""hustle bustle"", ""market"", ""souks"", ""amazing experience"", ""vibrant""]}"
2113,"{""overall_sentiment"": ""Neutral"", ""sentiment_score"": 3, ""emotional_tone"": ""Surprise"", ""aspects"": {""safety"": ""Not_mentioned"", ""pricing"": ""Not_mentioned"", ""service"": ""Not_mentioned"", ""cleanliness"": ""Not_mentioned"", ""atmosphere"": ""Neutral""}, ""problems"": [""Other""], ""economic_signals"": {""price_perception"": ""Not_mentioned"", ""recommendation"": ""Yes"", ""revisit_intention"": ""Not_mentioned""}, ""keywords"": [""must"", ""unique experience"", ""excited"", ""exhausted"", ""limit""]}"
5087,"{""overall_sentiment"": ""Neutral"", ""sentiment_score"": 3, ""emotional_tone"": ""Neutral"", ""aspects"": {""safety"": ""Not_mentioned"", ""pricing"": ""Not_mentioned"", ""service"": ""Not_mentioned"", ""cleanliness"": ""Not_mentioned"", ""atmosphere"": ""Neutral""}, ""problems"": [], ""economic_signals"": {""price_perception"": ""Not_mentioned"", ""recommendation"": ""Not_mentioned"", ""revisit_intention"": ""Not_mentioned""}, ""keywords"": [""walled city"", ""interesting"", ""explore"", ""easy access"", ""taxi""]}"
8127,"{""overall_sentiment"": ""Negative"", ""sentiment_score"": 2, ""emotional_tone"": ""Disgust"", ""aspects"": {""safety"": ""Negative"", ""pricing"": ""Not_mentioned"", ""service"": ""Negative"", ""cleanliness"": ""Negative"", ""atmosphere"": ""Negative""}, ""problems"": [""Bad_smell"", ""Poor_cleanliness"", ""Safety""], ""economic_signals"": {""price_perception"": ""Not_mentioned"", ""recommendation"": ""Yes"", ""revisit_intention"": ""No""}, ""keywords"": [""dirty"", ""messy"", ""smelly"", ""spitting"", ""unwelcoming""]}"
